ISO-10303-21;
HEADER;
FILE_DESCRIPTION (( 'STEP AP203' ),
    '1' );
FILE_NAME ('072-93105.STEP',
    '2026-04-28T13:31:29',
    ( '' ),
    ( '' ),
    'SwSTEP 2.0',
    'SolidWorks 2025',
    '' );
FILE_SCHEMA (( 'CONFIG_CONTROL_DESIGN' ));
ENDSEC;

DATA;
#1 = DIRECTION ( 'NONE',  ( -0.000000000000000000, -1.000000000000000000, -0.000000000000000000 ) ) ;
#2 = DIRECTION ( 'NONE',  ( 0.000000000000000000, 0.000000000000000000, 1.000000000000000000 ) ) ;
#3 = ORIENTED_EDGE ( 'NONE', *, *, #655, .T. ) ;
#4 = ORIENTED_EDGE ( 'NONE', *, *, #1251, .F. ) ;
#5 = EDGE_CURVE ( 'NONE', #1677, #1467, #20, .T. ) ;
#6 = COORDINATED_UNIVERSAL_TIME_OFFSET ( 1, 0, .AHEAD. ) ;
#7 = ORIENTED_EDGE ( 'NONE', *, *, #479, .F. ) ;
#8 = FACE_OUTER_BOUND ( 'NONE', #159, .T. ) ;
#9 = AXIS2_PLACEMENT_3D ( 'NONE', #677, #1889, #1744 ) ;
#10 = DIRECTION ( 'NONE',  ( 0.000000000000000000, 0.000000000000000000, 1.000000000000000000 ) ) ;
#11 = DIRECTION ( 'NONE',  ( 0.000000000000000000, 1.000000000000000000, 0.000000000000000000 ) ) ;
#12 = CARTESIAN_POINT ( 'NONE',  ( -6.215167269729704458E-11, 0.000000000000000000, 172.0000000000985949 ) ) ;
#13 = EDGE_LOOP ( 'NONE', ( #1510, #254, #509, #666 ) ) ;
#14 = AXIS2_PLACEMENT_3D ( 'NONE', #1599, #705, #1152 ) ;
#15 = AXIS2_PLACEMENT_3D ( 'NONE', #556, #1446, #529 ) ;
#16 = PERSON_AND_ORGANIZATION ( #1286, #971 ) ;
#17 = CARTESIAN_POINT ( 'NONE',  ( -290.6300325726267033, 24.00000000000000000, 526.5721301330198685 ) ) ;
#18 = FACE_OUTER_BOUND ( 'NONE', #402, .T. ) ;
#19 = ADVANCED_FACE ( 'NONE', ( #1892 ), #115, .F. ) ;
#20 = CIRCLE ( 'NONE', #56, 792.3123076478483426 ) ;
#21 = AXIS2_PLACEMENT_3D ( 'NONE', #1627, #1466, #1329 ) ;
#22 = DIRECTION ( 'NONE',  ( 0.000000000000000000, 0.000000000000000000, -1.000000000000000000 ) ) ;
#23 = AXIS2_PLACEMENT_3D ( 'NONE', #826, #988, #228 ) ;
#24 = DIRECTION ( 'NONE',  ( 0.000000000000000000, 0.000000000000000000, -1.000000000000000000 ) ) ;
#25 = DIRECTION ( 'NONE',  ( 0.000000000000000000, 1.000000000000000000, 0.000000000000000000 ) ) ;
#26 = ORIENTED_EDGE ( 'NONE', *, *, #1553, .T. ) ;
#27 = VERTEX_POINT ( 'NONE', #723 ) ;
#28 = APPROVAL_STATUS ( 'not_yet_approved' ) ;
#29 = CARTESIAN_POINT ( 'NONE',  ( 72.25018874799306445, 0.000000000000000000, 196.9057300928063512 ) ) ;
#30 = VERTEX_POINT ( 'NONE', #1160 ) ;
#31 = FACE_OUTER_BOUND ( 'NONE', #1130, .T. ) ;
#32 = EDGE_CURVE ( 'NONE', #222, #335, #466, .T. ) ;
#33 = EDGE_CURVE ( 'NONE', #621, #291, #868, .T. ) ;
#34 = CARTESIAN_POINT ( 'NONE',  ( -299.2214713064620355, 0.000000000000000000, 650.5470603162831367 ) ) ;
#35 = LINE ( 'NONE', #1096, #1403 ) ;
#36 = CARTESIAN_POINT ( 'NONE',  ( -69.63393225881009130, 0.000000000000000000, 208.8601044515525871 ) ) ;
#37 = ORIENTED_EDGE ( 'NONE', *, *, #180, .F. ) ;
#38 = DIRECTION ( 'NONE',  ( 0.000000000000000000, 0.000000000000000000, 1.000000000000000000 ) ) ;
#39 = DIRECTION ( 'NONE',  ( 0.000000000000000000, 0.000000000000000000, -1.000000000000000000 ) ) ;
#40 = ORIENTED_EDGE ( 'NONE', *, *, #498, .T. ) ;
#41 = VERTEX_POINT ( 'NONE', #29 ) ;
#42 = DIRECTION ( 'NONE',  ( -0.000000000000000000, -1.000000000000000000, -0.000000000000000000 ) ) ;
#43 = EDGE_CURVE ( 'NONE', #1438, #1888, #366, .T. ) ;
#44 = FACE_OUTER_BOUND ( 'NONE', #1031, .T. ) ;
#45 = EDGE_CURVE ( 'NONE', #216, #1631, #525, .T. ) ;
#46 = CIRCLE ( 'NONE', #1143, 120.2498285303336161 ) ;
#47 = DIRECTION ( 'NONE',  ( 0.000000000000000000, 0.000000000000000000, 1.000000000000000000 ) ) ;
#48 = CARTESIAN_POINT ( 'NONE',  ( -74.71501755549483903, -3.000000000000000000, 984.2446062308910086 ) ) ;
#49 = ORIENTED_EDGE ( 'NONE', *, *, #1386, .F. ) ;
#50 = LOCAL_TIME ( 15, 31, 29.00000000000000000, #292 ) ;
#51 = EDGE_CURVE ( 'NONE', #621, #1207, #1752, .T. ) ;
#52 = DIRECTION ( 'NONE',  ( 0.000000000000000000, 1.000000000000000000, 0.000000000000000000 ) ) ;
#53 = VERTEX_POINT ( 'NONE', #344 ) ;
#54 = DIRECTION ( 'NONE',  ( 0.000000000000000000, 0.000000000000000000, 1.000000000000000000 ) ) ;
#55 = CYLINDRICAL_SURFACE ( 'NONE', #817, 503.8659570692331044 ) ;
#56 = AXIS2_PLACEMENT_3D ( 'NONE', #1738, #97, #1147 ) ;
#57 = CARTESIAN_POINT ( 'NONE',  ( -6.215167269729704458E-11, 24.00000000000000000, 289.2498285303523744 ) ) ;
#58 = VERTEX_POINT ( 'NONE', #1850 ) ;
#59 = AXIS2_PLACEMENT_3D ( 'NONE', #1829, #1370, #24 ) ;
#60 = EDGE_CURVE ( 'NONE', #1894, #343, #1705, .T. ) ;
#61 = CARTESIAN_POINT ( 'NONE',  ( 290.6300325727568179, 0.000000000000000000, 651.4278698671915890 ) ) ;
#62 = ORIENTED_EDGE ( 'NONE', *, *, #878, .T. ) ;
#63 = EDGE_LOOP ( 'NONE', ( #312, #942, #759, #697 ) ) ;
#64 = ORIENTED_EDGE ( 'NONE', *, *, #702, .T. ) ;
#65 = DIRECTION ( 'NONE',  ( 0.000000000000000000, 0.000000000000000000, 1.000000000000000000 ) ) ;
#66 = AXIS2_PLACEMENT_3D ( 'NONE', #582, #427, #1155 ) ;
#67 = CARTESIAN_POINT ( 'NONE',  ( -6.215167269729704458E-11, 24.00000000000000000, 289.2498285303523744 ) ) ;
#68 = ORIENTED_EDGE ( 'NONE', *, *, #959, .T. ) ;
#69 = VERTEX_POINT ( 'NONE', #954 ) ;
#70 = EDGE_CURVE ( 'NONE', #1438, #168, #1549, .T. ) ;
#71 = DIRECTION ( 'NONE',  ( 0.000000000000000000, 1.000000000000000000, 0.000000000000000000 ) ) ;
#72 = CARTESIAN_POINT ( 'NONE',  ( -74.09881035348628586, 24.00000000000000000, 194.5429778501424494 ) ) ;
#73 = CARTESIAN_POINT ( 'NONE',  ( -74.09881035348628586, 24.00000000000000000, 194.5429778501424494 ) ) ;
#74 = DIRECTION ( 'NONE',  ( -0.000000000000000000, -1.000000000000000000, -0.000000000000000000 ) ) ;
#75 = VERTEX_POINT ( 'NONE', #1558 ) ;
#76 = AXIS2_PLACEMENT_3D ( 'NONE', #306, #1348, #915 ) ;
#77 = CARTESIAN_POINT ( 'NONE',  ( 72.25018874799306445, 24.00000000000000000, 196.9057300928063512 ) ) ;
#78 = VERTEX_POINT ( 'NONE', #1247 ) ;
#79 = ORIENTED_EDGE ( 'NONE', *, *, #1629, .T. ) ;
#80 = AXIS2_PLACEMENT_3D ( 'NONE', #350, #1721, #680 ) ;
#81 = CYLINDRICAL_SURFACE ( 'NONE', #1806, 121.2498285303527155 ) ;
#82 = CIRCLE ( 'NONE', #1747, 302.1492120702567945 ) ;
#83 = ORIENTED_EDGE ( 'NONE', *, *, #418, .T. ) ;
#84 = EDGE_CURVE ( 'NONE', #921, #1631, #1400, .T. ) ;
#85 = DIRECTION ( 'NONE',  ( 0.000000000000000000, 0.000000000000000000, 1.000000000000000000 ) ) ;
#86 = CIRCLE ( 'NONE', #1875, 302.1492120700707460 ) ;
#87 = CARTESIAN_POINT ( 'NONE',  ( -290.6300325729038718, -3.000000000000000000, 651.4278698671116672 ) ) ;
#88 = ORIENTED_EDGE ( 'NONE', *, *, #766, .T. ) ;
#89 = EDGE_LOOP ( 'NONE', ( #786, #1407, #518, #293 ) ) ;
#90 = AXIS2_PLACEMENT_3D ( 'NONE', #1176, #1484, #132 ) ;
#91 = FACE_OUTER_BOUND ( 'NONE', #1642, .T. ) ;
#92 = DIRECTION ( 'NONE',  ( 0.000000000000000000, 1.000000000000000000, 0.000000000000000000 ) ) ;
#93 = EDGE_CURVE ( 'NONE', #75, #78, #724, .T. ) ;
#94 = EDGE_CURVE ( 'NONE', #867, #1478, #120, .T. ) ;
#95 = DIRECTION ( 'NONE',  ( 0.000000000000000000, 0.000000000000000000, 1.000000000000000000 ) ) ;
#96 = LINE ( 'NONE', #1145, #492 ) ;
#97 = DIRECTION ( 'NONE',  ( 0.000000000000000000, 1.000000000000000000, 0.000000000000000000 ) ) ;
#98 = ORIENTED_EDGE ( 'NONE', *, *, #5, .T. ) ;
#99 = ORIENTED_EDGE ( 'NONE', *, *, #1494, .F. ) ;
#100 = CYLINDRICAL_SURFACE ( 'NONE', #1001, 504.8659570695051002 ) ;
#101 = CARTESIAN_POINT ( 'NONE',  ( 201.5410835394919502, 24.00000000000000000, 418.6439356783470203 ) ) ;
#102 = CARTESIAN_POINT ( 'NONE',  ( -1.176489461407343651E-10, 0.000000000000000000, 888.7501714698312298 ) ) ;
#103 = DIRECTION ( 'NONE',  ( 0.000000000000000000, 1.000000000000000000, -0.000000000000000000 ) ) ;
#104 = CARTESIAN_POINT ( 'NONE',  ( -72.25018874836233351, 24.00000000000000000, 981.0942699073337963 ) ) ;
#105 = ORIENTED_EDGE ( 'NONE', *, *, #1709, .T. ) ;
#106 = ORIENTED_EDGE ( 'NONE', *, *, #1435, .F. ) ;
#107 = ORIENTED_EDGE ( 'NONE', *, *, #1100, .F. ) ;
#108 = EDGE_CURVE ( 'NONE', #1868, #928, #590, .T. ) ;
#109 = CIRCLE ( 'NONE', #968, 504.8659570695052139 ) ;
#110 = APPROVAL_PERSON_ORGANIZATION ( #16, #1518, #445 ) ;
#111 = DIRECTION ( 'NONE',  ( -0.000000000000000000, -1.000000000000000000, -0.000000000000000000 ) ) ;
#112 = APPROVAL_PERSON_ORGANIZATION ( #1129, #1552, #463 ) ;
#113 = FACE_BOUND ( 'NONE', #1488, .T. ) ;
#114 = AXIS2_PLACEMENT_3D ( 'NONE', #34, #1692, #1065 ) ;
#115 = CYLINDRICAL_SURFACE ( 'NONE', #1906, 500.8659570695084540 ) ;
#116 = AXIS2_PLACEMENT_3D ( 'NONE', #184, #1223, #631 ) ;
#117 = CYLINDRICAL_SURFACE ( 'NONE', #1372, 503.8659570693220076 ) ;
#118 = ORIENTED_EDGE ( 'NONE', *, *, #60, .T. ) ;
#119 = EDGE_CURVE ( 'NONE', #335, #1649, #1597, .T. ) ;
#120 = CIRCLE ( 'NONE', #1786, 298.1492120700647206 ) ;
#121 = FACE_OUTER_BOUND ( 'NONE', #1236, .T. ) ;
#122 = FACE_OUTER_BOUND ( 'NONE', #1784, .T. ) ;
#123 = CARTESIAN_POINT ( 'NONE',  ( -290.6300325729038718, 24.00000000000000000, 651.4278698671116672 ) ) ;
#124 = LINE ( 'NONE', #1445, #1127 ) ;
#125 = FACE_OUTER_BOUND ( 'NONE', #282, .T. ) ;
#126 = ORIENTED_EDGE ( 'NONE', *, *, #1376, .F. ) ;
#127 = VERTEX_POINT ( 'NONE', #1374 ) ;
#128 = DIRECTION ( 'NONE',  ( 0.000000000000000000, 0.000000000000000000, -1.000000000000000000 ) ) ;
#129 = CC_DESIGN_PERSON_AND_ORGANIZATION_ASSIGNMENT ( #1937, #1051, ( #902 ) ) ;
#130 = DIRECTION ( 'NONE',  ( 0.000000000000000000, 1.000000000000000000, 0.000000000000000000 ) ) ;
#131 = ADVANCED_FACE ( 'NONE', ( #1538 ), #644, .F. ) ;
#132 = DIRECTION ( 'NONE',  ( 0.000000000000000000, 0.000000000000000000, -1.000000000000000000 ) ) ;
#133 = DIRECTION ( 'NONE',  ( 0.000000000000000000, 1.000000000000000000, -0.000000000000000000 ) ) ;
#134 = ORIENTED_EDGE ( 'NONE', *, *, #1653, .F. ) ;
#135 = PERSON_AND_ORGANIZATION ( #1286, #971 ) ;
#136 = VERTEX_POINT ( 'NONE', #315 ) ;
#137 = CARTESIAN_POINT ( 'NONE',  ( -111.4715029354905482, 0.000000000000000000, 746.2766967510176528 ) ) ;
#138 = AXIS2_PLACEMENT_3D ( 'NONE', #865, #1453, #1766 ) ;
#139 = DIRECTION ( 'NONE',  ( 0.000000000000000000, 1.000000000000000000, -0.000000000000000000 ) ) ;
#140 = CARTESIAN_POINT ( 'NONE',  ( -72.25018874836233351, 24.00000000000000000, 981.0942699073337963 ) ) ;
#141 = CIRCLE ( 'NONE', #1359, 117.2498285302537369 ) ;
#142 = ADVANCED_FACE ( 'NONE', ( #324 ), #1844, .T. ) ;
#143 = DIRECTION ( 'NONE',  ( 0.000000000000000000, 0.000000000000000000, 1.000000000000000000 ) ) ;
#144 = AXIS2_PLACEMENT_3D ( 'NONE', #1165, #568, #1471 ) ;
#145 = CIRCLE ( 'NONE', #175, 109.9534663218919519 ) ;
#146 = FACE_OUTER_BOUND ( 'NONE', #1733, .T. ) ;
#147 = DIRECTION ( 'NONE',  ( -0.000000000000000000, -1.000000000000000000, -0.000000000000000000 ) ) ;
#148 = ORIENTED_EDGE ( 'NONE', *, *, #1088, .F. ) ;
#149 = AXIS2_PLACEMENT_3D ( 'NONE', #357, #92, #972 ) ;
#150 = DATE_AND_TIME ( #913, #745 ) ;
#151 = CYLINDRICAL_SURFACE ( 'NONE', #298, 797.7728267964458837 ) ;
#152 = VERTEX_POINT ( 'NONE', #1698 ) ;
#153 = CARTESIAN_POINT ( 'NONE',  ( -74.09881035348628586, 0.000000000000000000, 194.5429778501424494 ) ) ;
#154 = EDGE_CURVE ( 'NONE', #765, #733, #1361, .T. ) ;
#155 = FACE_OUTER_BOUND ( 'NONE', #490, .T. ) ;
#156 = CARTESIAN_POINT ( 'NONE',  ( 154.6804128136138274, 24.00000000000000000, 290.8190603264903871 ) ) ;
#157 = ORIENTED_EDGE ( 'NONE', *, *, #1140, .T. ) ;
#158 = CIRCLE ( 'NONE', #1762, 302.1492120700640385 ) ;
#159 = EDGE_LOOP ( 'NONE', ( #473, #178, #434, #387 ) ) ;
#160 = LINE ( 'NONE', #346, #232 ) ;
#161 = CARTESIAN_POINT ( 'NONE',  ( 198.6107142068929079, 0.000000000000000000, 419.2865363121496216 ) ) ;
#162 = CARTESIAN_POINT ( 'NONE',  ( -299.2214713067534717, 0.000000000000000000, 527.4529396838108823 ) ) ;
#163 = ORIENTED_EDGE ( 'NONE', *, *, #1190, .F. ) ;
#164 = ORIENTED_EDGE ( 'NONE', *, *, #51, .F. ) ;
#165 = DATE_AND_TIME ( #283, #359 ) ;
#166 = EDGE_CURVE ( 'NONE', #1467, #1607, #339, .T. ) ;
#167 = DIRECTION ( 'NONE',  ( 0.000000000000000000, 1.000000000000000000, 0.000000000000000000 ) ) ;
#168 = VERTEX_POINT ( 'NONE', #965 ) ;
#169 = CARTESIAN_POINT ( 'NONE',  ( -201.5410835396000948, 0.000000000000000000, 418.6439356781860965 ) ) ;
#170 = AXIS2_PLACEMENT_3D ( 'NONE', #1101, #1366, #1542 ) ;
#171 = CARTESIAN_POINT ( 'NONE',  ( -1.632236013016097331E-10, 0.000000000000000000, 884.0465336781118140 ) ) ;
#172 = DIRECTION ( 'NONE',  ( 0.000000000000000000, 0.000000000000000000, 1.000000000000000000 ) ) ;
#173 = CARTESIAN_POINT ( 'NONE',  ( -201.5410835396159825, 24.00000000000000000, 759.3560643220004067 ) ) ;
#174 = ORIENTED_EDGE ( 'NONE', *, *, #297, .T. ) ;
#175 = AXIS2_PLACEMENT_3D ( 'NONE', #171, #470, #663 ) ;
#176 = CARTESIAN_POINT ( 'NONE',  ( 155.5642003351313463, -3.000000000000000000, 887.6488281399233529 ) ) ;
#177 = FACE_OUTER_BOUND ( 'NONE', #1416, .T. ) ;
#178 = ORIENTED_EDGE ( 'NONE', *, *, #627, .F. ) ;
#179 = VECTOR ( 'NONE', #848, 1000.000000000000000 ) ;
#180 = EDGE_CURVE ( 'NONE', #1607, #1415, #183, .T. ) ;
#181 = CARTESIAN_POINT ( 'NONE',  ( 111.4715029351398243, 24.00000000000000000, 431.7233032491515132 ) ) ;
#182 = AXIS2_PLACEMENT_3D ( 'NONE', #1238, #352, #1670 ) ;
#183 = CIRCLE ( 'NONE', #1465, 298.1492120700651753 ) ;
#184 = CARTESIAN_POINT ( 'NONE',  ( 111.4715029353556872, 24.00000000000000000, 746.2766967510650602 ) ) ;
#185 = CIRCLE ( 'NONE', #341, 121.2498285302573464 ) ;
#186 = DIRECTION ( 'NONE',  ( 0.000000000000000000, 1.000000000000000000, 0.000000000000000000 ) ) ;
#187 = CARTESIAN_POINT ( 'NONE',  ( 74.71501755537495626, -3.000000000000000000, 984.2446062308065393 ) ) ;
#188 = EDGE_LOOP ( 'NONE', ( #637, #1016, #1353, #1171 ) ) ;
#189 = DIRECTION ( 'NONE',  ( 0.000000000000000000, 1.000000000000000000, 0.000000000000000000 ) ) ;
#190 = CYLINDRICAL_SURFACE ( 'NONE', #618, 109.9534663218919519 ) ;
#191 = VERTEX_POINT ( 'NONE', #623 ) ;
#192 = CYLINDRICAL_SURFACE ( 'NONE', #1423, 121.2498285302573464 ) ;
#193 = DIRECTION ( 'NONE',  ( -0.000000000000000000, -1.000000000000000000, -0.000000000000000000 ) ) ;
#194 = EDGE_CURVE ( 'NONE', #1150, #921, #1820, .T. ) ;
#195 = EDGE_CURVE ( 'NONE', #1415, #41, #372, .T. ) ;
#196 = DIRECTION ( 'NONE',  ( 0.000000000000000000, 1.000000000000000000, 0.000000000000000000 ) ) ;
#197 = CARTESIAN_POINT ( 'NONE',  ( -144.9569696703039767, -3.000000000000000000, 302.6217536195001685 ) ) ;
#198 = CARTESIAN_POINT ( 'NONE',  ( -299.2214713067534717, -3.000000000000000000, 527.4529396838108823 ) ) ;
#199 = ORIENTED_EDGE ( 'NONE', *, *, #444, .F. ) ;
#200 = DIRECTION ( 'NONE',  ( 0.000000000000000000, 1.000000000000000000, 0.000000000000000000 ) ) ;
#201 = ORIENTED_EDGE ( 'NONE', *, *, #957, .T. ) ;
#202 = CARTESIAN_POINT ( 'NONE',  ( 111.4715029353556872, 0.000000000000000000, 746.2766967510650602 ) ) ;
#203 = EDGE_CURVE ( 'NONE', #69, #1438, #692, .T. ) ;
#204 = DIRECTION ( 'NONE',  ( 0.000000000000000000, 0.000000000000000000, -1.000000000000000000 ) ) ;
#205 = EDGE_CURVE ( 'NONE', #635, #1219, #247, .T. ) ;
#206 = AXIS2_PLACEMENT_3D ( 'NONE', #181, #193, #1230 ) ;
#207 = ORIENTED_EDGE ( 'NONE', *, *, #93, .F. ) ;
#208 = DIRECTION ( 'NONE',  ( 0.000000000000000000, 0.000000000000000000, -1.000000000000000000 ) ) ;
#209 = VERTEX_POINT ( 'NONE', #1342 ) ;
#210 = AXIS2_PLACEMENT_3D ( 'NONE', #1608, #884, #593 ) ;
#211 = DIRECTION ( 'NONE',  ( 0.000000000000000000, 0.000000000000000000, -1.000000000000000000 ) ) ;
#212 = CARTESIAN_POINT ( 'NONE',  ( -111.4715029354905482, 0.000000000000000000, 746.2766967510176528 ) ) ;
#213 = ORIENTED_EDGE ( 'NONE', *, *, #51, .T. ) ;
#214 = ADVANCED_FACE ( 'NONE', ( #1912 ), #1616, .T. ) ;
#215 = EDGE_LOOP ( 'NONE', ( #1540, #4, #643, #855 ) ) ;
#216 = VERTEX_POINT ( 'NONE', #1038 ) ;
#217 = DIRECTION ( 'NONE',  ( -0.000000000000000000, -1.000000000000000000, -0.000000000000000000 ) ) ;
#218 = CYLINDRICAL_SURFACE ( 'NONE', #400, 120.2498285302573464 ) ;
#219 = DIRECTION ( 'NONE',  ( 0.000000000000000000, 0.000000000000000000, 1.000000000000000000 ) ) ;
#220 = CYLINDRICAL_SURFACE ( 'NONE', #907, 503.8659570695125467 ) ;
#221 = ORIENTED_EDGE ( 'NONE', *, *, #119, .T. ) ;
#222 = VERTEX_POINT ( 'NONE', #1638 ) ;
#223 = ORIENTED_EDGE ( 'NONE', *, *, #484, .F. ) ;
#224 = EDGE_CURVE ( 'NONE', #794, #1180, #1789, .T. ) ;
#225 = DIRECTION ( 'NONE',  ( 0.000000000000000000, 0.000000000000000000, -1.000000000000000000 ) ) ;
#226 = DIRECTION ( 'NONE',  ( 0.000000000000000000, 0.000000000000000000, 1.000000000000000000 ) ) ;
#227 = EDGE_CURVE ( 'NONE', #1180, #1845, #1600, .T. ) ;
#228 = DIRECTION ( 'NONE',  ( 0.000000000000000000, 0.000000000000000000, 1.000000000000000000 ) ) ;
#229 = MECHANICAL_CONTEXT ( 'NONE', #1625, 'mechanical' ) ;
#230 = FACE_OUTER_BOUND ( 'NONE', #815, .T. ) ;
#231 = VERTEX_POINT ( 'NONE', #596 ) ;
#232 = VECTOR ( 'NONE', #1202, 1000.000000000000000 ) ;
#233 = DIRECTION ( 'NONE',  ( 0.000000000000000000, 0.000000000000000000, 1.000000000000000000 ) ) ;
#234 = VERTEX_POINT ( 'NONE', #1782 ) ;
#235 = CIRCLE ( 'NONE', #80, 795.3123076478383382 ) ;
#236 = CARTESIAN_POINT ( 'NONE',  ( -592.7727143276825927, -3.000000000000000000, 588.9999999999820375 ) ) ;
#237 = ADVANCED_FACE ( 'NONE', ( #1923, #1179 ), #1934, .T. ) ;
#238 = EDGE_CURVE ( 'NONE', #368, #1459, #629, .T. ) ;
#239 = AXIS2_PLACEMENT_3D ( 'NONE', #1425, #1592, #1604 ) ;
#240 = VERTEX_POINT ( 'NONE', #877 ) ;
#241 = DIRECTION ( 'NONE',  ( 0.000000000000000000, 1.000000000000000000, 0.000000000000000000 ) ) ;
#242 = FACE_OUTER_BOUND ( 'NONE', #382, .T. ) ;
#243 = ORIENTED_EDGE ( 'NONE', *, *, #1575, .F. ) ;
#244 = CLOSED_SHELL ( 'NONE', ( #946, #1233, #678, #833, #1919, #142, #899, #871, #1109, #1042, #1916, #1480, #286, #214, #1075, #1835, #356, #929, #832, #131, #336, #576, #251, #1526, #269, #1305, #19, #1131 ) ) ;
#245 = ORIENTED_EDGE ( 'NONE', *, *, #431, .T. ) ;
#246 = EDGE_LOOP ( 'NONE', ( #1476, #1905, #1695, #1105, #675, #1878, #1771, #1743, #914, #1151, #861, #504, #1317 ) ) ;
#247 = CIRCLE ( 'NONE', #1217, 504.8659570692331044 ) ;
#248 = CARTESIAN_POINT ( 'NONE',  ( -111.4715029352956037, -3.000000000000000000, 431.7233032491425320 ) ) ;
#249 = CYLINDRICAL_SURFACE ( 'NONE', #1690, 290.9240958287997501 ) ;
#250 = LINE ( 'NONE', #513, #1034 ) ;
#251 = ADVANCED_FACE ( 'NONE', ( #125 ), #1496, .F. ) ;
#252 = DIRECTION ( 'NONE',  ( 0.000000000000000000, 0.000000000000000000, 1.000000000000000000 ) ) ;
#253 = VERTEX_POINT ( 'NONE', #1475 ) ;
#254 = ORIENTED_EDGE ( 'NONE', *, *, #1679, .F. ) ;
#255 = CARTESIAN_POINT ( 'NONE',  ( -111.4715029352956037, 0.000000000000000000, 431.7233032491425320 ) ) ;
#256 = CARTESIAN_POINT ( 'NONE',  ( 155.5642003351313463, -3.000000000000000000, 887.6488281399233529 ) ) ;
#257 = ORIENTED_EDGE ( 'NONE', *, *, #1474, .T. ) ;
#258 = DIRECTION ( 'NONE',  ( 0.000000000000000000, 1.000000000000000000, 0.000000000000000000 ) ) ;
#259 = DIRECTION ( 'NONE',  ( 0.000000000000000000, 0.000000000000000000, -1.000000000000000000 ) ) ;
#260 = ADVANCED_FACE ( 'NONE', ( #1169 ), #740, .T. ) ;
#261 = CARTESIAN_POINT ( 'NONE',  ( 592.7727143283174200, 0.000000000000000000, 588.9999999999979536 ) ) ;
#262 = ORIENTED_EDGE ( 'NONE', *, *, #1270, .T. ) ;
#263 = CIRCLE ( 'NONE', #575, 500.8659570693214391 ) ;
#264 = CARTESIAN_POINT ( 'NONE',  ( 290.6300325727568179, -3.000000000000000000, 651.4278698671915890 ) ) ;
#265 = CARTESIAN_POINT ( 'NONE',  ( -114.6093613730944440, -3.000000000000000000, 434.0072525249416344 ) ) ;
#266 = DIRECTION ( 'NONE',  ( 0.000000000000000000, -1.000000000000000000, 0.000000000000000000 ) ) ;
#267 = CIRCLE ( 'NONE', #1033, 301.1492120702758939 ) ;
#268 = AXIS2_PLACEMENT_3D ( 'NONE', #1855, #1710, #85 ) ;
#269 = ADVANCED_FACE ( 'NONE', ( #155 ), #1792, .F. ) ;
#270 = DIRECTION ( 'NONE',  ( 0.000000000000000000, 0.000000000000000000, 1.000000000000000000 ) ) ;
#271 = ORIENTED_EDGE ( 'NONE', *, *, #1449, .T. ) ;
#272 = CLOSED_SHELL ( 'NONE', ( #973, #1602, #1800, #309, #273, #688, #1751, #908, #1576, #750, #1117, #408, #260, #874, #237, #1352, #798, #1222, #319, #686, #847, #1613, #813, #584, #772, #1908, #1588, #1482 ) ) ;
#273 = ADVANCED_FACE ( 'NONE', ( #146 ), #1770, .T. ) ;
#274 = AXIS2_PLACEMENT_3D ( 'NONE', #1215, #1821, #460 ) ;
#275 = DIRECTION ( 'NONE',  ( 0.000000000000000000, 0.000000000000000000, -1.000000000000000000 ) ) ;
#276 = CIRCLE ( 'NONE', #90, 796.3123076478382245 ) ;
#277 = DIRECTION ( 'NONE',  ( 0.000000000000000000, 0.000000000000000000, 1.000000000000000000 ) ) ;
#278 = DIRECTION ( 'NONE',  ( 0.000000000000000000, 1.000000000000000000, 0.000000000000000000 ) ) ;
#279 = DIRECTION ( 'NONE',  ( 0.000000000000000000, 0.000000000000000000, 1.000000000000000000 ) ) ;
#280 = DIRECTION ( 'NONE',  ( 0.000000000000000000, 1.000000000000000000, 0.000000000000000000 ) ) ;
#281 = DIRECTION ( 'NONE',  ( 0.000000000000000000, 0.000000000000000000, 1.000000000000000000 ) ) ;
#282 = EDGE_LOOP ( 'NONE', ( #1216, #870, #734, #1812 ) ) ;
#283 = CALENDAR_DATE ( 2026, 28, 4 ) ;
#284 = ORIENTED_EDGE ( 'NONE', *, *, #205, .F. ) ;
#285 = LINE ( 'NONE', #1336, #1030 ) ;
#286 = ADVANCED_FACE ( 'NONE', ( #869 ), #117, .T. ) ;
#287 = CARTESIAN_POINT ( 'NONE',  ( -575.3118485171189604, -3.000000000000000000, 589.0000000000870841 ) ) ;
#288 = LINE ( 'NONE', #906, #880 ) ;
#289 = CARTESIAN_POINT ( 'NONE',  ( 290.6300325725773064, 24.00000000000000000, 526.5721301330062261 ) ) ;
#290 = DIRECTION ( 'NONE',  ( 0.000000000000000000, 1.000000000000000000, 0.000000000000000000 ) ) ;
#291 = VERTEX_POINT ( 'NONE', #1514 ) ;
#292 = COORDINATED_UNIVERSAL_TIME_OFFSET ( 1, 0, .AHEAD. ) ;
#293 = ORIENTED_EDGE ( 'NONE', *, *, #549, .T. ) ;
#294 = AXIS2_PLACEMENT_3D ( 'NONE', #1241, #1846, #1805 ) ;
#295 = EDGE_CURVE ( 'NONE', #1447, #1584, #1249, .T. ) ;
#296 = CARTESIAN_POINT ( 'NONE',  ( 69.63393225855918445, -3.000000000000000000, 969.1398955483957707 ) ) ;
#297 = EDGE_CURVE ( 'NONE', #209, #840, #35, .T. ) ;
#298 = AXIS2_PLACEMENT_3D ( 'NONE', #785, #1090, #1228 ) ;
#299 = VECTOR ( 'NONE', #328, 1000.000000000000000 ) ;
#300 = CARTESIAN_POINT ( 'NONE',  ( -290.6300325726267033, 24.00000000000000000, 526.5721301330198685 ) ) ;
#301 = FACE_OUTER_BOUND ( 'NONE', #1358, .T. ) ;
#302 = ORIENTED_EDGE ( 'NONE', *, *, #1410, .F. ) ;
#303 = CIRCLE ( 'NONE', #1460, 504.8659570693232581 ) ;
#304 = ORIENTED_EDGE ( 'NONE', *, *, #895, .F. ) ;
#305 = AXIS2_PLACEMENT_3D ( 'NONE', #464, #930, #1520 ) ;
#306 = CARTESIAN_POINT ( 'NONE',  ( 111.4715029351398243, -3.000000000000000000, 431.7233032491515132 ) ) ;
#307 = CIRCLE ( 'NONE', #1665, 121.2498285303308450 ) ;
#308 = CYLINDRICAL_SURFACE ( 'NONE', #1213, 302.1492120700639816 ) ;
#309 = ADVANCED_FACE ( 'NONE', ( #1103 ), #1681, .T. ) ;
#310 = DIRECTION ( 'NONE',  ( 0.000000000000000000, 0.000000000000000000, -1.000000000000000000 ) ) ;
#311 = CARTESIAN_POINT ( 'NONE',  ( 575.3118485169577525, -3.000000000000000000, 589.0000000001384706 ) ) ;
#312 = ORIENTED_EDGE ( 'NONE', *, *, #1435, .T. ) ;
#313 = ORIENTED_EDGE ( 'NONE', *, *, #613, .F. ) ;
#314 = PERSON_AND_ORGANIZATION_ROLE ( 'creator' ) ;
#315 = CARTESIAN_POINT ( 'NONE',  ( -6.215167269729704458E-11, 24.00000000000000000, 172.0000000000985949 ) ) ;
#316 = ORIENTED_EDGE ( 'NONE', *, *, #1947, .T. ) ;
#317 = LINE ( 'NONE', #1678, #1267 ) ;
#318 = CARTESIAN_POINT ( 'NONE',  ( -6.215167269729704458E-11, 24.00000000000000000, 169.0000000000950138 ) ) ;
#319 = ADVANCED_FACE ( 'NONE', ( #1224 ), #641, .F. ) ;
#320 = CARTESIAN_POINT ( 'NONE',  ( 114.6093613728562701, -3.000000000000000000, 743.9927474750454621 ) ) ;
#321 = DIRECTION ( 'NONE',  ( 0.000000000000000000, 1.000000000000000000, 0.000000000000000000 ) ) ;
#322 = ORIENTED_EDGE ( 'NONE', *, *, #1282, .T. ) ;
#323 = EDGE_CURVE ( 'NONE', #862, #854, #1755, .T. ) ;
#324 = FACE_OUTER_BOUND ( 'NONE', #63, .T. ) ;
#325 = ORIENTED_EDGE ( 'NONE', *, *, #1852, .F. ) ;
#326 = DIRECTION ( 'NONE',  ( -0.000000000000000000, -1.000000000000000000, -0.000000000000000000 ) ) ;
#327 = AXIS2_PLACEMENT_3D ( 'NONE', #1822, #1648, #1487 ) ;
#328 = DIRECTION ( 'NONE',  ( -0.000000000000000000, -1.000000000000000000, -0.000000000000000000 ) ) ;
#329 = DIRECTION ( 'NONE',  ( -0.000000000000000000, -1.000000000000000000, -0.000000000000000000 ) ) ;
#330 = DIRECTION ( 'NONE',  ( 0.000000000000000000, 1.000000000000000000, 0.000000000000000000 ) ) ;
#331 = ORIENTED_EDGE ( 'NONE', *, *, #523, .T. ) ;
#332 = CIRCLE ( 'NONE', #1062, 302.1492120702567945 ) ;
#333 = CC_DESIGN_DATE_AND_TIME_ASSIGNMENT ( #591, #1669, ( #902 ) ) ;
#334 = CARTESIAN_POINT ( 'NONE',  ( -290.6300325726267033, 0.000000000000000000, 526.5721301330198685 ) ) ;
#335 = VERTEX_POINT ( 'NONE', #197 ) ;
#336 = ADVANCED_FACE ( 'NONE', ( #481 ), #762, .F. ) ;
#337 = DIRECTION ( 'NONE',  ( 0.000000000000000000, 1.000000000000000000, 0.000000000000000000 ) ) ;
#338 = VECTOR ( 'NONE', #1089, 1000.000000000000000 ) ;
#339 = CIRCLE ( 'NONE', #1430, 500.8659570692332181 ) ;
#340 = CARTESIAN_POINT ( 'NONE',  ( -290.6300325726267033, 24.00000000000000000, 526.5721301330198685 ) ) ;
#341 = AXIS2_PLACEMENT_3D ( 'NONE', #731, #439, #709 ) ;
#342 = DIRECTION ( 'NONE',  ( 0.000000000000000000, 0.000000000000000000, -1.000000000000000000 ) ) ;
#343 = VERTEX_POINT ( 'NONE', #1387 ) ;
#344 = CARTESIAN_POINT ( 'NONE',  ( -201.5410835396159825, 0.000000000000000000, 759.3560643220004067 ) ) ;
#345 = ORIENTED_EDGE ( 'NONE', *, *, #295, .T. ) ;
#346 = CARTESIAN_POINT ( 'NONE',  ( -6.215167269729704458E-11, 24.00000000000000000, 172.0000000000985949 ) ) ;
#347 = EDGE_CURVE ( 'NONE', #78, #659, #787, .T. ) ;
#348 = CARTESIAN_POINT ( 'NONE',  ( 152.0290502489732489, 0.000000000000000000, 885.7772742752579234 ) ) ;
#349 = CARTESIAN_POINT ( 'NONE',  ( -111.4715029352956037, 0.000000000000000000, 431.7233032491425320 ) ) ;
#350 = CARTESIAN_POINT ( 'NONE',  ( 575.3118485169577525, 24.00000000000000000, 589.0000000001384706 ) ) ;
#351 = ORIENTED_EDGE ( 'NONE', *, *, #540, .T. ) ;
#352 = DIRECTION ( 'NONE',  ( -0.000000000000000000, -1.000000000000000000, -0.000000000000000000 ) ) ;
#353 = ORIENTED_EDGE ( 'NONE', *, *, #1251, .T. ) ;
#354 = ORIENTED_EDGE ( 'NONE', *, *, #227, .F. ) ;
#355 = DIRECTION ( 'NONE',  ( 0.000000000000000000, 1.000000000000000000, 0.000000000000000000 ) ) ;
#356 = ADVANCED_FACE ( 'NONE', ( #1085 ), #1532, .F. ) ;
#357 = CARTESIAN_POINT ( 'NONE',  ( -290.6300325729038718, 24.00000000000000000, 651.4278698671116672 ) ) ;
#358 = VECTOR ( 'NONE', #355, 1000.000000000000000 ) ;
#359 = LOCAL_TIME ( 15, 31, 29.00000000000000000, #433 ) ;
#360 = ORIENTED_EDGE ( 'NONE', *, *, #1734, .T. ) ;
#361 = VECTOR ( 'NONE', #1462, 1000.000000000000000 ) ;
#362 = ORIENTED_EDGE ( 'NONE', *, *, #812, .T. ) ;
#363 = ORIENTED_EDGE ( 'NONE', *, *, #444, .T. ) ;
#364 = CARTESIAN_POINT ( 'NONE',  ( -188.0232137141057933, -3.000000000000000000, 425.2953820835717806 ) ) ;
#365 = LINE ( 'NONE', #72, #554 ) ;
#366 = CIRCLE ( 'NONE', #305, 290.9240958289044556 ) ;
#367 = VECTOR ( 'NONE', #503, 1000.000000000000000 ) ;
#368 = VERTEX_POINT ( 'NONE', #1067 ) ;
#369 = AXIS2_PLACEMENT_3D ( 'NONE', #719, #564, #448 ) ;
#370 = EDGE_CURVE ( 'NONE', #1617, #822, #1349, .T. ) ;
#371 = AXIS2_PLACEMENT_3D ( 'NONE', #732, #1801, #449 ) ;
#372 = LINE ( 'NONE', #77, #1696 ) ;
#373 = EDGE_LOOP ( 'NONE', ( #362, #991, #1547, #363 ) ) ;
#374 = ORIENTED_EDGE ( 'NONE', *, *, #1140, .F. ) ;
#375 = DIRECTION ( 'NONE',  ( 0.000000000000000000, 1.000000000000000000, -0.000000000000000000 ) ) ;
#376 = CARTESIAN_POINT ( 'NONE',  ( -152.0290502492084670, 24.00000000000000000, 292.2227257251035439 ) ) ;
#377 = DIRECTION ( 'NONE',  ( 0.000000000000000000, 0.000000000000000000, 1.000000000000000000 ) ) ;
#378 = CARTESIAN_POINT ( 'NONE',  ( -6.215167269729704458E-11, 24.00000000000000000, 289.2498285303523744 ) ) ;
#379 = EDGE_LOOP ( 'NONE', ( #714, #49, #1524, #598 ) ) ;
#380 = EDGE_CURVE ( 'NONE', #840, #862, #1156, .T. ) ;
#381 = VERTEX_POINT ( 'NONE', #1504 ) ;
#382 = EDGE_LOOP ( 'NONE', ( #883, #474, #911, #537 ) ) ;
#383 = DIRECTION ( 'NONE',  ( 0.000000000000000000, 1.000000000000000000, 0.000000000000000000 ) ) ;
#384 = FACE_OUTER_BOUND ( 'NONE', #544, .T. ) ;
#385 = DIRECTION ( 'NONE',  ( 0.000000000000000000, 1.000000000000000000, 0.000000000000000000 ) ) ;
#386 = DIRECTION ( 'NONE',  ( 0.000000000000000000, 0.000000000000000000, 1.000000000000000000 ) ) ;
#387 = ORIENTED_EDGE ( 'NONE', *, *, #1410, .T. ) ;
#388 = VECTOR ( 'NONE', #42, 1000.000000000000000 ) ;
#389 = ORIENTED_EDGE ( 'NONE', *, *, #43, .F. ) ;
#390 = AXIS2_PLACEMENT_3D ( 'NONE', #516, #1104, #1120 ) ;
#391 = PRODUCT_DEFINITION ( 'UNKNOWN', '', #650, #1548 ) ;
#392 = ORIENTED_EDGE ( 'NONE', *, *, #395, .T. ) ;
#393 = CARTESIAN_POINT ( 'NONE',  ( -154.6804128138301451, 24.00000000000000000, 290.8190603266042444 ) ) ;
#394 = AXIS2_PLACEMENT_3D ( 'NONE', #1753, #746, #128 ) ;
#395 = EDGE_CURVE ( 'NONE', #1894, #783, #307, .T. ) ;
#396 = CIRCLE ( 'NONE', #1274, 109.9534663218913124 ) ;
#397 = ORIENTED_EDGE ( 'NONE', *, *, #119, .F. ) ;
#398 = ADVANCED_BREP_SHAPE_REPRESENTATION ( '072-93105', ( #1896, #1837, #455 ), #1177 ) ;
#399 = DIRECTION ( 'NONE',  ( -0.000000000000000000, -1.000000000000000000, -0.000000000000000000 ) ) ;
#400 = AXIS2_PLACEMENT_3D ( 'NONE', #67, #399, #1412 ) ;
#401 = CARTESIAN_POINT ( 'NONE',  ( 198.6107142068929079, 24.00000000000000000, 419.2865363121496216 ) ) ;
#402 = EDGE_LOOP ( 'NONE', ( #345, #1739, #879, #1706 ) ) ;
#403 = ORIENTED_EDGE ( 'NONE', *, *, #691, .T. ) ;
#404 = ORIENTED_EDGE ( 'NONE', *, *, #1237, .F. ) ;
#405 = EDGE_LOOP ( 'NONE', ( #1245, #1375, #1811, #105 ) ) ;
#406 = CARTESIAN_POINT ( 'NONE',  ( 155.5642003351313463, 0.000000000000000000, 887.6488281399233529 ) ) ;
#407 = DIRECTION ( 'NONE',  ( 0.000000000000000000, 0.000000000000000000, -1.000000000000000000 ) ) ;
#408 = ADVANCED_FACE ( 'NONE', ( #488 ), #1356, .T. ) ;
#409 = CYLINDRICAL_SURFACE ( 'NONE', #66, 792.3123076478402709 ) ;
#410 = AXIS2_PLACEMENT_3D ( 'NONE', #1337, #266, #1928 ) ;
#411 = LINE ( 'NONE', #1319, #881 ) ;
#412 = LINE ( 'NONE', #1290, #1210 ) ;
#413 = DIRECTION ( 'NONE',  ( 0.000000000000000000, 1.000000000000000000, -0.000000000000000000 ) ) ;
#414 = DIRECTION ( 'NONE',  ( 0.000000000000000000, 1.000000000000000000, -0.000000000000000000 ) ) ;
#415 = ORIENTED_EDGE ( 'NONE', *, *, #1360, .T. ) ;
#416 = CARTESIAN_POINT ( 'NONE',  ( -55.73575146780409284, 24.00000000000000000, 817.5134341104244413 ) ) ;
#417 = DIRECTION ( 'NONE',  ( 0.000000000000000000, 0.000000000000000000, -1.000000000000000000 ) ) ;
#418 = EDGE_CURVE ( 'NONE', #646, #1598, #1309, .T. ) ;
#419 = DIRECTION ( 'NONE',  ( -0.000000000000000000, -1.000000000000000000, -0.000000000000000000 ) ) ;
#420 = ORIENTED_EDGE ( 'NONE', *, *, #571, .T. ) ;
#421 = AXIS2_PLACEMENT_3D ( 'NONE', #1083, #1501, #1511 ) ;
#422 = AXIS2_PLACEMENT_3D ( 'NONE', #1505, #1049, #926 ) ;
#423 = ORIENTED_EDGE ( 'NONE', *, *, #630, .T. ) ;
#424 = CARTESIAN_POINT ( 'NONE',  ( 201.5410835394843048, 24.00000000000000000, 759.3560643218601172 ) ) ;
#425 = CYLINDRICAL_SURFACE ( 'NONE', #656, 500.8659570695123193 ) ;
#426 = AXIS2_PLACEMENT_3D ( 'NONE', #1296, #1926, #579 ) ;
#427 = DIRECTION ( 'NONE',  ( -0.000000000000000000, -1.000000000000000000, -0.000000000000000000 ) ) ;
#428 = DIRECTION ( 'NONE',  ( 0.000000000000000000, 1.000000000000000000, 0.000000000000000000 ) ) ;
#429 = CARTESIAN_POINT ( 'NONE',  ( 202.5178733170249643, -3.000000000000000000, 418.4297354670798654 ) ) ;
#430 = ORIENTED_EDGE ( 'NONE', *, *, #587, .F. ) ;
#431 = EDGE_CURVE ( 'NONE', #1254, #462, #652, .T. ) ;
#432 = VECTOR ( 'NONE', #200, 1000.000000000000000 ) ;
#433 = COORDINATED_UNIVERSAL_TIME_OFFSET ( 1, 0, .AHEAD. ) ;
#434 = ORIENTED_EDGE ( 'NONE', *, *, #1137, .T. ) ;
#435 = FACE_OUTER_BOUND ( 'NONE', #1756, .T. ) ;
#436 = AXIS2_PLACEMENT_3D ( 'NONE', #1019, #1921, #143 ) ;
#437 = DIRECTION ( 'NONE',  ( 0.000000000000000000, 0.000000000000000000, 1.000000000000000000 ) ) ;
#438 = DIRECTION ( 'NONE',  ( 0.000000000000000000, 1.000000000000000000, -0.000000000000000000 ) ) ;
#439 = DIRECTION ( 'NONE',  ( 0.000000000000000000, 1.000000000000000000, -0.000000000000000000 ) ) ;
#440 = ORIENTED_EDGE ( 'NONE', *, *, #395, .F. ) ;
#441 = CARTESIAN_POINT ( 'NONE',  ( -1.632236013016097331E-10, -3.000000000000000000, 884.0465336781118140 ) ) ;
#442 = CYLINDRICAL_SURFACE ( 'NONE', #422, 301.1492120702760076 ) ;
#443 = EDGE_LOOP ( 'NONE', ( #1138, #578, #668, #322 ) ) ;
#444 = EDGE_CURVE ( 'NONE', #191, #1468, #1848, .T. ) ;
#445 = APPROVAL_ROLE ( '' ) ;
#446 = EDGE_LOOP ( 'NONE', ( #420, #199, #676, #79 ) ) ;
#447 = CARTESIAN_POINT ( 'NONE',  ( -144.9569696702237991, -3.000000000000000000, 875.3782463806182932 ) ) ;
#448 = DIRECTION ( 'NONE',  ( 0.000000000000000000, 0.000000000000000000, -1.000000000000000000 ) ) ;
#449 = DIRECTION ( 'NONE',  ( 0.000000000000000000, 0.000000000000000000, -1.000000000000000000 ) ) ;
#450 = DIRECTION ( 'NONE',  ( 0.000000000000000000, 0.000000000000000000, 1.000000000000000000 ) ) ;
#451 = ORIENTED_EDGE ( 'NONE', *, *, #33, .F. ) ;
#452 = DATE_TIME_ROLE ( 'creation_date' ) ;
#453 = CYLINDRICAL_SURFACE ( 'NONE', #459, 795.3123076478485700 ) ;
#454 = CARTESIAN_POINT ( 'NONE',  ( 111.4715029351398243, 24.00000000000000000, 431.7233032491515132 ) ) ;
#455 = AXIS2_PLACEMENT_3D ( 'NONE', #1581, #377, #989 ) ;
#456 = EDGE_CURVE ( 'NONE', #712, #1409, #1880, .T. ) ;
#457 = AXIS2_PLACEMENT_3D ( 'NONE', #603, #1316, #1609 ) ;
#458 = DIRECTION ( 'NONE',  ( 0.000000000000000000, 0.000000000000000000, -1.000000000000000000 ) ) ;
#459 = AXIS2_PLACEMENT_3D ( 'NONE', #601, #1200, #710 ) ;
#460 = DIRECTION ( 'NONE',  ( 0.000000000000000000, 0.000000000000000000, -1.000000000000000000 ) ) ;
#461 = DIRECTION ( 'NONE',  ( 0.000000000000000000, 1.000000000000000000, -0.000000000000000000 ) ) ;
#462 = VERTEX_POINT ( 'NONE', #925 ) ;
#463 = APPROVAL_ROLE ( '' ) ;
#464 = CARTESIAN_POINT ( 'NONE',  ( -114.6093613732010255, -3.000000000000000000, 743.9927474750005558 ) ) ;
#465 = ORIENTED_EDGE ( 'NONE', *, *, #640, .T. ) ;
#466 = CIRCLE ( 'NONE', #912, 290.9240958287722947 ) ;
#467 = CARTESIAN_POINT ( 'NONE',  ( 201.5410835394919502, 24.00000000000000000, 418.6439356783470203 ) ) ;
#468 = AXIS2_PLACEMENT_3D ( 'NONE', #162, #1702, #342 ) ;
#469 = EDGE_CURVE ( 'NONE', #928, #231, #1636, .T. ) ;
#470 = DIRECTION ( 'NONE',  ( 0.000000000000000000, 1.000000000000000000, -0.000000000000000000 ) ) ;
#471 = DIRECTION ( 'NONE',  ( 0.000000000000000000, 1.000000000000000000, -0.000000000000000000 ) ) ;
#472 = CARTESIAN_POINT ( 'NONE',  ( -111.4715029354905482, -3.000000000000000000, 746.2766967510176528 ) ) ;
#473 = ORIENTED_EDGE ( 'NONE', *, *, #1260, .F. ) ;
#474 = ORIENTED_EDGE ( 'NONE', *, *, #1521, .T. ) ;
#475 = CARTESIAN_POINT ( 'NONE',  ( -152.0290502491681366, 24.00000000000000000, 885.7772742752396198 ) ) ;
#476 = ORIENTED_EDGE ( 'NONE', *, *, #878, .F. ) ;
#477 = DIRECTION ( 'NONE',  ( 0.000000000000000000, 0.000000000000000000, 1.000000000000000000 ) ) ;
#478 = CARTESIAN_POINT ( 'NONE',  ( -202.5178733171438239, 0.000000000000000000, 759.5702645332669363 ) ) ;
#479 = EDGE_CURVE ( 'NONE', #1886, #1598, #1436, .T. ) ;
#480 = EDGE_CURVE ( 'NONE', #1331, #191, #1191, .T. ) ;
#481 = FACE_OUTER_BOUND ( 'NONE', #831, .T. ) ;
#482 = DIRECTION ( 'NONE',  ( 0.000000000000000000, 1.000000000000000000, 0.000000000000000000 ) ) ;
#483 = VERTEX_POINT ( 'NONE', #866 ) ;
#484 = EDGE_CURVE ( 'NONE', #1189, #1459, #124, .T. ) ;
#485 = ORIENTED_EDGE ( 'NONE', *, *, #892, .F. ) ;
#486 = DIRECTION ( 'NONE',  ( 0.000000000000000000, 1.000000000000000000, 0.000000000000000000 ) ) ;
#487 = DIRECTION ( 'NONE',  ( 0.000000000000000000, 1.000000000000000000, -0.000000000000000000 ) ) ;
#488 = FACE_OUTER_BOUND ( 'NONE', #443, .T. ) ;
#489 =( NAMED_UNIT ( * ) SI_UNIT ( $, .STERADIAN. ) SOLID_ANGLE_UNIT ( ) );
#490 = EDGE_LOOP ( 'NONE', ( #805, #1440, #26, #510 ) ) ;
#491 = CIRCLE ( 'NONE', #1716, 795.3123076478383382 ) ;
#492 = VECTOR ( 'NONE', #1264, 1000.000000000000000 ) ;
#493 = EDGE_CURVE ( 'NONE', #30, #27, #696, .T. ) ;
#494 = DIRECTION ( 'NONE',  ( -0.000000000000000000, -1.000000000000000000, -0.000000000000000000 ) ) ;
#495 = ORIENTED_EDGE ( 'NONE', *, *, #1754, .F. ) ;
#496 = CIRCLE ( 'NONE', #268, 503.8659570695125467 ) ;
#497 = CARTESIAN_POINT ( 'NONE',  ( -198.6107142070188161, 24.00000000000000000, 758.7134636881979759 ) ) ;
#498 = EDGE_CURVE ( 'NONE', #765, #209, #1881, .T. ) ;
#499 = DIRECTION ( 'NONE',  ( 0.000000000000000000, 0.000000000000000000, -1.000000000000000000 ) ) ;
#500 = CARTESIAN_POINT ( 'NONE',  ( -290.6300325726267033, -3.000000000000000000, 526.5721301330198685 ) ) ;
#501 = FACE_OUTER_BOUND ( 'NONE', #405, .T. ) ;
#502 = EDGE_LOOP ( 'NONE', ( #1162, #559, #1915, #245 ) ) ;
#503 = DIRECTION ( 'NONE',  ( -0.000000000000000000, -1.000000000000000000, -0.000000000000000000 ) ) ;
#504 = ORIENTED_EDGE ( 'NONE', *, *, #45, .T. ) ;
#505 = APPLICATION_CONTEXT ( 'configuration controlled 3d designs of mechanical parts and assemblies' ) ;
#506 = DIRECTION ( 'NONE',  ( 0.000000000000000000, 0.000000000000000000, -1.000000000000000000 ) ) ;
#507 = DIRECTION ( 'NONE',  ( 0.000000000000000000, 1.000000000000000000, 0.000000000000000000 ) ) ;
#508 = DIRECTION ( 'NONE',  ( 0.000000000000000000, 1.000000000000000000, 0.000000000000000000 ) ) ;
#509 = ORIENTED_EDGE ( 'NONE', *, *, #538, .T. ) ;
#510 = ORIENTED_EDGE ( 'NONE', *, *, #1606, .T. ) ;
#511 = CARTESIAN_POINT ( 'NONE',  ( 144.9569696699327608, 0.000000000000000000, 875.3782463805946463 ) ) ;
#512 = EDGE_CURVE ( 'NONE', #1463, #381, #185, .T. ) ;
#513 = CARTESIAN_POINT ( 'NONE',  ( -144.9569696703039767, -3.000000000000000000, 302.6217536195001685 ) ) ;
#514 = AXIS2_PLACEMENT_3D ( 'NONE', #1429, #818, #986 ) ;
#515 = CIRCLE ( 'NONE', #1808, 503.8659570695065213 ) ;
#516 = CARTESIAN_POINT ( 'NONE',  ( -1.176489461407343651E-10, 24.00000000000000000, 888.7501714698312298 ) ) ;
#517 = DIRECTION ( 'NONE',  ( 0.000000000000000000, 1.000000000000000000, 0.000000000000000000 ) ) ;
#518 = ORIENTED_EDGE ( 'NONE', *, *, #456, .F. ) ;
#519 = AXIS2_PLACEMENT_3D ( 'NONE', #1045, #931, #1797 ) ;
#520 = ORIENTED_EDGE ( 'NONE', *, *, #238, .F. ) ;
#521 = AXIS2_PLACEMENT_3D ( 'NONE', #1736, #507, #679 ) ;
#522 = LINE ( 'NONE', #1250, #900 ) ;
#523 = EDGE_CURVE ( 'NONE', #1040, #1550, #555, .T. ) ;
#524 = CARTESIAN_POINT ( 'NONE',  ( 69.63393225853077695, -3.000000000000000000, 208.8601044515580725 ) ) ;
#525 = CIRCLE ( 'NONE', #1663, 500.8659570695084540 ) ;
#526 = EDGE_CURVE ( 'NONE', #27, #646, #411, .T. ) ;
#527 = AXIS2_PLACEMENT_3D ( 'NONE', #770, #961, #310 ) ;
#528 = APPLICATION_PROTOCOL_DEFINITION ( 'international standard', 'config_control_design', 1994, #505 ) ;
#529 = DIRECTION ( 'NONE',  ( 0.000000000000000000, 0.000000000000000000, 1.000000000000000000 ) ) ;
#530 = EDGE_LOOP ( 'NONE', ( #1069, #1611, #1043, #767 ) ) ;
#531 = ORIENTED_EDGE ( 'NONE', *, *, #1363, .T. ) ;
#532 = DIRECTION ( 'NONE',  ( 0.000000000000000000, 0.000000000000000000, 1.000000000000000000 ) ) ;
#533 = DIRECTION ( 'NONE',  ( 0.000000000000000000, 1.000000000000000000, 0.000000000000000000 ) ) ;
#534 = DIRECTION ( 'NONE',  ( 0.000000000000000000, 1.000000000000000000, 0.000000000000000000 ) ) ;
#535 = EDGE_LOOP ( 'NONE', ( #890, #953, #3, #1659 ) ) ;
#536 = ORIENTED_EDGE ( 'NONE', *, *, #640, .F. ) ;
#537 = ORIENTED_EDGE ( 'NONE', *, *, #195, .F. ) ;
#538 = EDGE_CURVE ( 'NONE', #483, #1060, #276, .T. ) ;
#539 = DIRECTION ( 'NONE',  ( 0.000000000000000000, 1.000000000000000000, -0.000000000000000000 ) ) ;
#540 = EDGE_CURVE ( 'NONE', #659, #1550, #1280, .T. ) ;
#541 = CARTESIAN_POINT ( 'NONE',  ( 154.6804128136138274, 24.00000000000000000, 290.8190603264903871 ) ) ;
#542 = CYLINDRICAL_SURFACE ( 'NONE', #1095, 117.2498285302537511 ) ;
#543 = EDGE_LOOP ( 'NONE', ( #859, #1831, #1950, #353 ) ) ;
#544 = EDGE_LOOP ( 'NONE', ( #1285, #331, #1284, #1858 ) ) ;
#545 = AXIS2_PLACEMENT_3D ( 'NONE', #1882, #539, #506 ) ;
#546 = EDGE_CURVE ( 'NONE', #1288, #234, #1697, .T. ) ;
#547 = ORIENTED_EDGE ( 'NONE', *, *, #1212, .T. ) ;
#548 = CC_DESIGN_APPROVAL ( #1518, ( #902 ) ) ;
#549 = EDGE_CURVE ( 'NONE', #712, #1574, #1779, .T. ) ;
#550 = ORIENTED_EDGE ( 'NONE', *, *, #227, .T. ) ;
#551 = CARTESIAN_POINT ( 'NONE',  ( -1.176489461407470571E-10, 0.000000000000000000, 1010.000000000162117 ) ) ;
#552 = CARTESIAN_POINT ( 'NONE',  ( -290.6300325729038718, 24.00000000000000000, 651.4278698671116672 ) ) ;
#553 = DIRECTION ( 'NONE',  ( 0.000000000000000000, 0.000000000000000000, 1.000000000000000000 ) ) ;
#554 = VECTOR ( 'NONE', #1271, 1000.000000000000000 ) ;
#555 = LINE ( 'NONE', #1637, #852 ) ;
#556 = CARTESIAN_POINT ( 'NONE',  ( 111.4715029353556872, 0.000000000000000000, 746.2766967510650602 ) ) ;
#557 = DIRECTION ( 'NONE',  ( -0.000000000000000000, -1.000000000000000000, -0.000000000000000000 ) ) ;
#558 = DIRECTION ( 'NONE',  ( 0.000000000000000000, -1.000000000000000000, 0.000000000000000000 ) ) ;
#559 = ORIENTED_EDGE ( 'NONE', *, *, #1315, .F. ) ;
#560 = AXIS2_PLACEMENT_3D ( 'NONE', #349, #1204, #47 ) ;
#561 = CARTESIAN_POINT ( 'NONE',  ( 154.6804128135911469, 24.00000000000000000, 887.1809396737567113 ) ) ;
#562 = CARTESIAN_POINT ( 'NONE',  ( -111.4715029354905482, -3.000000000000000000, 746.2766967510176528 ) ) ;
#563 = CYLINDRICAL_SURFACE ( 'NONE', #1093, 290.9240958287722947 ) ;
#564 = DIRECTION ( 'NONE',  ( 0.000000000000000000, 1.000000000000000000, -0.000000000000000000 ) ) ;
#565 = DIRECTION ( 'NONE',  ( 0.000000000000000000, 1.000000000000000000, 0.000000000000000000 ) ) ;
#566 = ORIENTED_EDGE ( 'NONE', *, *, #370, .F. ) ;
#567 = DIRECTION ( 'NONE',  ( 0.000000000000000000, 0.000000000000000000, 1.000000000000000000 ) ) ;
#568 = DIRECTION ( 'NONE',  ( 0.000000000000000000, 1.000000000000000000, -0.000000000000000000 ) ) ;
#569 = ORIENTED_EDGE ( 'NONE', *, *, #32, .F. ) ;
#570 = CARTESIAN_POINT ( 'NONE',  ( 144.9569696699327608, -3.000000000000000000, 875.3782463805946463 ) ) ;
#571 = EDGE_CURVE ( 'NONE', #1584, #1468, #1790, .T. ) ;
#572 = CARTESIAN_POINT ( 'NONE',  ( 290.6300325725773064, 0.000000000000000000, 526.5721301330062261 ) ) ;
#573 = DIRECTION ( 'NONE',  ( 0.000000000000000000, 0.000000000000000000, -1.000000000000000000 ) ) ;
#574 = ORIENTED_EDGE ( 'NONE', *, *, #1457, .F. ) ;
#575 = AXIS2_PLACEMENT_3D ( 'NONE', #1691, #486, #799 ) ;
#576 = ADVANCED_FACE ( 'NONE', ( #887 ), #1473, .F. ) ;
#577 = CIRCLE ( 'NONE', #327, 290.9240958287722947 ) ;
#578 = ORIENTED_EDGE ( 'NONE', *, *, #1804, .F. ) ;
#579 = DIRECTION ( 'NONE',  ( 0.000000000000000000, 0.000000000000000000, 1.000000000000000000 ) ) ;
#580 = DIRECTION ( 'NONE',  ( -0.000000000000000000, -1.000000000000000000, -0.000000000000000000 ) ) ;
#581 = CIRCLE ( 'NONE', #457, 109.9534663218919519 ) ;
#582 = CARTESIAN_POINT ( 'NONE',  ( 575.3118485169577525, 24.00000000000000000, 589.0000000001384706 ) ) ;
#583 = AXIS2_PLACEMENT_3D ( 'NONE', #839, #828, #386 ) ;
#584 = ADVANCED_FACE ( 'NONE', ( #1791 ), #1339, .F. ) ;
#585 = DIRECTION ( 'NONE',  ( 0.000000000000000000, 0.000000000000000000, -1.000000000000000000 ) ) ;
#586 = CIRCLE ( 'NONE', #149, 503.8659570695125467 ) ;
#587 = EDGE_CURVE ( 'NONE', #1596, #368, #1332, .T. ) ;
#588 = DIRECTION ( 'NONE',  ( 0.000000000000000000, 1.000000000000000000, 0.000000000000000000 ) ) ;
#589 = ORIENTED_EDGE ( 'NONE', *, *, #1947, .F. ) ;
#590 = CIRCLE ( 'NONE', #1338, 117.2498285302537369 ) ;
#591 = DATE_AND_TIME ( #1345, #50 ) ;
#592 = AXIS2_PLACEMENT_3D ( 'NONE', #1218, #1825, #233 ) ;
#593 = DIRECTION ( 'NONE',  ( 0.000000000000000000, 0.000000000000000000, 1.000000000000000000 ) ) ;
#594 = AXIS2_PLACEMENT_3D ( 'NONE', #1455, #721, #1624 ) ;
#595 = DIRECTION ( 'NONE',  ( -0.000000000000000000, -1.000000000000000000, -0.000000000000000000 ) ) ;
#596 = CARTESIAN_POINT ( 'NONE',  ( -152.0290502492084670, 0.000000000000000000, 292.2227257251035439 ) ) ;
#597 = CARTESIAN_POINT ( 'NONE',  ( -290.6300325729038718, 0.000000000000000000, 651.4278698671116672 ) ) ;
#598 = ORIENTED_EDGE ( 'NONE', *, *, #33, .T. ) ;
#599 = COORDINATED_UNIVERSAL_TIME_OFFSET ( 1, 0, .AHEAD. ) ;
#600 = EDGE_CURVE ( 'NONE', #1219, #1463, #748, .T. ) ;
#601 = CARTESIAN_POINT ( 'NONE',  ( -575.3118485171189604, 24.00000000000000000, 589.0000000000870841 ) ) ;
#602 = ORIENTED_EDGE ( 'NONE', *, *, #1543, .T. ) ;
#603 = CARTESIAN_POINT ( 'NONE',  ( -1.632236013016097331E-10, -3.000000000000000000, 884.0465336781118140 ) ) ;
#604 = CARTESIAN_POINT ( 'NONE',  ( -152.0290502492084670, 24.00000000000000000, 292.2227257251035439 ) ) ;
#605 = CARTESIAN_POINT ( 'NONE',  ( 114.6093613728562701, -3.000000000000000000, 743.9927474750454621 ) ) ;
#606 = CARTESIAN_POINT ( 'NONE',  ( -6.215167269729704458E-11, 24.00000000000000000, 289.2498285303523744 ) ) ;
#607 = ORIENTED_EDGE ( 'NONE', *, *, #1018, .F. ) ;
#608 = EDGE_LOOP ( 'NONE', ( #163, #302, #1003, #967 ) ) ;
#609 = DATE_AND_TIME ( #1650, #1623 ) ;
#610 = CARTESIAN_POINT ( 'NONE',  ( 202.5178733170177736, 0.000000000000000000, 759.5702645331276699 ) ) ;
#611 = ORIENTED_EDGE ( 'NONE', *, *, #484, .T. ) ;
#612 = AXIS2_PLACEMENT_3D ( 'NONE', #1652, #875, #553 ) ;
#613 = EDGE_CURVE ( 'NONE', #1189, #712, #1564, .T. ) ;
#614 = AXIS2_PLACEMENT_3D ( 'NONE', #198, #1556, #219 ) ;
#615 = DIRECTION ( 'NONE',  ( 0.000000000000000000, 0.000000000000000000, 1.000000000000000000 ) ) ;
#616 = AXIS2_PLACEMENT_3D ( 'NONE', #864, #1015, #437 ) ;
#617 = CARTESIAN_POINT ( 'NONE',  ( 111.4715029353556872, -3.000000000000000000, 746.2766967510650602 ) ) ;
#618 = AXIS2_PLACEMENT_3D ( 'NONE', #796, #1094, #10 ) ;
#619 = DIRECTION ( 'NONE',  ( 0.000000000000000000, 0.000000000000000000, 1.000000000000000000 ) ) ;
#620 = DIRECTION ( 'NONE',  ( 0.000000000000000000, 1.000000000000000000, 0.000000000000000000 ) ) ;
#621 = VERTEX_POINT ( 'NONE', #1322 ) ;
#622 = ORIENTED_EDGE ( 'NONE', *, *, #1270, .F. ) ;
#623 = CARTESIAN_POINT ( 'NONE',  ( -201.5410835396000948, 24.00000000000000000, 418.6439356781860965 ) ) ;
#624 = ORIENTED_EDGE ( 'NONE', *, *, #1842, .F. ) ;
#625 = AXIS2_PLACEMENT_3D ( 'NONE', #1080, #667, #208 ) ;
#626 = AXIS2_PLACEMENT_3D ( 'NONE', #781, #1809, #619 ) ;
#627 = EDGE_CURVE ( 'NONE', #381, #1265, #285, .T. ) ;
#628 = CYLINDRICAL_SURFACE ( 'NONE', #1585, 301.1492120700684154 ) ;
#629 = CIRCLE ( 'NONE', #758, 797.7728267964458837 ) ;
#630 = EDGE_CURVE ( 'NONE', #1925, #1331, #1871, .T. ) ;
#631 = DIRECTION ( 'NONE',  ( 0.000000000000000000, 0.000000000000000000, 1.000000000000000000 ) ) ;
#632 = DIRECTION ( 'NONE',  ( 0.000000000000000000, 1.000000000000000000, 0.000000000000000000 ) ) ;
#633 = CARTESIAN_POINT ( 'NONE',  ( -592.7727143276825927, 0.000000000000000000, 588.9999999999820375 ) ) ;
#634 = VERTEX_POINT ( 'NONE', #1014 ) ;
#635 = VERTEX_POINT ( 'NONE', #1172 ) ;
#636 = DIRECTION ( 'NONE',  ( 0.000000000000000000, 0.000000000000000000, 1.000000000000000000 ) ) ;
#637 = ORIENTED_EDGE ( 'NONE', *, *, #45, .F. ) ;
#638 = DIRECTION ( 'NONE',  ( 0.000000000000000000, 0.000000000000000000, -1.000000000000000000 ) ) ;
#639 = CARTESIAN_POINT ( 'NONE',  ( -72.25018874813734726, 24.00000000000000000, 196.9057300928159577 ) ) ;
#640 = EDGE_CURVE ( 'NONE', #1677, #1723, #1939, .T. ) ;
#641 = CYLINDRICAL_SURFACE ( 'NONE', #662, 290.9240958288469301 ) ;
#642 =( LENGTH_UNIT ( ) NAMED_UNIT ( * ) SI_UNIT ( .MILLI., .METRE. ) );
#643 = ORIENTED_EDGE ( 'NONE', *, *, #512, .T. ) ;
#644 = CYLINDRICAL_SURFACE ( 'NONE', #182, 792.3123076478484563 ) ;
#645 = CARTESIAN_POINT ( 'NONE',  ( -1.632236013016097331E-10, -3.000000000000000000, 994.0000000000037517 ) ) ;
#646 = VERTEX_POINT ( 'NONE', #1314 ) ;
#647 = ORIENTED_EDGE ( 'NONE', *, *, #1053, .F. ) ;
#648 = LINE ( 'NONE', #1660, #743 ) ;
#649 = AXIS2_PLACEMENT_3D ( 'NONE', #1827, #337, #477 ) ;
#650 = PRODUCT_DEFINITION_FORMATION_WITH_SPECIFIED_SOURCE ( 'ANY', '', #1860, .NOT_KNOWN. ) ;
#651 = CARTESIAN_POINT ( 'NONE',  ( 111.4715029353556872, 24.00000000000000000, 746.2766967510650602 ) ) ;
#652 = LINE ( 'NONE', #1244, #727 ) ;
#653 = CARTESIAN_POINT ( 'NONE',  ( -69.63393225885727134, -3.000000000000000000, 969.1398955484189628 ) ) ;
#654 = ORIENTED_EDGE ( 'NONE', *, *, #1360, .F. ) ;
#655 = EDGE_CURVE ( 'NONE', #1389, #1150, #1525, .T. ) ;
#656 = AXIS2_PLACEMENT_3D ( 'NONE', #552, #580, #407 ) ;
#657 = DIRECTION ( 'NONE',  ( 0.000000000000000000, 0.000000000000000000, 1.000000000000000000 ) ) ;
#658 = EDGE_LOOP ( 'NONE', ( #1310, #756, #1013, #1769 ) ) ;
#659 = VERTEX_POINT ( 'NONE', #1182 ) ;
#660 = CARTESIAN_POINT ( 'NONE',  ( 74.09881035359219936, 0.000000000000000000, 983.4570221499179752 ) ) ;
#661 = VECTOR ( 'NONE', #1311, 1000.000000000000000 ) ;
#662 = AXIS2_PLACEMENT_3D ( 'NONE', #320, #632, #172 ) ;
#663 = DIRECTION ( 'NONE',  ( 0.000000000000000000, 0.000000000000000000, -1.000000000000000000 ) ) ;
#664 = CARTESIAN_POINT ( 'NONE',  ( 144.9569696699930148, -3.000000000000000000, 302.6217536194879472 ) ) ;
#665 = CARTESIAN_POINT ( 'NONE',  ( 290.6300325727568179, 0.000000000000000000, 651.4278698671915890 ) ) ;
#666 = ORIENTED_EDGE ( 'NONE', *, *, #1876, .T. ) ;
#667 = DIRECTION ( 'NONE',  ( 0.000000000000000000, 1.000000000000000000, -0.000000000000000000 ) ) ;
#668 = ORIENTED_EDGE ( 'NONE', *, *, #205, .T. ) ;
#669 = AXIS2_PLACEMENT_3D ( 'NONE', #123, #278, #1185 ) ;
#670 = EDGE_CURVE ( 'NONE', #234, #1426, #1643, .T. ) ;
#671 = DIRECTION ( 'NONE',  ( -0.000000000000000000, -1.000000000000000000, -0.000000000000000000 ) ) ;
#672 = DIRECTION ( 'NONE',  ( 0.000000000000000000, 1.000000000000000000, 0.000000000000000000 ) ) ;
#673 = DIRECTION ( 'NONE',  ( -0.000000000000000000, -1.000000000000000000, -0.000000000000000000 ) ) ;
#674 = ORIENTED_EDGE ( 'NONE', *, *, #801, .F. ) ;
#675 = ORIENTED_EDGE ( 'NONE', *, *, #993, .T. ) ;
#676 = ORIENTED_EDGE ( 'NONE', *, *, #480, .F. ) ;
#677 = CARTESIAN_POINT ( 'NONE',  ( 575.3118485169577525, 0.000000000000000000, 589.0000000001384706 ) ) ;
#678 = ADVANCED_FACE ( 'NONE', ( #435, #1632 ), #1044, .T. ) ;
#679 = DIRECTION ( 'NONE',  ( 0.000000000000000000, 0.000000000000000000, 1.000000000000000000 ) ) ;
#680 = DIRECTION ( 'NONE',  ( 0.000000000000000000, 0.000000000000000000, 1.000000000000000000 ) ) ;
#681 = LINE ( 'NONE', #1382, #1933 ) ;
#682 = ORIENTED_EDGE ( 'NONE', *, *, #84, .F. ) ;
#683 = AXIS2_PLACEMENT_3D ( 'NONE', #416, #1023, #891 ) ;
#684 = EDGE_LOOP ( 'NONE', ( #1621, #1170, #711, #898 ) ) ;
#685 = ORIENTED_EDGE ( 'NONE', *, *, #195, .T. ) ;
#686 = ADVANCED_FACE ( 'NONE', ( #1193 ), #1618, .F. ) ;
#687 = ORIENTED_EDGE ( 'NONE', *, *, #1641, .F. ) ;
#688 = ADVANCED_FACE ( 'NONE', ( #121 ), #100, .T. ) ;
#689 = DIRECTION ( 'NONE',  ( 0.000000000000000000, 0.000000000000000000, 1.000000000000000000 ) ) ;
#690 = AXIS2_PLACEMENT_3D ( 'NONE', #1832, #189, #636 ) ;
#691 = EDGE_CURVE ( 'NONE', #253, #1490, #1773, .T. ) ;
#692 = CIRCLE ( 'NONE', #1727, 109.9534663218919519 ) ;
#693 = CARTESIAN_POINT ( 'NONE',  ( -152.0290502491659197, 24.00000000000000000, 885.7772742752384829 ) ) ;
#694 = ORIENTED_EDGE ( 'NONE', *, *, #1259, .T. ) ;
#695 = VECTOR ( 'NONE', #595, 1000.000000000000000 ) ;
#696 = CIRCLE ( 'NONE', #594, 797.7728267955160391 ) ;
#697 = ORIENTED_EDGE ( 'NONE', *, *, #1441, .T. ) ;
#698 = CARTESIAN_POINT ( 'NONE',  ( 144.9569696699930148, 0.000000000000000000, 302.6217536194879472 ) ) ;
#699 = CARTESIAN_POINT ( 'NONE',  ( -69.63393225885727134, 0.000000000000000000, 969.1398955484189628 ) ) ;
#700 = FACE_OUTER_BOUND ( 'NONE', #985, .T. ) ;
#701 = ORIENTED_EDGE ( 'NONE', *, *, #895, .T. ) ;
#702 = EDGE_CURVE ( 'NONE', #1824, #733, #82, .T. ) ;
#703 = VERTEX_POINT ( 'NONE', #551 ) ;
#704 = ORIENTED_EDGE ( 'NONE', *, *, #993, .F. ) ;
#705 = DIRECTION ( 'NONE',  ( 0.000000000000000000, 1.000000000000000000, 0.000000000000000000 ) ) ;
#706 = FACE_OUTER_BOUND ( 'NONE', #530, .T. ) ;
#707 = DIRECTION ( 'NONE',  ( 0.000000000000000000, 0.000000000000000000, -1.000000000000000000 ) ) ;
#708 = VECTOR ( 'NONE', #749, 1000.000000000000000 ) ;
#709 = DIRECTION ( 'NONE',  ( 0.000000000000000000, 0.000000000000000000, -1.000000000000000000 ) ) ;
#710 = DIRECTION ( 'NONE',  ( 0.000000000000000000, 0.000000000000000000, -1.000000000000000000 ) ) ;
#711 = ORIENTED_EDGE ( 'NONE', *, *, #1661, .F. ) ;
#712 = VERTEX_POINT ( 'NONE', #447 ) ;
#713 = CIRCLE ( 'NONE', #9, 792.3123076478402709 ) ;
#714 = ORIENTED_EDGE ( 'NONE', *, *, #1662, .F. ) ;
#715 = AXIS2_PLACEMENT_3D ( 'NONE', #1357, #461, #1056 ) ;
#716 = CIRCLE ( 'NONE', #14, 120.2498285302573464 ) ;
#717 = DIRECTION ( 'NONE',  ( 0.000000000000000000, 1.000000000000000000, -0.000000000000000000 ) ) ;
#718 = AXIS2_PLACEMENT_3D ( 'NONE', #1379, #487, #458 ) ;
#719 = CARTESIAN_POINT ( 'NONE',  ( -114.6093613730944440, 0.000000000000000000, 434.0072525249416344 ) ) ;
#720 = AXIS2_PLACEMENT_3D ( 'NONE', #212, #819, #226 ) ;
#721 = DIRECTION ( 'NONE',  ( 0.000000000000000000, 1.000000000000000000, -0.000000000000000000 ) ) ;
#722 = ORIENTED_EDGE ( 'NONE', *, *, #166, .F. ) ;
#723 = CARTESIAN_POINT ( 'NONE',  ( 188.0232137136991355, -3.000000000000000000, 425.2953820831081089 ) ) ;
#724 = CIRCLE ( 'NONE', #1369, 503.8659570692331044 ) ;
#725 = CARTESIAN_POINT ( 'NONE',  ( 290.6300325725773064, 24.00000000000000000, 526.5721301330062261 ) ) ;
#726 = EDGE_LOOP ( 'NONE', ( #1935, #1123, #397, #262 ) ) ;
#727 = VECTOR ( 'NONE', #11, 1000.000000000000000 ) ;
#728 = DIRECTION ( 'NONE',  ( 0.000000000000000000, 1.000000000000000000, 0.000000000000000000 ) ) ;
#729 = EDGE_CURVE ( 'NONE', #1550, #1447, #716, .T. ) ;
#730 = CARTESIAN_POINT ( 'NONE',  ( -1.632236013016097331E-10, 0.000000000000000000, 884.0465336781118140 ) ) ;
#731 = CARTESIAN_POINT ( 'NONE',  ( -6.215167269729704458E-11, -3.000000000000000000, 289.2498285303523744 ) ) ;
#732 = CARTESIAN_POINT ( 'NONE',  ( -6.215167269729704458E-11, 24.00000000000000000, 289.2498285303523744 ) ) ;
#733 = VERTEX_POINT ( 'NONE', #406 ) ;
#734 = ORIENTED_EDGE ( 'NONE', *, *, #1037, .T. ) ;
#735 = CARTESIAN_POINT ( 'NONE',  ( 299.2214713067994012, 0.000000000000000000, 527.4529396839766378 ) ) ;
#736 = FACE_BOUND ( 'NONE', #246, .T. ) ;
#737 = EDGE_CURVE ( 'NONE', #1879, #41, #1395, .T. ) ;
#738 = LINE ( 'NONE', #140, #695 ) ;
#739 = CARTESIAN_POINT ( 'NONE',  ( -111.4715029352956037, 24.00000000000000000, 431.7233032491425320 ) ) ;
#740 = CYLINDRICAL_SURFACE ( 'NONE', #1341, 796.3123076478487974 ) ;
#741 = DIRECTION ( 'NONE',  ( 0.000000000000000000, 0.000000000000000000, 1.000000000000000000 ) ) ;
#742 = ORIENTED_EDGE ( 'NONE', *, *, #154, .F. ) ;
#743 = VECTOR ( 'NONE', #1063, 1000.000000000000000 ) ;
#744 = PERSON_AND_ORGANIZATION_ROLE ( 'design_supplier' ) ;
#745 = LOCAL_TIME ( 15, 31, 29.00000000000000000, #599 ) ;
#746 = DIRECTION ( 'NONE',  ( 0.000000000000000000, 1.000000000000000000, -0.000000000000000000 ) ) ;
#747 = CARTESIAN_POINT ( 'NONE',  ( -198.6107142070006546, 0.000000000000000000, 419.2865363119890958 ) ) ;
#748 = CIRCLE ( 'NONE', #778, 302.1492120700640385 ) ;
#749 = DIRECTION ( 'NONE',  ( 0.000000000000000000, 1.000000000000000000, 0.000000000000000000 ) ) ;
#750 = ADVANCED_FACE ( 'NONE', ( #1541 ), #192, .T. ) ;
#751 = CIRCLE ( 'NONE', #15, 301.1492120702758939 ) ;
#752 = CARTESIAN_POINT ( 'NONE',  ( -144.9569696702237991, -3.000000000000000000, 875.3782463806182932 ) ) ;
#753 = EDGE_CURVE ( 'NONE', #1409, #69, #581, .T. ) ;
#754 = CARTESIAN_POINT ( 'NONE',  ( -55.73575146780409995, -3.000000000000000000, 817.5134341104135274 ) ) ;
#755 = CARTESIAN_POINT ( 'NONE',  ( 74.71501755512730369, 0.000000000000000000, 193.7553937692389354 ) ) ;
#756 = ORIENTED_EDGE ( 'NONE', *, *, #526, .F. ) ;
#757 = APPROVAL_DATE_TIME ( #150, #1292 ) ;
#758 = AXIS2_PLACEMENT_3D ( 'NONE', #261, #133, #1196 ) ;
#759 = ORIENTED_EDGE ( 'NONE', *, *, #546, .F. ) ;
#760 = CYLINDRICAL_SURFACE ( 'NONE', #76, 302.1492120700707460 ) ;
#761 = CIRCLE ( 'NONE', #1255, 504.8659570693232581 ) ;
#762 = CYLINDRICAL_SURFACE ( 'NONE', #274, 500.8659570692331044 ) ;
#763 = LINE ( 'NONE', #173, #1714 ) ;
#764 = ORIENTED_EDGE ( 'NONE', *, *, #70, .T. ) ;
#765 = VERTEX_POINT ( 'NONE', #256 ) ;
#766 = EDGE_CURVE ( 'NONE', #1583, #765, #332, .T. ) ;
#767 = ORIENTED_EDGE ( 'NONE', *, *, #479, .T. ) ;
#768 = CARTESIAN_POINT ( 'NONE',  ( 74.71501755537495626, -3.000000000000000000, 984.2446062308065393 ) ) ;
#769 = CARTESIAN_POINT ( 'NONE',  ( -290.6300325726267033, 0.000000000000000000, 526.5721301330198685 ) ) ;
#770 = CARTESIAN_POINT ( 'NONE',  ( -575.3118485171189604, 0.000000000000000000, 589.0000000000870841 ) ) ;
#771 = ORIENTED_EDGE ( 'NONE', *, *, #571, .F. ) ;
#772 = ADVANCED_FACE ( 'NONE', ( #706 ), #249, .F. ) ;
#773 = CARTESIAN_POINT ( 'NONE',  ( -74.71501755549483903, -3.000000000000000000, 984.2446062308910086 ) ) ;
#774 = EDGE_LOOP ( 'NONE', ( #903, #701, #816, #1091 ) ) ;
#775 = AXIS2_PLACEMENT_3D ( 'NONE', #236, #1419, #65 ) ;
#776 = CIRCLE ( 'NONE', #1300, 117.2498285302537369 ) ;
#777 = FACE_OUTER_BOUND ( 'NONE', #684, .T. ) ;
#778 = AXIS2_PLACEMENT_3D ( 'NONE', #248, #1764, #275 ) ;
#779 = DIRECTION ( 'NONE',  ( 0.000000000000000000, 0.000000000000000000, -1.000000000000000000 ) ) ;
#780 = VECTOR ( 'NONE', #987, 1000.000000000000000 ) ;
#781 = CARTESIAN_POINT ( 'NONE',  ( 111.4715029351398243, 0.000000000000000000, 431.7233032491515132 ) ) ;
#782 = CARTESIAN_POINT ( 'NONE',  ( -6.215167269729704458E-11, 0.000000000000000000, 289.2498285303523744 ) ) ;
#783 = VERTEX_POINT ( 'NONE', #1297 ) ;
#784 = DIRECTION ( 'NONE',  ( 0.000000000000000000, 0.000000000000000000, 1.000000000000000000 ) ) ;
#785 = CARTESIAN_POINT ( 'NONE',  ( 592.7727143283174200, -3.000000000000000000, 588.9999999999979536 ) ) ;
#786 = ORIENTED_EDGE ( 'NONE', *, *, #1053, .T. ) ;
#787 = CIRCLE ( 'NONE', #560, 301.1492120700663122 ) ;
#788 = CARTESIAN_POINT ( 'NONE',  ( -188.0232137140119164, 0.000000000000000000, 752.7046179168320350 ) ) ;
#789 = EDGE_CURVE ( 'NONE', #783, #703, #1900, .T. ) ;
#790 = VECTOR ( 'NONE', #385, 1000.000000000000000 ) ;
#791 = DIRECTION ( 'NONE',  ( 0.000000000000000000, 1.000000000000000000, 0.000000000000000000 ) ) ;
#792 = DIRECTION ( 'NONE',  ( 0.000000000000000000, 1.000000000000000000, 0.000000000000000000 ) ) ;
#793 = DIRECTION ( 'NONE',  ( 0.000000000000000000, 0.000000000000000000, 1.000000000000000000 ) ) ;
#794 = VERTEX_POINT ( 'NONE', #101 ) ;
#795 = CARTESIAN_POINT ( 'NONE',  ( -6.215167269729704458E-11, 0.000000000000000000, 289.2498285303523744 ) ) ;
#796 = CARTESIAN_POINT ( 'NONE',  ( -1.632236013016097331E-10, -3.000000000000000000, 884.0465336781118140 ) ) ;
#797 = EDGE_LOOP ( 'NONE', ( #304, #1029, #1057, #1401 ) ) ;
#798 = ADVANCED_FACE ( 'NONE', ( #1452 ), #1633, .F. ) ;
#799 = DIRECTION ( 'NONE',  ( 0.000000000000000000, 0.000000000000000000, 1.000000000000000000 ) ) ;
#800 = CC_DESIGN_PERSON_AND_ORGANIZATION_ASSIGNMENT ( #1424, #1877, ( #1860 ) ) ;
#801 = EDGE_CURVE ( 'NONE', #209, #635, #841, .T. ) ;
#802 = CYLINDRICAL_SURFACE ( 'NONE', #1183, 301.1492120700663691 ) ;
#803 = CARTESIAN_POINT ( 'NONE',  ( -1.176489461407343651E-10, 24.00000000000000000, 888.7501714698312298 ) ) ;
#804 = CARTESIAN_POINT ( 'NONE',  ( 144.9569696699930148, -3.000000000000000000, 302.6217536194879472 ) ) ;
#805 = ORIENTED_EDGE ( 'NONE', *, *, #1507, .F. ) ;
#806 = DIRECTION ( 'NONE',  ( 0.000000000000000000, 1.000000000000000000, 0.000000000000000000 ) ) ;
#807 = ORIENTED_EDGE ( 'NONE', *, *, #655, .F. ) ;
#808 = CARTESIAN_POINT ( 'NONE',  ( -1.176489461407343651E-10, 0.000000000000000000, 888.7501714698312298 ) ) ;
#809 = VECTOR ( 'NONE', #217, 1000.000000000000000 ) ;
#810 = CARTESIAN_POINT ( 'NONE',  ( 111.4715029353556872, 24.00000000000000000, 746.2766967510650602 ) ) ;
#811 = VERTEX_POINT ( 'NONE', #747 ) ;
#812 = EDGE_CURVE ( 'NONE', #1468, #53, #491, .T. ) ;
#813 = ADVANCED_FACE ( 'NONE', ( #122 ), #563, .F. ) ;
#814 = DIRECTION ( 'NONE',  ( 0.000000000000000000, 1.000000000000000000, 0.000000000000000000 ) ) ;
#815 = EDGE_LOOP ( 'NONE', ( #888, #451, #213, #1122 ) ) ;
#816 = ORIENTED_EDGE ( 'NONE', *, *, #1448, .T. ) ;
#817 = AXIS2_PLACEMENT_3D ( 'NONE', #340, #1673, #1530 ) ;
#818 = DIRECTION ( 'NONE',  ( 0.000000000000000000, 1.000000000000000000, -0.000000000000000000 ) ) ;
#819 = DIRECTION ( 'NONE',  ( 0.000000000000000000, 1.000000000000000000, 0.000000000000000000 ) ) ;
#820 = ORIENTED_EDGE ( 'NONE', *, *, #1570, .F. ) ;
#821 = EDGE_CURVE ( 'NONE', #1886, #1254, #1591, .T. ) ;
#822 = VERTEX_POINT ( 'NONE', #1008 ) ;
#823 = ORIENTED_EDGE ( 'NONE', *, *, #1641, .T. ) ;
#824 = LINE ( 'NONE', #393, #1114 ) ;
#825 = DIRECTION ( 'NONE',  ( 0.000000000000000000, 0.000000000000000000, -1.000000000000000000 ) ) ;
#826 = CARTESIAN_POINT ( 'NONE',  ( 111.4715029351398243, 0.000000000000000000, 431.7233032491515132 ) ) ;
#827 = FACE_OUTER_BOUND ( 'NONE', #1291, .T. ) ;
#828 = DIRECTION ( 'NONE',  ( 0.000000000000000000, 1.000000000000000000, 0.000000000000000000 ) ) ;
#829 = ORIENTED_EDGE ( 'NONE', *, *, #1686, .T. ) ;
#830 = ORIENTED_EDGE ( 'NONE', *, *, #297, .F. ) ;
#831 = EDGE_LOOP ( 'NONE', ( #704, #1383, #1883, #602 ) ) ;
#832 = ADVANCED_FACE ( 'NONE', ( #1173 ), #425, .F. ) ;
#833 = ADVANCED_FACE ( 'NONE', ( #885, #736 ), #1601, .F. ) ;
#834 = DIRECTION ( 'NONE',  ( 0.000000000000000000, 0.000000000000000000, -1.000000000000000000 ) ) ;
#835 = EDGE_CURVE ( 'NONE', #1254, #222, #905, .T. ) ;
#836 = CARTESIAN_POINT ( 'NONE',  ( -1.632236013016097331E-10, -3.000000000000000000, 884.0465336781118140 ) ) ;
#837 = AXIS2_PLACEMENT_3D ( 'NONE', #202, #1108, #532 ) ;
#838 = AXIS2_PLACEMENT_3D ( 'NONE', #311, #25, #910 ) ;
#839 = CARTESIAN_POINT ( 'NONE',  ( -575.3118485171189604, 0.000000000000000000, 589.0000000000870841 ) ) ;
#840 = VERTEX_POINT ( 'NONE', #610 ) ;
#841 = CIRCLE ( 'NONE', #1931, 796.3123076478486837 ) ;
#842 = ORIENTED_EDGE ( 'NONE', *, *, #180, .T. ) ;
#843 = VERTEX_POINT ( 'NONE', #1522 ) ;
#844 = AXIS2_PLACEMENT_3D ( 'NONE', #651, #1554, #204 ) ;
#845 = DIRECTION ( 'NONE',  ( 0.000000000000000000, 0.000000000000000000, 1.000000000000000000 ) ) ;
#846 = ORIENTED_EDGE ( 'NONE', *, *, #959, .F. ) ;
#847 = ADVANCED_FACE ( 'NONE', ( #177 ), #151, .F. ) ;
#848 = DIRECTION ( 'NONE',  ( 0.000000000000000000, 1.000000000000000000, 0.000000000000000000 ) ) ;
#849 = AXIS2_PLACEMENT_3D ( 'NONE', #300, #909, #1048 ) ;
#850 = CYLINDRICAL_SURFACE ( 'NONE', #1491, 504.8659570695131151 ) ;
#851 = ORIENTED_EDGE ( 'NONE', *, *, #347, .T. ) ;
#852 = VECTOR ( 'NONE', #1157, 1000.000000000000000 ) ;
#853 = EDGE_CURVE ( 'NONE', #1649, #368, #1346, .T. ) ;
#854 = VERTEX_POINT ( 'NONE', #1949 ) ;
#855 = ORIENTED_EDGE ( 'NONE', *, *, #627, .T. ) ;
#856 = ORIENTED_EDGE ( 'NONE', *, *, #1474, .F. ) ;
#857 = DIRECTION ( 'NONE',  ( 0.000000000000000000, 0.000000000000000000, 1.000000000000000000 ) ) ;
#858 = DIRECTION ( 'NONE',  ( 0.000000000000000000, 1.000000000000000000, 0.000000000000000000 ) ) ;
#859 = ORIENTED_EDGE ( 'NONE', *, *, #1363, .F. ) ;
#860 = DIRECTION ( 'NONE',  ( 0.000000000000000000, 1.000000000000000000, -0.000000000000000000 ) ) ;
#861 = ORIENTED_EDGE ( 'NONE', *, *, #1615, .T. ) ;
#862 = VERTEX_POINT ( 'NONE', #1658 ) ;
#863 = DIRECTION ( 'NONE',  ( 0.000000000000000000, 1.000000000000000000, 0.000000000000000000 ) ) ;
#864 = CARTESIAN_POINT ( 'NONE',  ( -114.6093613732010255, -3.000000000000000000, 743.9927474750005558 ) ) ;
#865 = CARTESIAN_POINT ( 'NONE',  ( -6.215167269729704458E-11, 0.000000000000000000, 289.2498285303523744 ) ) ;
#866 = CARTESIAN_POINT ( 'NONE',  ( -202.5178733171291015, -3.000000000000000000, 418.4297354669192828 ) ) ;
#867 = VERTEX_POINT ( 'NONE', #944 ) ;
#868 = LINE ( 'NONE', #1456, #661 ) ;
#869 = FACE_OUTER_BOUND ( 'NONE', #446, .T. ) ;
#870 = ORIENTED_EDGE ( 'NONE', *, *, #1828, .T. ) ;
#871 = ADVANCED_FACE ( 'NONE', ( #1334 ), #453, .T. ) ;
#872 = CARTESIAN_POINT ( 'NONE',  ( 299.2214713063115710, -3.000000000000000000, 650.5470603161913914 ) ) ;
#873 = CARTESIAN_POINT ( 'NONE',  ( -1.176489461407470571E-10, -3.000000000000000000, 1010.000000000162117 ) ) ;
#874 = ADVANCED_FACE ( 'NONE', ( #700 ), #850, .T. ) ;
#875 = DIRECTION ( 'NONE',  ( 0.000000000000000000, 1.000000000000000000, 0.000000000000000000 ) ) ;
#876 = VECTOR ( 'NONE', #1380, 1000.000000000000000 ) ;
#877 = CARTESIAN_POINT ( 'NONE',  ( -154.6804128137846419, 0.000000000000000000, 887.1809396737370434 ) ) ;
#878 = EDGE_CURVE ( 'NONE', #240, #152, #751, .T. ) ;
#879 = ORIENTED_EDGE ( 'NONE', *, *, #630, .F. ) ;
#880 = VECTOR ( 'NONE', #894, 1000.000000000000000 ) ;
#881 = VECTOR ( 'NONE', #428, 1000.000000000000000 ) ;
#882 = EDGE_CURVE ( 'NONE', #1467, #1072, #1582, .T. ) ;
#883 = ORIENTED_EDGE ( 'NONE', *, *, #1378, .T. ) ;
#884 = DIRECTION ( 'NONE',  ( 0.000000000000000000, 1.000000000000000000, 0.000000000000000000 ) ) ;
#885 = FACE_OUTER_BOUND ( 'NONE', #1002, .T. ) ;
#886 = CARTESIAN_POINT ( 'NONE',  ( 154.6804128135911469, 0.000000000000000000, 887.1809396737567113 ) ) ;
#887 = FACE_OUTER_BOUND ( 'NONE', #1344, .T. ) ;
#888 = ORIENTED_EDGE ( 'NONE', *, *, #1178, .F. ) ;
#889 = PERSON_AND_ORGANIZATION ( #1286, #971 ) ;
#890 = ORIENTED_EDGE ( 'NONE', *, *, #1615, .F. ) ;
#891 = DIRECTION ( 'NONE',  ( 0.000000000000000000, -0.000000000000000000, 1.000000000000000000 ) ) ;
#892 = EDGE_CURVE ( 'NONE', #1207, #977, #412, .T. ) ;
#893 = DIRECTION ( 'NONE',  ( 0.000000000000000000, 0.000000000000000000, -1.000000000000000000 ) ) ;
#894 = DIRECTION ( 'NONE',  ( 0.000000000000000000, 1.000000000000000000, 0.000000000000000000 ) ) ;
#895 = EDGE_CURVE ( 'NONE', #69, #58, #1885, .T. ) ;
#896 = DIRECTION ( 'NONE',  ( 0.000000000000000000, 0.000000000000000000, -1.000000000000000000 ) ) ;
#897 = DIRECTION ( 'NONE',  ( 0.000000000000000000, 0.000000000000000000, -1.000000000000000000 ) ) ;
#898 = ORIENTED_EDGE ( 'NONE', *, *, #1431, .T. ) ;
#899 = ADVANCED_FACE ( 'NONE', ( #1722 ), #220, .T. ) ;
#900 = VECTOR ( 'NONE', #671, 1000.000000000000000 ) ;
#901 = APPROVAL_DATE_TIME ( #609, #1518 ) ;
#902 = SECURITY_CLASSIFICATION ( '', '', #1333 ) ;
#903 = ORIENTED_EDGE ( 'NONE', *, *, #203, .F. ) ;
#904 = CARTESIAN_POINT ( 'NONE',  ( -6.215167269729704458E-11, -3.000000000000000000, 289.2498285303523744 ) ) ;
#905 = CIRCLE ( 'NONE', #519, 109.9534663218913124 ) ;
#906 = CARTESIAN_POINT ( 'NONE',  ( -155.5642003353715950, -3.000000000000000000, 290.3511718604371481 ) ) ;
#907 = AXIS2_PLACEMENT_3D ( 'NONE', #1301, #1891, #1865 ) ;
#908 = ADVANCED_FACE ( 'NONE', ( #1011 ), #1272, .T. ) ;
#909 = DIRECTION ( 'NONE',  ( 0.000000000000000000, 1.000000000000000000, 0.000000000000000000 ) ) ;
#910 = DIRECTION ( 'NONE',  ( 0.000000000000000000, 0.000000000000000000, 1.000000000000000000 ) ) ;
#911 = ORIENTED_EDGE ( 'NONE', *, *, #1796, .F. ) ;
#912 = AXIS2_PLACEMENT_3D ( 'NONE', #1614, #413, #259 ) ;
#913 = CALENDAR_DATE ( 2026, 28, 4 ) ;
#914 = ORIENTED_EDGE ( 'NONE', *, *, #469, .T. ) ;
#915 = DIRECTION ( 'NONE',  ( 0.000000000000000000, 0.000000000000000000, 1.000000000000000000 ) ) ;
#916 = CARTESIAN_POINT ( 'NONE',  ( -111.4715029352956037, -3.000000000000000000, 431.7233032491425320 ) ) ;
#917 = EDGE_CURVE ( 'NONE', #30, #1683, #681, .T. ) ;
#918 = CIRCLE ( 'NONE', #369, 290.9240958287997501 ) ;
#919 = DIRECTION ( 'NONE',  ( 0.000000000000000000, 0.000000000000000000, 1.000000000000000000 ) ) ;
#920 = LINE ( 'NONE', #429, #1843 ) ;
#921 = VERTEX_POINT ( 'NONE', #693 ) ;
#922 = DIRECTION ( 'NONE',  ( 0.000000000000000000, 1.000000000000000000, 0.000000000000000000 ) ) ;
#923 = CARTESIAN_POINT ( 'NONE',  ( 201.5410835394843048, 0.000000000000000000, 759.3560643218601172 ) ) ;
#924 = CARTESIAN_POINT ( 'NONE',  ( -202.5178733171438239, -3.000000000000000000, 759.5702645332669363 ) ) ;
#925 = CARTESIAN_POINT ( 'NONE',  ( 69.63393225853077695, 0.000000000000000000, 208.8601044515580725 ) ) ;
#926 = DIRECTION ( 'NONE',  ( 0.000000000000000000, 0.000000000000000000, -1.000000000000000000 ) ) ;
#927 = EDGE_LOOP ( 'NONE', ( #62, #992, #1026, #68 ) ) ;
#928 = VERTEX_POINT ( 'NONE', #1158 ) ;
#929 = ADVANCED_FACE ( 'NONE', ( #230 ), #1437, .F. ) ;
#930 = DIRECTION ( 'NONE',  ( 0.000000000000000000, 1.000000000000000000, -0.000000000000000000 ) ) ;
#931 = DIRECTION ( 'NONE',  ( 0.000000000000000000, 1.000000000000000000, -0.000000000000000000 ) ) ;
#932 = ORIENTED_EDGE ( 'NONE', *, *, #540, .F. ) ;
#933 = CIRCLE ( 'NONE', #294, 290.9240958289044556 ) ;
#934 = VECTOR ( 'NONE', #1086, 1000.000000000000000 ) ;
#935 = CARTESIAN_POINT ( 'NONE',  ( 290.6300325725773064, 0.000000000000000000, 526.5721301330062261 ) ) ;
#936 = VECTOR ( 'NONE', #1898, 1000.000000000000000 ) ;
#937 = EDGE_CURVE ( 'NONE', #1723, #1072, #1717, .T. ) ;
#938 = DIRECTION ( 'NONE',  ( -0.000000000000000000, -1.000000000000000000, -0.000000000000000000 ) ) ;
#939 = DIRECTION ( 'NONE',  ( 0.000000000000000000, 0.000000000000000000, -1.000000000000000000 ) ) ;
#940 = FACE_OUTER_BOUND ( 'NONE', #1146, .T. ) ;
#941 = VERTEX_POINT ( 'NONE', #1737 ) ;
#942 = ORIENTED_EDGE ( 'NONE', *, *, #670, .F. ) ;
#943 = DIRECTION ( 'NONE',  ( 0.000000000000000000, 0.000000000000000000, 1.000000000000000000 ) ) ;
#944 = CARTESIAN_POINT ( 'NONE',  ( -72.25018874813734726, 24.00000000000000000, 196.9057300928159577 ) ) ;
#945 = ORIENTED_EDGE ( 'NONE', *, *, #1780, .F. ) ;
#946 = ADVANCED_FACE ( 'NONE', ( #242 ), #542, .F. ) ;
#947 = AXIS2_PLACEMENT_3D ( 'NONE', #1161, #280, #270 ) ;
#948 = LINE ( 'NONE', #497, #388 ) ;
#949 = AXIS2_PLACEMENT_3D ( 'NONE', #1910, #130, #1942 ) ;
#950 = AXIS2_PLACEMENT_3D ( 'NONE', #572, #1036, #279 ) ;
#951 = DIRECTION ( 'NONE',  ( 0.000000000000000000, 0.000000000000000000, 1.000000000000000000 ) ) ;
#952 = DIRECTION ( 'NONE',  ( 0.000000000000000000, 0.000000000000000000, 1.000000000000000000 ) ) ;
#953 = ORIENTED_EDGE ( 'NONE', *, *, #1606, .F. ) ;
#954 = CARTESIAN_POINT ( 'NONE',  ( -1.632236013016097331E-10, -3.000000000000000000, 994.0000000000037517 ) ) ;
#955 = EDGE_LOOP ( 'NONE', ( #1107, #1684, #440, #107, #687, #1772, #1578, #1523, #1277, #1506, #284, #674, #1335 ) ) ;
#956 = ORIENTED_EDGE ( 'NONE', *, *, #94, .T. ) ;
#957 = EDGE_CURVE ( 'NONE', #978, #822, #1567, .T. ) ;
#958 = CARTESIAN_POINT ( 'NONE',  ( -1.176489461407470571E-10, 0.000000000000000000, 888.7501714698094020 ) ) ;
#959 = EDGE_CURVE ( 'NONE', #941, #240, #96, .T. ) ;
#960 = CYLINDRICAL_SURFACE ( 'NONE', #1719, 503.8659570695065213 ) ;
#961 = DIRECTION ( 'NONE',  ( 0.000000000000000000, 1.000000000000000000, -0.000000000000000000 ) ) ;
#962 = DIRECTION ( 'NONE',  ( 0.000000000000000000, 1.000000000000000000, 0.000000000000000000 ) ) ;
#963 = ORIENTED_EDGE ( 'NONE', *, *, #1594, .T. ) ;
#964 = UNCERTAINTY_MEASURE_WITH_UNIT (LENGTH_MEASURE( 1.000000000000000082E-05 ), #642, 'distance_accuracy_value', 'NONE');
#965 = CARTESIAN_POINT ( 'NONE',  ( 69.63393225855918445, 0.000000000000000000, 969.1398955483957707 ) ) ;
#966 = VERTEX_POINT ( 'NONE', #104 ) ;
#967 = ORIENTED_EDGE ( 'NONE', *, *, #1679, .T. ) ;
#968 = AXIS2_PLACEMENT_3D ( 'NONE', #1278, #1261, #834 ) ;
#969 = CARTESIAN_POINT ( 'NONE',  ( 188.0232137136578103, 0.000000000000000000, 752.7046179170415598 ) ) ;
#970 = LOCAL_TIME ( 15, 31, 29.00000000000000000, #6 ) ;
#971 = ORGANIZATION ( 'UNSPECIFIED', 'UNSPECIFIED', '' ) ;
#972 = DIRECTION ( 'NONE',  ( 0.000000000000000000, 0.000000000000000000, 1.000000000000000000 ) ) ;
#973 = ADVANCED_FACE ( 'NONE', ( #1539 ), #190, .F. ) ;
#974 = VECTOR ( 'NONE', #1469, 1000.000000000000000 ) ;
#975 = ORIENTED_EDGE ( 'NONE', *, *, #1940, .T. ) ;
#976 = VECTOR ( 'NONE', #1283, 1000.000000000000000 ) ;
#977 = VERTEX_POINT ( 'NONE', #348 ) ;
#978 = VERTEX_POINT ( 'NONE', #478 ) ;
#979 = CARTESIAN_POINT ( 'NONE',  ( -202.5178733171291015, -3.000000000000000000, 418.4297354669192828 ) ) ;
#980 = AXIS2_PLACEMENT_3D ( 'NONE', #1390, #494, #1098 ) ;
#981 = CARTESIAN_POINT ( 'NONE',  ( -6.215167269729704458E-11, 24.00000000000000000, 289.2498285303523744 ) ) ;
#982 = CARTESIAN_POINT ( 'NONE',  ( 290.6300325725773064, -3.000000000000000000, 526.5721301330062261 ) ) ;
#983 = ORIENTED_EDGE ( 'NONE', *, *, #1386, .T. ) ;
#984 = EDGE_CURVE ( 'NONE', #941, #843, #267, .T. ) ;
#985 = EDGE_LOOP ( 'NONE', ( #945, #742, #40, #174 ) ) ;
#986 = DIRECTION ( 'NONE',  ( 0.000000000000000000, 0.000000000000000000, -1.000000000000000000 ) ) ;
#987 = DIRECTION ( 'NONE',  ( -0.000000000000000000, -1.000000000000000000, -0.000000000000000000 ) ) ;
#988 = DIRECTION ( 'NONE',  ( 0.000000000000000000, 1.000000000000000000, 0.000000000000000000 ) ) ;
#989 = DIRECTION ( 'NONE',  ( 1.000000000000000000, 0.000000000000000000, 0.000000000000000000 ) ) ;
#990 = CARTESIAN_POINT ( 'NONE',  ( -111.4715029354905482, 24.00000000000000000, 746.2766967510176528 ) ) ;
#991 = ORIENTED_EDGE ( 'NONE', *, *, #1862, .F. ) ;
#992 = ORIENTED_EDGE ( 'NONE', *, *, #1709, .F. ) ;
#993 = EDGE_CURVE ( 'NONE', #1072, #1879, #1365, .T. ) ;
#994 = CARTESIAN_POINT ( 'NONE',  ( -1.176489461407470571E-10, -3.000000000000000000, 888.7501714698094020 ) ) ;
#995 = CARTESIAN_POINT ( 'NONE',  ( -188.0232137140119164, -3.000000000000000000, 752.7046179168320350 ) ) ;
#996 = AXIS2_PLACEMENT_3D ( 'NONE', #730, #1472, #1298 ) ;
#997 = CIRCLE ( 'NONE', #1562, 797.7728267955160391 ) ;
#998 = CARTESIAN_POINT ( 'NONE',  ( 290.6300325725773064, 24.00000000000000000, 526.5721301330062261 ) ) ;
#999 = DIRECTION ( 'NONE',  ( 0.000000000000000000, 1.000000000000000000, 0.000000000000000000 ) ) ;
#1000 = ORIENTED_EDGE ( 'NONE', *, *, #1780, .T. ) ;
#1001 = AXIS2_PLACEMENT_3D ( 'NONE', #264, #728, #567 ) ;
#1002 = EDGE_LOOP ( 'NONE', ( #1724, #476, #1803, #1428, #771, #1208, #1408, #932, #1132, #207, #856, #374, #106 ) ) ;
#1003 = ORIENTED_EDGE ( 'NONE', *, *, #1325, .T. ) ;
#1004 = AXIS2_PLACEMENT_3D ( 'NONE', #982, #517, #1121 ) ;
#1005 = ORIENTED_EDGE ( 'NONE', *, *, #1100, .T. ) ;
#1006 = AXIS2_PLACEMENT_3D ( 'NONE', #1502, #1603, #825 ) ;
#1007 = CARTESIAN_POINT ( 'NONE',  ( -152.0290502491681366, 0.000000000000000000, 885.7772742752396198 ) ) ;
#1008 = CARTESIAN_POINT ( 'NONE',  ( -155.5642003353227665, 0.000000000000000000, 887.6488281399026619 ) ) ;
#1009 = CYLINDRICAL_SURFACE ( 'NONE', #1243, 109.9534663218919519 ) ;
#1010 = AXIS2_PLACEMENT_3D ( 'NONE', #1303, #1904, #1021 ) ;
#1011 = FACE_OUTER_BOUND ( 'NONE', #608, .T. ) ;
#1012 = ORIENTED_EDGE ( 'NONE', *, *, #1431, .F. ) ;
#1013 = ORIENTED_EDGE ( 'NONE', *, *, #493, .F. ) ;
#1014 = CARTESIAN_POINT ( 'NONE',  ( -155.5642003353715950, 0.000000000000000000, 290.3511718604371481 ) ) ;
#1015 = DIRECTION ( 'NONE',  ( 0.000000000000000000, 1.000000000000000000, 0.000000000000000000 ) ) ;
#1016 = ORIENTED_EDGE ( 'NONE', *, *, #1503, .F. ) ;
#1017 = CARTESIAN_POINT ( 'NONE',  ( -69.63393225881009130, -3.000000000000000000, 208.8601044515525871 ) ) ;
#1018 = EDGE_CURVE ( 'NONE', #1293, #58, #145, .T. ) ;
#1019 = CARTESIAN_POINT ( 'NONE',  ( -6.215167269729704458E-11, 0.000000000000000000, 289.2498285303523744 ) ) ;
#1020 = DIRECTION ( 'NONE',  ( 0.000000000000000000, 0.000000000000000000, -1.000000000000000000 ) ) ;
#1021 = DIRECTION ( 'NONE',  ( 0.000000000000000000, 0.000000000000000000, 1.000000000000000000 ) ) ;
#1022 = ORIENTED_EDGE ( 'NONE', *, *, #821, .T. ) ;
#1023 = DIRECTION ( 'NONE',  ( 0.000000000000000000, 1.000000000000000000, 0.000000000000000000 ) ) ;
#1024 = LINE ( 'NONE', #570, #708 ) ;
#1025 = AXIS2_PLACEMENT_3D ( 'NONE', #1563, #1728, #211 ) ;
#1026 = ORIENTED_EDGE ( 'NONE', *, *, #984, .F. ) ;
#1027 = EDGE_CURVE ( 'NONE', #462, #1946, #396, .T. ) ;
#1028 = DIRECTION ( 'NONE',  ( 0.000000000000000000, 0.000000000000000000, -1.000000000000000000 ) ) ;
#1029 = ORIENTED_EDGE ( 'NONE', *, *, #753, .F. ) ;
#1030 = VECTOR ( 'NONE', #1306, 1000.000000000000000 ) ;
#1031 = EDGE_LOOP ( 'NONE', ( #134, #682, #1078, #983 ) ) ;
#1032 = DIRECTION ( 'NONE',  ( 0.000000000000000000, 1.000000000000000000, -0.000000000000000000 ) ) ;
#1033 = AXIS2_PLACEMENT_3D ( 'NONE', #810, #1084, #1242 ) ;
#1034 = VECTOR ( 'NONE', #1118, 1000.000000000000000 ) ;
#1035 = DIRECTION ( 'NONE',  ( 0.000000000000000000, 0.000000000000000000, 1.000000000000000000 ) ) ;
#1036 = DIRECTION ( 'NONE',  ( 0.000000000000000000, 1.000000000000000000, 0.000000000000000000 ) ) ;
#1037 = EDGE_CURVE ( 'NONE', #867, #928, #1847, .T. ) ;
#1038 = CARTESIAN_POINT ( 'NONE',  ( -198.6107142070188161, 0.000000000000000000, 758.7134636881979759 ) ) ;
#1039 = CARTESIAN_POINT ( 'NONE',  ( -1.176489461407343651E-10, 24.00000000000000000, 888.7501714698312298 ) ) ;
#1040 = VERTEX_POINT ( 'NONE', #318 ) ;
#1041 = AXIS2_PLACEMENT_3D ( 'NONE', #1944, #103, #1327 ) ;
#1042 = ADVANCED_FACE ( 'NONE', ( #1396 ), #802, .T. ) ;
#1043 = ORIENTED_EDGE ( 'NONE', *, *, #821, .F. ) ;
#1044 = PLANE ( 'NONE',  #683 ) ;
#1045 = CARTESIAN_POINT ( 'NONE',  ( -1.411232242176652107E-10, -3.000000000000000000, 293.9534663218824448 ) ) ;
#1046 = CARTESIAN_POINT ( 'NONE',  ( -1.176489461407343651E-10, 24.00000000000000000, 888.7501714698312298 ) ) ;
#1047 = ORIENTED_EDGE ( 'NONE', *, *, #937, .F. ) ;
#1048 = DIRECTION ( 'NONE',  ( 0.000000000000000000, 0.000000000000000000, 1.000000000000000000 ) ) ;
#1049 = DIRECTION ( 'NONE',  ( -0.000000000000000000, -1.000000000000000000, -0.000000000000000000 ) ) ;
#1050 = ORIENTED_EDGE ( 'NONE', *, *, #882, .T. ) ;
#1051 = PERSON_AND_ORGANIZATION_ROLE ( 'classification_officer' ) ;
#1052 = VERTEX_POINT ( 'NONE', #1252 ) ;
#1053 = EDGE_CURVE ( 'NONE', #1574, #1293, #1781, .T. ) ;
#1054 = DIRECTION ( 'NONE',  ( 0.000000000000000000, 1.000000000000000000, -0.000000000000000000 ) ) ;
#1055 = DIRECTION ( 'NONE',  ( 0.000000000000000000, -0.000000000000000000, -1.000000000000000000 ) ) ;
#1056 = DIRECTION ( 'NONE',  ( 0.000000000000000000, 0.000000000000000000, -1.000000000000000000 ) ) ;
#1057 = ORIENTED_EDGE ( 'NONE', *, *, #1895, .T. ) ;
#1058 = AXIS2_PLACEMENT_3D ( 'NONE', #935, #1528, #615 ) ;
#1059 = AXIS2_PLACEMENT_3D ( 'NONE', #1330, #1810, #450 ) ;
#1060 = VERTEX_POINT ( 'NONE', #924 ) ;
#1061 = EDGE_CURVE ( 'NONE', #1671, #1683, #1565, .T. ) ;
#1062 = AXIS2_PLACEMENT_3D ( 'NONE', #562, #1775, #1620 ) ;
#1063 = DIRECTION ( 'NONE',  ( -0.000000000000000000, -1.000000000000000000, -0.000000000000000000 ) ) ;
#1064 = AXIS2_PLACEMENT_3D ( 'NONE', #769, #791, #1214 ) ;
#1065 = DIRECTION ( 'NONE',  ( 0.000000000000000000, 0.000000000000000000, -1.000000000000000000 ) ) ;
#1066 = CIRCLE ( 'NONE', #1529, 120.2498285302573464 ) ;
#1067 = CARTESIAN_POINT ( 'NONE',  ( -188.0232137141057933, 0.000000000000000000, 425.2953820835717806 ) ) ;
#1068 = DIRECTION ( 'NONE',  ( 0.000000000000000000, 1.000000000000000000, -0.000000000000000000 ) ) ;
#1069 = ORIENTED_EDGE ( 'NONE', *, *, #1376, .T. ) ;
#1070 = APPROVAL_ROLE ( '' ) ;
#1071 = CARTESIAN_POINT ( 'NONE',  ( 69.63393225855918445, -3.000000000000000000, 969.1398955483957707 ) ) ;
#1072 = VERTEX_POINT ( 'NONE', #161 ) ;
#1073 = DIRECTION ( 'NONE',  ( -0.000000000000000000, -1.000000000000000000, -0.000000000000000000 ) ) ;
#1074 = CYLINDRICAL_SURFACE ( 'NONE', #844, 298.1492120702766897 ) ;
#1075 = ADVANCED_FACE ( 'NONE', ( #1385 ), #960, .T. ) ;
#1076 = DIRECTION ( 'NONE',  ( 0.000000000000000000, 0.000000000000000000, -1.000000000000000000 ) ) ;
#1077 = CARTESIAN_POINT ( 'NONE',  ( 198.6107142068849782, 0.000000000000000000, 758.7134636880581411 ) ) ;
#1078 = ORIENTED_EDGE ( 'NONE', *, *, #1088, .T. ) ;
#1079 = PERSON_AND_ORGANIZATION ( #1286, #971 ) ;
#1080 = CARTESIAN_POINT ( 'NONE',  ( 299.2214713067994012, -3.000000000000000000, 527.4529396839766378 ) ) ;
#1081 = ORIENTED_EDGE ( 'NONE', *, *, #1237, .T. ) ;
#1082 = PRODUCT_DEFINITION_SHAPE ( 'NONE', 'NONE',  #391 ) ;
#1083 = CARTESIAN_POINT ( 'NONE',  ( -575.3118485171189604, 0.000000000000000000, 589.0000000000870841 ) ) ;
#1084 = DIRECTION ( 'NONE',  ( 0.000000000000000000, 1.000000000000000000, 0.000000000000000000 ) ) ;
#1085 = FACE_OUTER_BOUND ( 'NONE', #379, .T. ) ;
#1086 = DIRECTION ( 'NONE',  ( 0.000000000000000000, 1.000000000000000000, 0.000000000000000000 ) ) ;
#1087 = ORIENTED_EDGE ( 'NONE', *, *, #1448, .F. ) ;
#1088 = EDGE_CURVE ( 'NONE', #921, #966, #1527, .T. ) ;
#1089 = DIRECTION ( 'NONE',  ( 0.000000000000000000, 1.000000000000000000, 0.000000000000000000 ) ) ;
#1090 = DIRECTION ( 'NONE',  ( 0.000000000000000000, 1.000000000000000000, 0.000000000000000000 ) ) ;
#1091 = ORIENTED_EDGE ( 'NONE', *, *, #70, .F. ) ;
#1092 = CYLINDRICAL_SURFACE ( 'NONE', #206, 298.1492120700647774 ) ;
#1093 = AXIS2_PLACEMENT_3D ( 'NONE', #1917, #1765, #277 ) ;
#1094 = DIRECTION ( 'NONE',  ( 0.000000000000000000, 1.000000000000000000, 0.000000000000000000 ) ) ;
#1095 = AXIS2_PLACEMENT_3D ( 'NONE', #378, #1758, #39 ) ;
#1096 = CARTESIAN_POINT ( 'NONE',  ( 202.5178733170177736, -3.000000000000000000, 759.5702645331276699 ) ) ;
#1097 = PRODUCT_RELATED_PRODUCT_CATEGORY ( 'detail', '', ( #1860 ) ) ;
#1098 = DIRECTION ( 'NONE',  ( 0.000000000000000000, 0.000000000000000000, -1.000000000000000000 ) ) ;
#1099 = ORIENTED_EDGE ( 'NONE', *, *, #1378, .F. ) ;
#1100 = EDGE_CURVE ( 'NONE', #1617, #1894, #1816, .T. ) ;
#1101 = CARTESIAN_POINT ( 'NONE',  ( -1.176489461407470571E-10, 0.000000000000000000, 888.7501714698094020 ) ) ;
#1102 = DIRECTION ( 'NONE',  ( 0.000000000000000000, 0.000000000000000000, -1.000000000000000000 ) ) ;
#1103 = FACE_OUTER_BOUND ( 'NONE', #1731, .T. ) ;
#1104 = DIRECTION ( 'NONE',  ( -0.000000000000000000, -1.000000000000000000, -0.000000000000000000 ) ) ;
#1105 = ORIENTED_EDGE ( 'NONE', *, *, #937, .T. ) ;
#1106 = DIRECTION ( 'NONE',  ( 0.000000000000000000, 0.000000000000000000, 1.000000000000000000 ) ) ;
#1107 = ORIENTED_EDGE ( 'NONE', *, *, #766, .F. ) ;
#1108 = DIRECTION ( 'NONE',  ( 0.000000000000000000, 1.000000000000000000, 0.000000000000000000 ) ) ;
#1109 = ADVANCED_FACE ( 'NONE', ( #1818 ), #55, .T. ) ;
#1110 = LINE ( 'NONE', #1863, #1630 ) ;
#1111 = LINE ( 'NONE', #1406, #1745 ) ;
#1112 = ORIENTED_EDGE ( 'NONE', *, *, #1315, .T. ) ;
#1113 = ORIENTED_EDGE ( 'NONE', *, *, #1741, .F. ) ;
#1114 = VECTOR ( 'NONE', #1735, 1000.000000000000000 ) ;
#1115 = LINE ( 'NONE', #1572, #809 ) ;
#1116 = CIRCLE ( 'NONE', #1899, 503.8659570695065213 ) ;
#1117 = ADVANCED_FACE ( 'NONE', ( #1838 ), #308, .T. ) ;
#1118 = DIRECTION ( 'NONE',  ( 0.000000000000000000, 1.000000000000000000, 0.000000000000000000 ) ) ;
#1119 = AXIS2_PLACEMENT_3D ( 'NONE', #1323, #1610, #1787 ) ;
#1120 = DIRECTION ( 'NONE',  ( 0.000000000000000000, 0.000000000000000000, -1.000000000000000000 ) ) ;
#1121 = DIRECTION ( 'NONE',  ( 0.000000000000000000, 0.000000000000000000, 1.000000000000000000 ) ) ;
#1122 = ORIENTED_EDGE ( 'NONE', *, *, #892, .T. ) ;
#1123 = ORIENTED_EDGE ( 'NONE', *, *, #853, .F. ) ;
#1124 = ORIENTED_EDGE ( 'NONE', *, *, #1037, .F. ) ;
#1125 = LINE ( 'NONE', #979, #358 ) ;
#1126 = AXIS2_PLACEMENT_3D ( 'NONE', #803, #329, #939 ) ;
#1127 = VECTOR ( 'NONE', #1186, 1000.000000000000000 ) ;
#1128 = LINE ( 'NONE', #376, #780 ) ;
#1129 = PERSON_AND_ORGANIZATION ( #1286, #971 ) ;
#1130 = EDGE_LOOP ( 'NONE', ( #1593, #1124, #956, #694 ) ) ;
#1131 = ADVANCED_FACE ( 'NONE', ( #44 ), #1074, .F. ) ;
#1132 = ORIENTED_EDGE ( 'NONE', *, *, #347, .F. ) ;
#1133 = CYLINDRICAL_SURFACE ( 'NONE', #775, 797.7728267955159254 ) ;
#1134 = CARTESIAN_POINT ( 'NONE',  ( -74.71501755527437183, 0.000000000000000000, 193.7553937692446766 ) ) ;
#1135 = DIRECTION ( 'NONE',  ( -0.000000000000000000, -1.000000000000000000, -0.000000000000000000 ) ) ;
#1136 = ORIENTED_EDGE ( 'NONE', *, *, #1166, .F. ) ;
#1137 = EDGE_CURVE ( 'NONE', #381, #1206, #1568, .T. ) ;
#1138 = ORIENTED_EDGE ( 'NONE', *, *, #323, .F. ) ;
#1139 = EDGE_LOOP ( 'NONE', ( #1640, #325, #1893, #1750 ) ) ;
#1140 = EDGE_CURVE ( 'NONE', #1426, #1490, #496, .T. ) ;
#1141 = CYLINDRICAL_SURFACE ( 'NONE', #1561, 497.8388792129530884 ) ;
#1142 = DIRECTION ( 'NONE',  ( 0.000000000000000000, 1.000000000000000000, -0.000000000000000000 ) ) ;
#1143 = AXIS2_PLACEMENT_3D ( 'NONE', #1039, #290, #2 ) ;
#1144 = CC_DESIGN_SECURITY_CLASSIFICATION ( #902, ( #650 ) ) ;
#1145 = CARTESIAN_POINT ( 'NONE',  ( -154.6804128137846419, 24.00000000000000000, 887.1809396737370434 ) ) ;
#1146 = EDGE_LOOP ( 'NONE', ( #1258, #404, #1704, #351 ) ) ;
#1147 = DIRECTION ( 'NONE',  ( 0.000000000000000000, 0.000000000000000000, 1.000000000000000000 ) ) ;
#1148 = AXIS2_PLACEMENT_3D ( 'NONE', #739, #1930, #585 ) ;
#1149 = ORIENTED_EDGE ( 'NONE', *, *, #480, .T. ) ;
#1150 = VERTEX_POINT ( 'NONE', #1884 ) ;
#1151 = ORIENTED_EDGE ( 'NONE', *, *, #1507, .T. ) ;
#1152 = DIRECTION ( 'NONE',  ( 0.000000000000000000, 0.000000000000000000, 1.000000000000000000 ) ) ;
#1153 = EDGE_CURVE ( 'NONE', #1925, #1447, #365, .T. ) ;
#1154 = ORIENTED_EDGE ( 'NONE', *, *, #1420, .T. ) ;
#1155 = DIRECTION ( 'NONE',  ( 0.000000000000000000, 0.000000000000000000, -1.000000000000000000 ) ) ;
#1156 = CIRCLE ( 'NONE', #527, 796.3123076478486837 ) ;
#1157 = DIRECTION ( 'NONE',  ( -0.000000000000000000, -1.000000000000000000, -0.000000000000000000 ) ) ;
#1158 = CARTESIAN_POINT ( 'NONE',  ( -72.25018874813734726, 0.000000000000000000, 196.9057300928159577 ) ) ;
#1159 = ORIENTED_EDGE ( 'NONE', *, *, #1651, .F. ) ;
#1160 = CARTESIAN_POINT ( 'NONE',  ( 188.0232137136554229, -3.000000000000000000, 752.7046179170411051 ) ) ;
#1161 = CARTESIAN_POINT ( 'NONE',  ( -111.4715029352956037, 24.00000000000000000, 431.7233032491425320 ) ) ;
#1162 = ORIENTED_EDGE ( 'NONE', *, *, #1027, .T. ) ;
#1163 = DIRECTION ( 'NONE',  ( 0.000000000000000000, 0.000000000000000000, -1.000000000000000000 ) ) ;
#1164 = VECTOR ( 'NONE', #1308, 1000.000000000000000 ) ;
#1165 = CARTESIAN_POINT ( 'NONE',  ( -114.6093613730944440, -3.000000000000000000, 434.0072525249416344 ) ) ;
#1166 = EDGE_CURVE ( 'NONE', #234, #253, #586, .T. ) ;
#1167 = LINE ( 'NONE', #1464, #1839 ) ;
#1168 = DIRECTION ( 'NONE',  ( 0.000000000000000000, 1.000000000000000000, 0.000000000000000000 ) ) ;
#1169 = FACE_OUTER_BOUND ( 'NONE', #1560, .T. ) ;
#1170 = ORIENTED_EDGE ( 'NONE', *, *, #917, .F. ) ;
#1171 = ORIENTED_EDGE ( 'NONE', *, *, #84, .T. ) ;
#1172 = CARTESIAN_POINT ( 'NONE',  ( 202.5178733170249643, -3.000000000000000000, 418.4297354670798654 ) ) ;
#1173 = FACE_OUTER_BOUND ( 'NONE', #1239, .T. ) ;
#1174 = DIRECTION ( 'NONE',  ( 0.000000000000000000, 1.000000000000000000, -0.000000000000000000 ) ) ;
#1175 = CIRCLE ( 'NONE', #1418, 795.3123076478484563 ) ;
#1176 = CARTESIAN_POINT ( 'NONE',  ( 575.3118485169577525, -3.000000000000000000, 589.0000000001384706 ) ) ;
#1177 =( GEOMETRIC_REPRESENTATION_CONTEXT ( 3 ) GLOBAL_UNCERTAINTY_ASSIGNED_CONTEXT ( ( #964 ) ) GLOBAL_UNIT_ASSIGNED_CONTEXT ( ( #642, #1235, #489 ) ) REPRESENTATION_CONTEXT ( 'NONE', 'WORKASPACE' ) );
#1178 = EDGE_CURVE ( 'NONE', #291, #977, #1367, .T. ) ;
#1179 = FACE_OUTER_BOUND ( 'NONE', #955, .T. ) ;
#1180 = VERTEX_POINT ( 'NONE', #541 ) ;
#1181 = APPROVAL_DATE_TIME ( #1508, #1552 ) ;
#1182 = CARTESIAN_POINT ( 'NONE',  ( 74.09881035334066723, 0.000000000000000000, 194.5429778501348608 ) ) ;
#1183 = AXIS2_PLACEMENT_3D ( 'NONE', #1680, #938, #499 ) ;
#1184 = CIRCLE ( 'NONE', #1914, 797.7728267964458837 ) ;
#1185 = DIRECTION ( 'NONE',  ( 0.000000000000000000, 0.000000000000000000, 1.000000000000000000 ) ) ;
#1186 = DIRECTION ( 'NONE',  ( 0.000000000000000000, 1.000000000000000000, 0.000000000000000000 ) ) ;
#1187 = ORIENTED_EDGE ( 'NONE', *, *, #1852, .T. ) ;
#1188 = DIRECTION ( 'NONE',  ( 0.000000000000000000, 0.000000000000000000, 1.000000000000000000 ) ) ;
#1189 = VERTEX_POINT ( 'NONE', #995 ) ;
#1190 = EDGE_CURVE ( 'NONE', #634, #127, #303, .T. ) ;
#1191 = CIRCLE ( 'NONE', #1433, 503.8659570693220076 ) ;
#1192 = PERSON_AND_ORGANIZATION_ROLE ( 'creator' ) ;
#1193 = FACE_OUTER_BOUND ( 'NONE', #1295, .T. ) ;
#1194 = DIRECTION ( 'NONE',  ( 0.000000000000000000, 1.000000000000000000, 0.000000000000000000 ) ) ;
#1195 = CARTESIAN_POINT ( 'NONE',  ( 592.7727143283174200, -3.000000000000000000, 588.9999999999979536 ) ) ;
#1196 = DIRECTION ( 'NONE',  ( 0.000000000000000000, 0.000000000000000000, -1.000000000000000000 ) ) ;
#1197 = LINE ( 'NONE', #156, #1328 ) ;
#1198 = ORIENTED_EDGE ( 'NONE', *, *, #1661, .T. ) ;
#1199 = SHAPE_DEFINITION_REPRESENTATION ( #1082, #398 ) ;
#1200 = DIRECTION ( 'NONE',  ( -0.000000000000000000, -1.000000000000000000, -0.000000000000000000 ) ) ;
#1201 = ORIENTED_EDGE ( 'NONE', *, *, #32, .T. ) ;
#1202 = DIRECTION ( 'NONE',  ( -0.000000000000000000, -1.000000000000000000, -0.000000000000000000 ) ) ;
#1203 = CIRCLE ( 'NONE', #545, 302.1492120702759507 ) ;
#1204 = DIRECTION ( 'NONE',  ( 0.000000000000000000, 1.000000000000000000, 0.000000000000000000 ) ) ;
#1205 = FACE_OUTER_BOUND ( 'NONE', #13, .T. ) ;
#1206 = VERTEX_POINT ( 'NONE', #1890 ) ;
#1207 = VERTEX_POINT ( 'NONE', #1262 ) ;
#1208 = ORIENTED_EDGE ( 'NONE', *, *, #295, .F. ) ;
#1209 = AXIS2_PLACEMENT_3D ( 'NONE', #255, #863, #1815 ) ;
#1210 = VECTOR ( 'NONE', #74, 1000.000000000000000 ) ;
#1211 = CARTESIAN_POINT ( 'NONE',  ( -154.6804128138301451, 0.000000000000000000, 290.8190603266042444 ) ) ;
#1212 = EDGE_CURVE ( 'NONE', #1040, #1925, #1427, .T. ) ;
#1213 = AXIS2_PLACEMENT_3D ( 'NONE', #916, #196, #951 ) ;
#1214 = DIRECTION ( 'NONE',  ( 0.000000000000000000, 0.000000000000000000, 1.000000000000000000 ) ) ;
#1215 = CARTESIAN_POINT ( 'NONE',  ( -290.6300325726267033, 24.00000000000000000, 526.5721301330198685 ) ) ;
#1216 = ORIENTED_EDGE ( 'NONE', *, *, #1521, .F. ) ;
#1217 = AXIS2_PLACEMENT_3D ( 'NONE', #1647, #1320, #573 ) ;
#1218 = CARTESIAN_POINT ( 'NONE',  ( 290.6300325727568179, 24.00000000000000000, 651.4278698671915890 ) ) ;
#1219 = VERTEX_POINT ( 'NONE', #1874 ) ;
#1220 = DIRECTION ( 'NONE',  ( 0.000000000000000000, 1.000000000000000000, 0.000000000000000000 ) ) ;
#1221 = CYLINDRICAL_SURFACE ( 'NONE', #649, 497.8388792122464679 ) ;
#1222 = ADVANCED_FACE ( 'NONE', ( #1746 ), #1009, .F. ) ;
#1223 = DIRECTION ( 'NONE',  ( 0.000000000000000000, 1.000000000000000000, 0.000000000000000000 ) ) ;
#1224 = FACE_OUTER_BOUND ( 'NONE', #89, .T. ) ;
#1225 = DIRECTION ( 'NONE',  ( 0.000000000000000000, 1.000000000000000000, 0.000000000000000000 ) ) ;
#1226 = ORIENTED_EDGE ( 'NONE', *, *, #1260, .T. ) ;
#1227 = DIRECTION ( 'NONE',  ( 0.000000000000000000, 1.000000000000000000, 0.000000000000000000 ) ) ;
#1228 = DIRECTION ( 'NONE',  ( 0.000000000000000000, 0.000000000000000000, 1.000000000000000000 ) ) ;
#1229 = ORIENTED_EDGE ( 'NONE', *, *, #1294, .F. ) ;
#1230 = DIRECTION ( 'NONE',  ( 0.000000000000000000, 0.000000000000000000, -1.000000000000000000 ) ) ;
#1231 = DIRECTION ( 'NONE',  ( 0.000000000000000000, 1.000000000000000000, -0.000000000000000000 ) ) ;
#1232 = CC_DESIGN_PERSON_AND_ORGANIZATION_ASSIGNMENT ( #135, #1192, ( #650 ) ) ;
#1233 = ADVANCED_FACE ( 'NONE', ( #384 ), #218, .T. ) ;
#1234 = CARTESIAN_POINT ( 'NONE',  ( -1.176489461407343651E-10, -3.000000000000000000, 888.7501714698312298 ) ) ;
#1235 =( NAMED_UNIT ( * ) PLANE_ANGLE_UNIT ( ) SI_UNIT ( $, .RADIAN. ) );
#1236 = EDGE_LOOP ( 'NONE', ( #1557, #1381, #823, #1938 ) ) ;
#1237 = EDGE_CURVE ( 'NONE', #1845, #1040, #1066, .T. ) ;
#1238 = CARTESIAN_POINT ( 'NONE',  ( -575.3118485171189604, 24.00000000000000000, 589.0000000000870841 ) ) ;
#1239 = EDGE_LOOP ( 'NONE', ( #1113, #485, #415, #465 ) ) ;
#1240 = CIRCLE ( 'NONE', #1025, 796.3123076478382245 ) ;
#1241 = CARTESIAN_POINT ( 'NONE',  ( -114.6093613732010255, 0.000000000000000000, 743.9927474750005558 ) ) ;
#1242 = DIRECTION ( 'NONE',  ( 0.000000000000000000, 0.000000000000000000, 1.000000000000000000 ) ) ;
#1243 = AXIS2_PLACEMENT_3D ( 'NONE', #836, #1444, #1573 ) ;
#1244 = CARTESIAN_POINT ( 'NONE',  ( 69.63393225853077695, -3.000000000000000000, 208.8601044515580725 ) ) ;
#1245 = ORIENTED_EDGE ( 'NONE', *, *, #1246, .T. ) ;
#1246 = EDGE_CURVE ( 'NONE', #152, #1668, #1492, .T. ) ;
#1247 = CARTESIAN_POINT ( 'NONE',  ( 154.6804128136138274, 0.000000000000000000, 290.8190603264903871 ) ) ;
#1248 = ORIENTED_EDGE ( 'NONE', *, *, #5, .F. ) ;
#1249 = CIRCLE ( 'NONE', #626, 301.1492120700684154 ) ;
#1250 = CARTESIAN_POINT ( 'NONE',  ( -198.6107142070006546, 24.00000000000000000, 419.2865363119890958 ) ) ;
#1251 = EDGE_CURVE ( 'NONE', #1463, #1851, #1110, .T. ) ;
#1252 = CARTESIAN_POINT ( 'NONE',  ( -201.5410835396159825, 24.00000000000000000, 759.3560643220004067 ) ) ;
#1253 = DIRECTION ( 'NONE',  ( 0.000000000000000000, 1.000000000000000000, 0.000000000000000000 ) ) ;
#1254 = VERTEX_POINT ( 'NONE', #524 ) ;
#1255 = AXIS2_PLACEMENT_3D ( 'NONE', #1324, #438, #417 ) ;
#1256 = CARTESIAN_POINT ( 'NONE',  ( -111.4715029352956037, 24.00000000000000000, 431.7233032491425320 ) ) ;
#1257 = ORIENTED_EDGE ( 'NONE', *, *, #1862, .T. ) ;
#1258 = ORIENTED_EDGE ( 'NONE', *, *, #523, .F. ) ;
#1259 = EDGE_CURVE ( 'NONE', #1478, #231, #1128, .T. ) ;
#1260 = EDGE_CURVE ( 'NONE', #1265, #634, #86, .T. ) ;
#1261 = DIRECTION ( 'NONE',  ( 0.000000000000000000, 1.000000000000000000, -0.000000000000000000 ) ) ;
#1262 = CARTESIAN_POINT ( 'NONE',  ( 152.0290502489732489, 24.00000000000000000, 885.7772742752579234 ) ) ;
#1263 = CARTESIAN_POINT ( 'NONE',  ( 290.6300325727568179, 24.00000000000000000, 651.4278698671915890 ) ) ;
#1264 = DIRECTION ( 'NONE',  ( -0.000000000000000000, -1.000000000000000000, -0.000000000000000000 ) ) ;
#1265 = VERTEX_POINT ( 'NONE', #1134 ) ;
#1266 = ORIENTED_EDGE ( 'NONE', *, *, #1027, .F. ) ;
#1267 = VECTOR ( 'NONE', #1951, 1000.000000000000000 ) ;
#1268 = CARTESIAN_POINT ( 'NONE',  ( 152.0290502489959295, 24.00000000000000000, 292.2227257249892318 ) ) ;
#1269 = APPROVAL_PERSON_ORGANIZATION ( #889, #1292, #1070 ) ;
#1270 = EDGE_CURVE ( 'NONE', #335, #1596, #250, .T. ) ;
#1271 = DIRECTION ( 'NONE',  ( -0.000000000000000000, -1.000000000000000000, -0.000000000000000000 ) ) ;
#1272 = CYLINDRICAL_SURFACE ( 'NONE', #1004, 504.8659570693232581 ) ;
#1273 = ORIENTED_EDGE ( 'NONE', *, *, #1767, .F. ) ;
#1274 = AXIS2_PLACEMENT_3D ( 'NONE', #1544, #1512, #22 ) ;
#1275 = CIRCLE ( 'NONE', #1783, 497.8388792125630857 ) ;
#1276 = ORIENTED_EDGE ( 'NONE', *, *, #43, .T. ) ;
#1277 = ORIENTED_EDGE ( 'NONE', *, *, #512, .F. ) ;
#1278 = CARTESIAN_POINT ( 'NONE',  ( 290.6300325727568179, -3.000000000000000000, 651.4278698671915890 ) ) ;
#1279 = EDGE_LOOP ( 'NONE', ( #851, #99, #354, #1187 ) ) ;
#1280 = CIRCLE ( 'NONE', #436, 120.2498285302573464 ) ;
#1281 = DIRECTION ( 'NONE',  ( 0.000000000000000000, 0.000000000000000000, -1.000000000000000000 ) ) ;
#1282 = EDGE_CURVE ( 'NONE', #1219, #854, #1590, .T. ) ;
#1283 = DIRECTION ( 'NONE',  ( -0.000000000000000000, -1.000000000000000000, -0.000000000000000000 ) ) ;
#1284 = ORIENTED_EDGE ( 'NONE', *, *, #729, .T. ) ;
#1285 = ORIENTED_EDGE ( 'NONE', *, *, #1212, .F. ) ;
#1286 = PERSON ( 'UNSPECIFIED', 'UNSPECIFIED', 'UNSPECIFIED', ('UNSPECIFIED'), ('UNSPECIFIED'), ('UNSPECIFIED') ) ;
#1287 = DIRECTION ( 'NONE',  ( 0.000000000000000000, 0.000000000000000000, 1.000000000000000000 ) ) ;
#1288 = VERTEX_POINT ( 'NONE', #1434 ) ;
#1289 = CARTESIAN_POINT ( 'NONE',  ( -299.2214713067534717, -3.000000000000000000, 527.4529396838108823 ) ) ;
#1290 = CARTESIAN_POINT ( 'NONE',  ( 152.0290502489732489, 24.00000000000000000, 885.7772742752579234 ) ) ;
#1291 = EDGE_LOOP ( 'NONE', ( #83, #7, #1229, #1856 ) ) ;
#1292 = APPROVAL ( #1477, 'UNSPECIFIED' ) ;
#1293 = VERTEX_POINT ( 'NONE', #699 ) ;
#1294 = EDGE_CURVE ( 'NONE', #27, #1886, #1275, .T. ) ;
#1295 = EDGE_LOOP ( 'NONE', ( #1571, #1763, #313, #611 ) ) ;
#1296 = CARTESIAN_POINT ( 'NONE',  ( 111.4715029351398243, 24.00000000000000000, 431.7233032491515132 ) ) ;
#1297 = CARTESIAN_POINT ( 'NONE',  ( -1.176489461407470571E-10, -3.000000000000000000, 1010.000000000162117 ) ) ;
#1298 = DIRECTION ( 'NONE',  ( 0.000000000000000000, 0.000000000000000000, -1.000000000000000000 ) ) ;
#1299 = CIRCLE ( 'NONE', #612, 301.1492120702567945 ) ;
#1300 = AXIS2_PLACEMENT_3D ( 'NONE', #606, #588, #281 ) ;
#1301 = CARTESIAN_POINT ( 'NONE',  ( -290.6300325729038718, 24.00000000000000000, 651.4278698671116672 ) ) ;
#1302 = ORIENTED_EDGE ( 'NONE', *, *, #737, .F. ) ;
#1303 = CARTESIAN_POINT ( 'NONE',  ( 111.4715029353556872, -3.000000000000000000, 746.2766967510650602 ) ) ;
#1304 = ORIENTED_EDGE ( 'NONE', *, *, #1399, .F. ) ;
#1305 = ADVANCED_FACE ( 'NONE', ( #1318 ), #409, .F. ) ;
#1306 = DIRECTION ( 'NONE',  ( 0.000000000000000000, 1.000000000000000000, 0.000000000000000000 ) ) ;
#1307 = DIRECTION ( 'NONE',  ( 0.000000000000000000, 0.000000000000000000, 1.000000000000000000 ) ) ;
#1308 = DIRECTION ( 'NONE',  ( 0.000000000000000000, 1.000000000000000000, 0.000000000000000000 ) ) ;
#1309 = CIRCLE ( 'NONE', #468, 497.8388792125630857 ) ;
#1310 = ORIENTED_EDGE ( 'NONE', *, *, #1754, .T. ) ;
#1311 = DIRECTION ( 'NONE',  ( -0.000000000000000000, -1.000000000000000000, -0.000000000000000000 ) ) ;
#1312 = DIRECTION ( 'NONE',  ( -0.000000000000000000, -1.000000000000000000, -0.000000000000000000 ) ) ;
#1313 = ORIENTED_EDGE ( 'NONE', *, *, #1543, .F. ) ;
#1314 = CARTESIAN_POINT ( 'NONE',  ( 188.0232137136991355, 0.000000000000000000, 425.2953820831081089 ) ) ;
#1315 = EDGE_CURVE ( 'NONE', #222, #1946, #1788, .T. ) ;
#1316 = DIRECTION ( 'NONE',  ( 0.000000000000000000, 1.000000000000000000, -0.000000000000000000 ) ) ;
#1317 = ORIENTED_EDGE ( 'NONE', *, *, #1653, .T. ) ;
#1318 = FACE_OUTER_BOUND ( 'NONE', #535, .T. ) ;
#1319 = CARTESIAN_POINT ( 'NONE',  ( 188.0232137136991355, -3.000000000000000000, 425.2953820831081089 ) ) ;
#1320 = DIRECTION ( 'NONE',  ( 0.000000000000000000, 1.000000000000000000, -0.000000000000000000 ) ) ;
#1321 = ORIENTED_EDGE ( 'NONE', *, *, #1828, .F. ) ;
#1322 = CARTESIAN_POINT ( 'NONE',  ( 72.25018874824201021, 24.00000000000000000, 981.0942699072498954 ) ) ;
#1323 = CARTESIAN_POINT ( 'NONE',  ( -55.73575146780409284, 0.000000000000000000, 817.5134341104244413 ) ) ;
#1324 = CARTESIAN_POINT ( 'NONE',  ( 290.6300325725773064, -3.000000000000000000, 526.5721301330062261 ) ) ;
#1325 = EDGE_CURVE ( 'NONE', #1206, #483, #761, .T. ) ;
#1326 = AXIS2_PLACEMENT_3D ( 'NONE', #808, #1708, #54 ) ;
#1327 = DIRECTION ( 'NONE',  ( 0.000000000000000000, 0.000000000000000000, -1.000000000000000000 ) ) ;
#1328 = VECTOR ( 'NONE', #147, 1000.000000000000000 ) ;
#1329 = DIRECTION ( 'NONE',  ( 0.000000000000000000, 0.000000000000000000, -1.000000000000000000 ) ) ;
#1330 = CARTESIAN_POINT ( 'NONE',  ( -290.6300325729038718, 0.000000000000000000, 651.4278698671116672 ) ) ;
#1331 = VERTEX_POINT ( 'NONE', #1799 ) ;
#1332 = CIRCLE ( 'NONE', #1626, 497.8388792129530884 ) ;
#1333 = SECURITY_CLASSIFICATION_LEVEL ( 'unclassified' ) ;
#1334 = FACE_OUTER_BOUND ( 'NONE', #1393, .T. ) ;
#1335 = ORIENTED_EDGE ( 'NONE', *, *, #498, .F. ) ;
#1336 = CARTESIAN_POINT ( 'NONE',  ( -74.71501755527437183, -3.000000000000000000, 193.7553937692446766 ) ) ;
#1337 = CARTESIAN_POINT ( 'NONE',  ( -55.73575146780409995, 0.000000000000000000, 817.5134341104135274 ) ) ;
#1338 = AXIS2_PLACEMENT_3D ( 'NONE', #795, #1227, #1676 ) ;
#1339 = CYLINDRICAL_SURFACE ( 'NONE', #1364, 109.9534663218912840 ) ;
#1340 = CC_DESIGN_PERSON_AND_ORGANIZATION_ASSIGNMENT ( #1079, #744, ( #650 ) ) ;
#1341 = AXIS2_PLACEMENT_3D ( 'NONE', #1761, #1458, #1188 ) ;
#1342 = CARTESIAN_POINT ( 'NONE',  ( 202.5178733170177736, -3.000000000000000000, 759.5702645331276699 ) ) ;
#1343 = DIRECTION ( 'NONE',  ( 0.000000000000000000, 0.000000000000000000, -1.000000000000000000 ) ) ;
#1344 = EDGE_LOOP ( 'NONE', ( #1302, #1313, #842, #685 ) ) ;
#1345 = CALENDAR_DATE ( 2026, 28, 4 ) ;
#1346 = LINE ( 'NONE', #1833, #1657 ) ;
#1347 = DIRECTION ( 'NONE',  ( 0.000000000000000000, 0.000000000000000000, 1.000000000000000000 ) ) ;
#1348 = DIRECTION ( 'NONE',  ( 0.000000000000000000, 1.000000000000000000, 0.000000000000000000 ) ) ;
#1349 = LINE ( 'NONE', #1666, #876 ) ;
#1350 = DIRECTION ( 'NONE',  ( -0.000000000000000000, -1.000000000000000000, -0.000000000000000000 ) ) ;
#1351 = ORIENTED_EDGE ( 'NONE', *, *, #1842, .T. ) ;
#1352 = ADVANCED_FACE ( 'NONE', ( #113, #1901 ), #1757, .F. ) ;
#1353 = ORIENTED_EDGE ( 'NONE', *, *, #194, .T. ) ;
#1354 = FACE_OUTER_BOUND ( 'NONE', #658, .T. ) ;
#1355 = CIRCLE ( 'NONE', #1483, 121.2498285303308450 ) ;
#1356 = CYLINDRICAL_SURFACE ( 'NONE', #1909, 504.8659570692332181 ) ;
#1357 = CARTESIAN_POINT ( 'NONE',  ( 299.2214713063115710, 0.000000000000000000, 650.5470603161913914 ) ) ;
#1358 = EDGE_LOOP ( 'NONE', ( #1713, #1866, #88, #1859 ) ) ;
#1359 = AXIS2_PLACEMENT_3D ( 'NONE', #782, #321, #1945 ) ;
#1360 = EDGE_CURVE ( 'NONE', #1207, #1677, #1854, .T. ) ;
#1361 = LINE ( 'NONE', #176, #432 ) ;
#1362 = ORIENTED_EDGE ( 'NONE', *, *, #1932, .T. ) ;
#1363 = EDGE_CURVE ( 'NONE', #854, #1851, #158, .T. ) ;
#1364 = AXIS2_PLACEMENT_3D ( 'NONE', #1461, #1443, #1785 ) ;
#1365 = CIRCLE ( 'NONE', #1064, 500.8659570692332181 ) ;
#1366 = DIRECTION ( 'NONE',  ( 0.000000000000000000, 1.000000000000000000, -0.000000000000000000 ) ) ;
#1367 = CIRCLE ( 'NONE', #720, 298.1492120702569082 ) ;
#1368 = CARTESIAN_POINT ( 'NONE',  ( 290.6300325727568179, 24.00000000000000000, 651.4278698671915890 ) ) ;
#1369 = AXIS2_PLACEMENT_3D ( 'NONE', #334, #167, #38 ) ;
#1370 = DIRECTION ( 'NONE',  ( 0.000000000000000000, 1.000000000000000000, -0.000000000000000000 ) ) ;
#1371 = ORIENTED_EDGE ( 'NONE', *, *, #94, .F. ) ;
#1372 = AXIS2_PLACEMENT_3D ( 'NONE', #725, #1312, #1028 ) ;
#1373 = AXIS2_PLACEMENT_3D ( 'NONE', #1911, #565, #1768 ) ;
#1374 = CARTESIAN_POINT ( 'NONE',  ( -202.5178733171291015, 0.000000000000000000, 418.4297354669192828 ) ) ;
#1375 = ORIENTED_EDGE ( 'NONE', *, *, #1441, .F. ) ;
#1376 = EDGE_CURVE ( 'NONE', #1598, #462, #918, .T. ) ;
#1377 = LINE ( 'NONE', #467, #1774 ) ;
#1378 = EDGE_CURVE ( 'NONE', #1415, #136, #1536, .T. ) ;
#1379 = CARTESIAN_POINT ( 'NONE',  ( 114.6093613728562701, 0.000000000000000000, 743.9927474750454621 ) ) ;
#1380 = DIRECTION ( 'NONE',  ( 0.000000000000000000, 1.000000000000000000, 0.000000000000000000 ) ) ;
#1381 = ORIENTED_EDGE ( 'NONE', *, *, #1876, .F. ) ;
#1382 = CARTESIAN_POINT ( 'NONE',  ( 188.0232137136578103, -3.000000000000000000, 752.7046179170415598 ) ) ;
#1383 = ORIENTED_EDGE ( 'NONE', *, *, #882, .F. ) ;
#1384 = CARTESIAN_POINT ( 'NONE',  ( -6.215167269729704458E-11, 0.000000000000000000, 169.0000000000950138 ) ) ;
#1385 = FACE_OUTER_BOUND ( 'NONE', #1711, .T. ) ;
#1386 = EDGE_CURVE ( 'NONE', #966, #1398, #738, .T. ) ;
#1387 = CARTESIAN_POINT ( 'NONE',  ( -74.71501755549483903, 0.000000000000000000, 984.2446062308910086 ) ) ;
#1388 = LINE ( 'NONE', #653, #934 ) ;
#1389 = VERTEX_POINT ( 'NONE', #1920 ) ;
#1390 = CARTESIAN_POINT ( 'NONE',  ( -111.4715029354905482, 24.00000000000000000, 746.2766967510176528 ) ) ;
#1391 = ORIENTED_EDGE ( 'NONE', *, *, #224, .T. ) ;
#1392 = CIRCLE ( 'NONE', #138, 121.2498285302573464 ) ;
#1393 = EDGE_LOOP ( 'NONE', ( #257, #1605, #1595, #403 ) ) ;
#1394 = CARTESIAN_POINT ( 'NONE',  ( -155.5642003353227665, -3.000000000000000000, 887.6488281399026619 ) ) ;
#1395 = CIRCLE ( 'NONE', #1209, 298.1492120700651753 ) ;
#1396 = FACE_OUTER_BOUND ( 'NONE', #1279, .T. ) ;
#1397 = CARTESIAN_POINT ( 'NONE',  ( 152.0290502489959295, 0.000000000000000000, 292.2227257249892318 ) ) ;
#1398 = VERTEX_POINT ( 'NONE', #1612 ) ;
#1399 = EDGE_CURVE ( 'NONE', #966, #621, #1726, .T. ) ;
#1400 = LINE ( 'NONE', #475, #367 ) ;
#1401 = ORIENTED_EDGE ( 'NONE', *, *, #1018, .T. ) ;
#1402 = ORIENTED_EDGE ( 'NONE', *, *, #853, .T. ) ;
#1403 = VECTOR ( 'NONE', #186, 1000.000000000000000 ) ;
#1404 = DIRECTION ( 'NONE',  ( 0.000000000000000000, 0.000000000000000000, 1.000000000000000000 ) ) ;
#1405 = DIRECTION ( 'NONE',  ( 0.000000000000000000, 0.000000000000000000, -1.000000000000000000 ) ) ;
#1406 = CARTESIAN_POINT ( 'NONE',  ( -202.5178733171438239, -3.000000000000000000, 759.5702645332669363 ) ) ;
#1407 = ORIENTED_EDGE ( 'NONE', *, *, #1895, .F. ) ;
#1408 = ORIENTED_EDGE ( 'NONE', *, *, #729, .F. ) ;
#1409 = VERTEX_POINT ( 'NONE', #1645 ) ;
#1410 = EDGE_CURVE ( 'NONE', #1206, #634, #288, .T. ) ;
#1411 = CARTESIAN_POINT ( 'NONE',  ( -1.176489461407343651E-10, -3.000000000000000000, 888.7501714698312298 ) ) ;
#1412 = DIRECTION ( 'NONE',  ( 0.000000000000000000, 0.000000000000000000, -1.000000000000000000 ) ) ;
#1413 = DIRECTION ( 'NONE',  ( 0.000000000000000000, 0.000000000000000000, -1.000000000000000000 ) ) ;
#1414 = DIRECTION ( 'NONE',  ( 0.000000000000000000, 1.000000000000000000, 0.000000000000000000 ) ) ;
#1415 = VERTEX_POINT ( 'NONE', #1481 ) ;
#1416 = EDGE_LOOP ( 'NONE', ( #1646, #223, #1534, #1402 ) ) ;
#1417 = ORIENTED_EDGE ( 'NONE', *, *, #1061, .F. ) ;
#1418 = AXIS2_PLACEMENT_3D ( 'NONE', #1870, #1715, #1404 ) ;
#1419 = DIRECTION ( 'NONE',  ( 0.000000000000000000, 1.000000000000000000, 0.000000000000000000 ) ) ;
#1420 = EDGE_CURVE ( 'NONE', #1649, #1189, #1184, .T. ) ;
#1421 = AXIS2_PLACEMENT_3D ( 'NONE', #597, #1068, #897 ) ;
#1422 = DIRECTION ( 'NONE',  ( 0.000000000000000000, 1.000000000000000000, -0.000000000000000000 ) ) ;
#1423 = AXIS2_PLACEMENT_3D ( 'NONE', #904, #1220, #1347 ) ;
#1424 = PERSON_AND_ORGANIZATION ( #1286, #971 ) ;
#1425 = CARTESIAN_POINT ( 'NONE',  ( 290.6300325727568179, 0.000000000000000000, 651.4278698671915890 ) ) ;
#1426 = VERTEX_POINT ( 'NONE', #886 ) ;
#1427 = CIRCLE ( 'NONE', #521, 120.2498285302573464 ) ;
#1428 = ORIENTED_EDGE ( 'NONE', *, *, #812, .F. ) ;
#1429 = CARTESIAN_POINT ( 'NONE',  ( -299.2214713064620355, -3.000000000000000000, 650.5470603162831367 ) ) ;
#1430 = AXIS2_PLACEMENT_3D ( 'NONE', #17, #52, #657 ) ;
#1431 = EDGE_CURVE ( 'NONE', #1888, #1671, #1024, .T. ) ;
#1432 = ORIENTED_EDGE ( 'NONE', *, *, #1651, .T. ) ;
#1433 = AXIS2_PLACEMENT_3D ( 'NONE', #998, #508, #95 ) ;
#1434 = CARTESIAN_POINT ( 'NONE',  ( 74.09881035359219936, 24.00000000000000000, 983.4570221499179752 ) ) ;
#1435 = EDGE_CURVE ( 'NONE', #1668, #1426, #1299, .T. ) ;
#1436 = LINE ( 'NONE', #664, #790 ) ;
#1437 = CYLINDRICAL_SURFACE ( 'NONE', #1873, 298.1492120702567945 ) ;
#1438 = VERTEX_POINT ( 'NONE', #296 ) ;
#1439 = ORIENTED_EDGE ( 'NONE', *, *, #1166, .T. ) ;
#1440 = ORIENTED_EDGE ( 'NONE', *, *, #1259, .F. ) ;
#1441 = EDGE_CURVE ( 'NONE', #1288, #1668, #1167, .T. ) ;
#1442 = ORIENTED_EDGE ( 'NONE', *, *, #1294, .T. ) ;
#1443 = DIRECTION ( 'NONE',  ( 0.000000000000000000, 1.000000000000000000, 0.000000000000000000 ) ) ;
#1444 = DIRECTION ( 'NONE',  ( 0.000000000000000000, 1.000000000000000000, 0.000000000000000000 ) ) ;
#1445 = CARTESIAN_POINT ( 'NONE',  ( -188.0232137140119164, -3.000000000000000000, 752.7046179168320350 ) ) ;
#1446 = DIRECTION ( 'NONE',  ( 0.000000000000000000, 1.000000000000000000, 0.000000000000000000 ) ) ;
#1447 = VERTEX_POINT ( 'NONE', #153 ) ;
#1448 = EDGE_CURVE ( 'NONE', #58, #168, #1897, .T. ) ;
#1449 = EDGE_CURVE ( 'NONE', #1851, #1265, #1392, .T. ) ;
#1450 = ORIENTED_EDGE ( 'NONE', *, *, #691, .F. ) ;
#1451 = CIRCLE ( 'NONE', #170, 121.2498285303527155 ) ;
#1452 = FACE_OUTER_BOUND ( 'NONE', #1776, .T. ) ;
#1453 = DIRECTION ( 'NONE',  ( 0.000000000000000000, 1.000000000000000000, -0.000000000000000000 ) ) ;
#1454 = AXIS2_PLACEMENT_3D ( 'NONE', #472, #1225, #741 ) ;
#1455 = CARTESIAN_POINT ( 'NONE',  ( -592.7727143276825927, -3.000000000000000000, 588.9999999999820375 ) ) ;
#1456 = CARTESIAN_POINT ( 'NONE',  ( 72.25018874824201021, 24.00000000000000000, 981.0942699072498954 ) ) ;
#1457 = EDGE_CURVE ( 'NONE', #703, #1824, #1451, .T. ) ;
#1458 = DIRECTION ( 'NONE',  ( 0.000000000000000000, 1.000000000000000000, 0.000000000000000000 ) ) ;
#1459 = VERTEX_POINT ( 'NONE', #788 ) ;
#1460 = AXIS2_PLACEMENT_3D ( 'NONE', #1566, #1142, #1405 ) ;
#1461 = CARTESIAN_POINT ( 'NONE',  ( -1.411232242176652107E-10, -3.000000000000000000, 293.9534663218824448 ) ) ;
#1462 = DIRECTION ( 'NONE',  ( 0.000000000000000000, 1.000000000000000000, 0.000000000000000000 ) ) ;
#1463 = VERTEX_POINT ( 'NONE', #1817 ) ;
#1464 = CARTESIAN_POINT ( 'NONE',  ( 74.09881035359219936, 24.00000000000000000, 983.4570221499179752 ) ) ;
#1465 = AXIS2_PLACEMENT_3D ( 'NONE', #1256, #1509, #784 ) ;
#1466 = DIRECTION ( 'NONE',  ( -0.000000000000000000, -1.000000000000000000, -0.000000000000000000 ) ) ;
#1467 = VERTEX_POINT ( 'NONE', #1836 ) ;
#1468 = VERTEX_POINT ( 'NONE', #169 ) ;
#1469 = DIRECTION ( 'NONE',  ( -0.000000000000000000, -1.000000000000000000, -0.000000000000000000 ) ) ;
#1470 = EDGE_CURVE ( 'NONE', #794, #75, #1377, .T. ) ;
#1471 = DIRECTION ( 'NONE',  ( 0.000000000000000000, 0.000000000000000000, -1.000000000000000000 ) ) ;
#1472 = DIRECTION ( 'NONE',  ( 0.000000000000000000, 1.000000000000000000, -0.000000000000000000 ) ) ;
#1473 = CYLINDRICAL_SURFACE ( 'NONE', #1148, 298.1492120700651753 ) ;
#1474 = EDGE_CURVE ( 'NONE', #1490, #75, #1712, .T. ) ;
#1475 = CARTESIAN_POINT ( 'NONE',  ( 201.5410835394843048, 24.00000000000000000, 759.3560643218601172 ) ) ;
#1476 = ORIENTED_EDGE ( 'NONE', *, *, #1662, .T. ) ;
#1477 = APPROVAL_STATUS ( 'not_yet_approved' ) ;
#1478 = VERTEX_POINT ( 'NONE', #604 ) ;
#1479 = DIRECTION ( 'NONE',  ( 0.000000000000000000, 1.000000000000000000, 0.000000000000000000 ) ) ;
#1480 = ADVANCED_FACE ( 'NONE', ( #18 ), #628, .T. ) ;
#1481 = CARTESIAN_POINT ( 'NONE',  ( 72.25018874799306445, 24.00000000000000000, 196.9057300928063512 ) ) ;
#1482 = ADVANCED_FACE ( 'NONE', ( #777 ), #1221, .F. ) ;
#1483 = AXIS2_PLACEMENT_3D ( 'NONE', #1411, #375, #225 ) ;
#1484 = DIRECTION ( 'NONE',  ( 0.000000000000000000, 1.000000000000000000, -0.000000000000000000 ) ) ;
#1485 = CC_DESIGN_APPROVAL ( #1292, ( #650 ) ) ;
#1486 = DIRECTION ( 'NONE',  ( -0.000000000000000000, -1.000000000000000000, -0.000000000000000000 ) ) ;
#1487 = DIRECTION ( 'NONE',  ( 0.000000000000000000, 0.000000000000000000, -1.000000000000000000 ) ) ;
#1488 = EDGE_LOOP ( 'NONE', ( #1417, #820, #1087, #607, #647, #1273, #520, #430, #624, #1266, #126, #1826, #495 ) ) ;
#1489 = AXIS2_PLACEMENT_3D ( 'NONE', #872, #1479, #857 ) ;
#1490 = VERTEX_POINT ( 'NONE', #923 ) ;
#1491 = AXIS2_PLACEMENT_3D ( 'NONE', #87, #999, #252 ) ;
#1492 = CIRCLE ( 'NONE', #1903, 120.2498285303336161 ) ;
#1493 = DIRECTION ( 'NONE',  ( -0.000000000000000000, -1.000000000000000000, -0.000000000000000000 ) ) ;
#1494 = EDGE_CURVE ( 'NONE', #1845, #659, #317, .T. ) ;
#1495 = AXIS2_PLACEMENT_3D ( 'NONE', #1674, #792, #952 ) ;
#1496 = CYLINDRICAL_SURFACE ( 'NONE', #371, 117.2498285302537511 ) ;
#1497 = CYLINDRICAL_SURFACE ( 'NONE', #1454, 302.1492120702569082 ) ;
#1498 = EDGE_LOOP ( 'NONE', ( #1276, #1198, #1902, #1442, #1022, #1918, #1201, #221, #1154, #1569, #1814, #1913, #1922 ) ) ;
#1499 = COORDINATED_UNIVERSAL_TIME_OFFSET ( 1, 0, .AHEAD. ) ;
#1500 = ORIENTED_EDGE ( 'NONE', *, *, #984, .T. ) ;
#1501 = DIRECTION ( 'NONE',  ( 0.000000000000000000, 1.000000000000000000, 0.000000000000000000 ) ) ;
#1502 = CARTESIAN_POINT ( 'NONE',  ( 111.4715029351398243, -3.000000000000000000, 431.7233032491515132 ) ) ;
#1503 = EDGE_CURVE ( 'NONE', #1150, #216, #948, .T. ) ;
#1504 = CARTESIAN_POINT ( 'NONE',  ( -74.71501755527437183, -3.000000000000000000, 193.7553937692446766 ) ) ;
#1505 = CARTESIAN_POINT ( 'NONE',  ( 111.4715029353556872, 24.00000000000000000, 746.2766967510650602 ) ) ;
#1506 = ORIENTED_EDGE ( 'NONE', *, *, #600, .F. ) ;
#1507 = EDGE_CURVE ( 'NONE', #231, #811, #1513, .T. ) ;
#1508 = DATE_AND_TIME ( #1519, #970 ) ;
#1509 = DIRECTION ( 'NONE',  ( 0.000000000000000000, 1.000000000000000000, 0.000000000000000000 ) ) ;
#1510 = ORIENTED_EDGE ( 'NONE', *, *, #1686, .F. ) ;
#1511 = DIRECTION ( 'NONE',  ( 0.000000000000000000, 0.000000000000000000, 1.000000000000000000 ) ) ;
#1512 = DIRECTION ( 'NONE',  ( 0.000000000000000000, 1.000000000000000000, -0.000000000000000000 ) ) ;
#1513 = CIRCLE ( 'NONE', #1058, 500.8659570693214391 ) ;
#1514 = CARTESIAN_POINT ( 'NONE',  ( 72.25018874824201021, 0.000000000000000000, 981.0942699072498954 ) ) ;
#1515 = CARTESIAN_POINT ( 'NONE',  ( 74.09881035334066723, 24.00000000000000000, 194.5429778501348608 ) ) ;
#1516 = ORIENTED_EDGE ( 'NONE', *, *, #380, .F. ) ;
#1517 = CIRCLE ( 'NONE', #715, 497.8388792124239899 ) ;
#1518 = APPROVAL ( #1795, 'UNSPECIFIED' ) ;
#1519 = CALENDAR_DATE ( 2026, 28, 4 ) ;
#1520 = DIRECTION ( 'NONE',  ( 0.000000000000000000, 0.000000000000000000, -1.000000000000000000 ) ) ;
#1521 = EDGE_CURVE ( 'NONE', #136, #1868, #160, .T. ) ;
#1522 = CARTESIAN_POINT ( 'NONE',  ( -74.09881035371179792, 24.00000000000000000, 983.4570221500015350 ) ) ;
#1523 = ORIENTED_EDGE ( 'NONE', *, *, #1137, .F. ) ;
#1524 = ORIENTED_EDGE ( 'NONE', *, *, #1399, .T. ) ;
#1525 = CIRCLE ( 'NONE', #210, 792.3123076478402709 ) ;
#1526 = ADVANCED_FACE ( 'NONE', ( #31 ), #1092, .F. ) ;
#1527 = CIRCLE ( 'NONE', #116, 298.1492120702766897 ) ;
#1528 = DIRECTION ( 'NONE',  ( 0.000000000000000000, 1.000000000000000000, 0.000000000000000000 ) ) ;
#1529 = AXIS2_PLACEMENT_3D ( 'NONE', #981, #241, #1729 ) ;
#1530 = DIRECTION ( 'NONE',  ( 0.000000000000000000, 0.000000000000000000, -1.000000000000000000 ) ) ;
#1531 = VECTOR ( 'NONE', #814, 1000.000000000000000 ) ;
#1532 = CYLINDRICAL_SURFACE ( 'NONE', #1126, 117.2498285303335024 ) ;
#1533 = CYLINDRICAL_SURFACE ( 'NONE', #1685, 120.2498285302573464 ) ;
#1534 = ORIENTED_EDGE ( 'NONE', *, *, #1420, .F. ) ;
#1535 = AXIS2_PLACEMENT_3D ( 'NONE', #605, #471, #1076 ) ;
#1536 = CIRCLE ( 'NONE', #949, 117.2498285302537369 ) ;
#1537 = VECTOR ( 'NONE', #1168, 1000.000000000000000 ) ;
#1538 = FACE_OUTER_BOUND ( 'NONE', #1699, .T. ) ;
#1539 = FACE_OUTER_BOUND ( 'NONE', #774, .T. ) ;
#1540 = ORIENTED_EDGE ( 'NONE', *, *, #1449, .F. ) ;
#1541 = FACE_OUTER_BOUND ( 'NONE', #215, .T. ) ;
#1542 = DIRECTION ( 'NONE',  ( 0.000000000000000000, 0.000000000000000000, -1.000000000000000000 ) ) ;
#1543 = EDGE_CURVE ( 'NONE', #1607, #1879, #648, .T. ) ;
#1544 = CARTESIAN_POINT ( 'NONE',  ( -1.411232242176652107E-10, 0.000000000000000000, 293.9534663218824448 ) ) ;
#1545 = DIRECTION ( 'NONE',  ( 0.000000000000000000, 1.000000000000000000, -0.000000000000000000 ) ) ;
#1546 = APPLICATION_PROTOCOL_DEFINITION ( 'international standard', 'config_control_design', 1994, #1625 ) ;
#1547 = ORIENTED_EDGE ( 'NONE', *, *, #1940, .F. ) ;
#1548 = DESIGN_CONTEXT ( 'detailed design', #505, 'design' ) ;
#1549 = LINE ( 'NONE', #1071, #1531 ) ;
#1550 = VERTEX_POINT ( 'NONE', #1384 ) ;
#1551 = DIRECTION ( 'NONE',  ( 0.000000000000000000, 1.000000000000000000, -0.000000000000000000 ) ) ;
#1552 = APPROVAL ( #28, 'UNSPECIFIED' ) ;
#1553 = EDGE_CURVE ( 'NONE', #1478, #1389, #263, .T. ) ;
#1554 = DIRECTION ( 'NONE',  ( -0.000000000000000000, -1.000000000000000000, -0.000000000000000000 ) ) ;
#1555 = CARTESIAN_POINT ( 'NONE',  ( -201.5410835396000948, 24.00000000000000000, 418.6439356781860965 ) ) ;
#1556 = DIRECTION ( 'NONE',  ( 0.000000000000000000, 1.000000000000000000, 0.000000000000000000 ) ) ;
#1557 = ORIENTED_EDGE ( 'NONE', *, *, #957, .F. ) ;
#1558 = CARTESIAN_POINT ( 'NONE',  ( 201.5410835394919502, 0.000000000000000000, 418.6439356783470203 ) ) ;
#1559 = ORIENTED_EDGE ( 'NONE', *, *, #546, .T. ) ;
#1560 = EDGE_LOOP ( 'NONE', ( #1516, #830, #1834, #1589 ) ) ;
#1561 = AXIS2_PLACEMENT_3D ( 'NONE', #1853, #71, #1287 ) ;
#1562 = AXIS2_PLACEMENT_3D ( 'NONE', #633, #1639, #1343 ) ;
#1563 = CARTESIAN_POINT ( 'NONE',  ( 575.3118485169577525, 0.000000000000000000, 589.0000000001384706 ) ) ;
#1564 = CIRCLE ( 'NONE', #394, 497.8388792124239899 ) ;
#1565 = CIRCLE ( 'NONE', #114, 497.8388792122464679 ) ;
#1566 = CARTESIAN_POINT ( 'NONE',  ( 290.6300325725773064, 0.000000000000000000, 526.5721301330062261 ) ) ;
#1567 = CIRCLE ( 'NONE', #239, 504.8659570695052139 ) ;
#1568 = CIRCLE ( 'NONE', #1006, 302.1492120700707460 ) ;
#1569 = ORIENTED_EDGE ( 'NONE', *, *, #613, .T. ) ;
#1570 = EDGE_CURVE ( 'NONE', #168, #1671, #933, .T. ) ;
#1571 = ORIENTED_EDGE ( 'NONE', *, *, #1767, .T. ) ;
#1572 = CARTESIAN_POINT ( 'NONE',  ( -74.09881035371179792, 24.00000000000000000, 983.4570221500015350 ) ) ;
#1573 = DIRECTION ( 'NONE',  ( 0.000000000000000000, 0.000000000000000000, 1.000000000000000000 ) ) ;
#1574 = VERTEX_POINT ( 'NONE', #1701 ) ;
#1575 = EDGE_CURVE ( 'NONE', #343, #703, #1654, .T. ) ;
#1576 = ADVANCED_FACE ( 'NONE', ( #8 ), #760, .T. ) ;
#1577 = ORIENTED_EDGE ( 'NONE', *, *, #1570, .T. ) ;
#1578 = ORIENTED_EDGE ( 'NONE', *, *, #1325, .F. ) ;
#1579 = CARTESIAN_POINT ( 'NONE',  ( 198.6107142068849782, 24.00000000000000000, 758.7134636880581411 ) ) ;
#1580 = CARTESIAN_POINT ( 'NONE',  ( 111.4715029351398243, 0.000000000000000000, 431.7233032491515132 ) ) ;
#1581 = CARTESIAN_POINT ( 'NONE',  ( 0.000000000000000000, 0.000000000000000000, 0.000000000000000000 ) ) ;
#1582 = LINE ( 'NONE', #401, #976 ) ;
#1583 = VERTEX_POINT ( 'NONE', #768 ) ;
#1584 = VERTEX_POINT ( 'NONE', #1211 ) ;
#1585 = AXIS2_PLACEMENT_3D ( 'NONE', #454, #326, #638 ) ;
#1586 = CARTESIAN_POINT ( 'NONE',  ( -144.9569696703039767, 0.000000000000000000, 302.6217536195001685 ) ) ;
#1587 = CC_DESIGN_APPROVAL ( #1552, ( #391 ) ) ;
#1588 = ADVANCED_FACE ( 'NONE', ( #1354 ), #1133, .F. ) ;
#1589 = ORIENTED_EDGE ( 'NONE', *, *, #1804, .T. ) ;
#1590 = LINE ( 'NONE', #1718, #179 ) ;
#1591 = CIRCLE ( 'NONE', #144, 290.9240958287997501 ) ;
#1592 = DIRECTION ( 'NONE',  ( 0.000000000000000000, 1.000000000000000000, -0.000000000000000000 ) ) ;
#1593 = ORIENTED_EDGE ( 'NONE', *, *, #469, .F. ) ;
#1594 = EDGE_CURVE ( 'NONE', #253, #794, #1175, .T. ) ;
#1595 = ORIENTED_EDGE ( 'NONE', *, *, #1594, .F. ) ;
#1596 = VERTEX_POINT ( 'NONE', #1586 ) ;
#1597 = CIRCLE ( 'NONE', #625, 497.8388792129530884 ) ;
#1598 = VERTEX_POINT ( 'NONE', #698 ) ;
#1599 = CARTESIAN_POINT ( 'NONE',  ( -6.215167269729704458E-11, 0.000000000000000000, 289.2498285303523744 ) ) ;
#1600 = CIRCLE ( 'NONE', #947, 301.1492120700663122 ) ;
#1601 = PLANE ( 'NONE',  #1119 ) ;
#1602 = ADVANCED_FACE ( 'NONE', ( #91 ), #81, .T. ) ;
#1603 = DIRECTION ( 'NONE',  ( 0.000000000000000000, 1.000000000000000000, -0.000000000000000000 ) ) ;
#1604 = DIRECTION ( 'NONE',  ( 0.000000000000000000, 0.000000000000000000, -1.000000000000000000 ) ) ;
#1605 = ORIENTED_EDGE ( 'NONE', *, *, #1470, .F. ) ;
#1606 = EDGE_CURVE ( 'NONE', #1389, #811, #522, .T. ) ;
#1607 = VERTEX_POINT ( 'NONE', #1268 ) ;
#1608 = CARTESIAN_POINT ( 'NONE',  ( 575.3118485169577525, 24.00000000000000000, 589.0000000001384706 ) ) ;
#1609 = DIRECTION ( 'NONE',  ( 0.000000000000000000, 0.000000000000000000, -1.000000000000000000 ) ) ;
#1610 = DIRECTION ( 'NONE',  ( 0.000000000000000000, 1.000000000000000000, 0.000000000000000000 ) ) ;
#1611 = ORIENTED_EDGE ( 'NONE', *, *, #431, .F. ) ;
#1612 = CARTESIAN_POINT ( 'NONE',  ( -72.25018874836233351, 0.000000000000000000, 981.0942699073337963 ) ) ;
#1613 = ADVANCED_FACE ( 'NONE', ( #1861 ), #1141, .F. ) ;
#1614 = CARTESIAN_POINT ( 'NONE',  ( 114.6093613727599205, -3.000000000000000000, 434.0072525249398723 ) ) ;
#1615 = EDGE_CURVE ( 'NONE', #811, #216, #713, .T. ) ;
#1616 = CYLINDRICAL_SURFACE ( 'NONE', #21, 795.3123076478383382 ) ;
#1617 = VERTEX_POINT ( 'NONE', #1394 ) ;
#1618 = CYLINDRICAL_SURFACE ( 'NONE', #1489, 497.8388792124239899 ) ;
#1619 = CIRCLE ( 'NONE', #837, 298.1492120702766897 ) ;
#1620 = DIRECTION ( 'NONE',  ( 0.000000000000000000, 0.000000000000000000, -1.000000000000000000 ) ) ;
#1621 = ORIENTED_EDGE ( 'NONE', *, *, #1061, .T. ) ;
#1622 = DIRECTION ( 'NONE',  ( 0.000000000000000000, 0.000000000000000000, -1.000000000000000000 ) ) ;
#1623 = LOCAL_TIME ( 15, 31, 29.00000000000000000, #1499 ) ;
#1624 = DIRECTION ( 'NONE',  ( 0.000000000000000000, 0.000000000000000000, -1.000000000000000000 ) ) ;
#1625 = APPLICATION_CONTEXT ( 'configuration controlled 3d designs of mechanical parts and assemblies' ) ;
#1626 = AXIS2_PLACEMENT_3D ( 'NONE', #735, #717, #1163 ) ;
#1627 = CARTESIAN_POINT ( 'NONE',  ( 575.3118485169577525, 24.00000000000000000, 589.0000000001384706 ) ) ;
#1628 = ORIENTED_EDGE ( 'NONE', *, *, #323, .T. ) ;
#1629 = EDGE_CURVE ( 'NONE', #1331, #1584, #824, .T. ) ;
#1630 = VECTOR ( 'NONE', #533, 1000.000000000000000 ) ;
#1631 = VERTEX_POINT ( 'NONE', #1007 ) ;
#1632 = FACE_BOUND ( 'NONE', #1759, .T. ) ;
#1633 = CYLINDRICAL_SURFACE ( 'NONE', #616, 290.9240958289043419 ) ;
#1634 = DIRECTION ( 'NONE',  ( 0.000000000000000000, 0.000000000000000000, -1.000000000000000000 ) ) ;
#1635 = VECTOR ( 'NONE', #1, 1000.000000000000000 ) ;
#1636 = CIRCLE ( 'NONE', #23, 298.1492120700647206 ) ;
#1637 = CARTESIAN_POINT ( 'NONE',  ( -6.215167269729704458E-11, 24.00000000000000000, 169.0000000000950138 ) ) ;
#1638 = CARTESIAN_POINT ( 'NONE',  ( -69.63393225881009130, -3.000000000000000000, 208.8601044515525871 ) ) ;
#1639 = DIRECTION ( 'NONE',  ( 0.000000000000000000, 1.000000000000000000, -0.000000000000000000 ) ) ;
#1640 = ORIENTED_EDGE ( 'NONE', *, *, #93, .T. ) ;
#1641 = EDGE_CURVE ( 'NONE', #1060, #1617, #109, .T. ) ;
#1642 = EDGE_LOOP ( 'NONE', ( #392, #1869, #243, #1656 ) ) ;
#1643 = LINE ( 'NONE', #561, #1813 ) ;
#1644 = DIRECTION ( 'NONE',  ( 0.000000000000000000, 0.000000000000000000, 1.000000000000000000 ) ) ;
#1645 = CARTESIAN_POINT ( 'NONE',  ( -69.63393225885727134, -3.000000000000000000, 969.1398955484189628 ) ) ;
#1646 = ORIENTED_EDGE ( 'NONE', *, *, #238, .T. ) ;
#1647 = CARTESIAN_POINT ( 'NONE',  ( -290.6300325726267033, -3.000000000000000000, 526.5721301330198685 ) ) ;
#1648 = DIRECTION ( 'NONE',  ( 0.000000000000000000, 1.000000000000000000, -0.000000000000000000 ) ) ;
#1649 = VERTEX_POINT ( 'NONE', #364 ) ;
#1650 = CALENDAR_DATE ( 2026, 28, 4 ) ;
#1651 = EDGE_CURVE ( 'NONE', #822, #343, #1203, .T. ) ;
#1652 = CARTESIAN_POINT ( 'NONE',  ( -111.4715029354905482, 0.000000000000000000, 746.2766967510176528 ) ) ;
#1653 = EDGE_CURVE ( 'NONE', #1631, #1398, #1619, .T. ) ;
#1654 = CIRCLE ( 'NONE', #1742, 121.2498285303527155 ) ;
#1655 = DIRECTION ( 'NONE',  ( 0.000000000000000000, 0.000000000000000000, -1.000000000000000000 ) ) ;
#1656 = ORIENTED_EDGE ( 'NONE', *, *, #60, .F. ) ;
#1657 = VECTOR ( 'NONE', #1688, 1000.000000000000000 ) ;
#1658 = CARTESIAN_POINT ( 'NONE',  ( 202.5178733170249643, 0.000000000000000000, 418.4297354670798654 ) ) ;
#1659 = ORIENTED_EDGE ( 'NONE', *, *, #1503, .T. ) ;
#1660 = CARTESIAN_POINT ( 'NONE',  ( 152.0290502489959295, 24.00000000000000000, 292.2227257249892318 ) ) ;
#1661 = EDGE_CURVE ( 'NONE', #1888, #30, #1807, .T. ) ;
#1662 = EDGE_CURVE ( 'NONE', #1398, #291, #1927, .T. ) ;
#1663 = AXIS2_PLACEMENT_3D ( 'NONE', #61, #922, #1106 ) ;
#1664 = DIRECTION ( 'NONE',  ( -0.000000000000000000, -1.000000000000000000, -0.000000000000000000 ) ) ;
#1665 = AXIS2_PLACEMENT_3D ( 'NONE', #1234, #1545, #1840 ) ;
#1666 = CARTESIAN_POINT ( 'NONE',  ( -155.5642003353227665, -3.000000000000000000, 887.6488281399026619 ) ) ;
#1667 = CARTESIAN_POINT ( 'NONE',  ( 74.71501755537495626, 0.000000000000000000, 984.2446062308065393 ) ) ;
#1668 = VERTEX_POINT ( 'NONE', #660 ) ;
#1669 = DATE_TIME_ROLE ( 'classification_date' ) ;
#1670 = DIRECTION ( 'NONE',  ( 0.000000000000000000, 0.000000000000000000, -1.000000000000000000 ) ) ;
#1671 = VERTEX_POINT ( 'NONE', #511 ) ;
#1672 = DIRECTION ( 'NONE',  ( 0.000000000000000000, 0.000000000000000000, -1.000000000000000000 ) ) ;
#1673 = DIRECTION ( 'NONE',  ( -0.000000000000000000, -1.000000000000000000, -0.000000000000000000 ) ) ;
#1674 = CARTESIAN_POINT ( 'NONE',  ( -1.176489461407470571E-10, -3.000000000000000000, 888.7501714698094020 ) ) ;
#1675 = ORIENTED_EDGE ( 'NONE', *, *, #1720, .T. ) ;
#1676 = DIRECTION ( 'NONE',  ( 0.000000000000000000, 0.000000000000000000, 1.000000000000000000 ) ) ;
#1677 = VERTEX_POINT ( 'NONE', #1579 ) ;
#1678 = CARTESIAN_POINT ( 'NONE',  ( 74.09881035334066723, 24.00000000000000000, 194.5429778501348608 ) ) ;
#1679 = EDGE_CURVE ( 'NONE', #483, #127, #1125, .T. ) ;
#1680 = CARTESIAN_POINT ( 'NONE',  ( -111.4715029352956037, 24.00000000000000000, 431.7233032491425320 ) ) ;
#1681 = CYLINDRICAL_SURFACE ( 'NONE', #1495, 121.2498285303527155 ) ;
#1682 = LINE ( 'NONE', #187, #1929 ) ;
#1683 = VERTEX_POINT ( 'NONE', #969 ) ;
#1684 = ORIENTED_EDGE ( 'NONE', *, *, #1720, .F. ) ;
#1685 = AXIS2_PLACEMENT_3D ( 'NONE', #57, #673, #1413 ) ;
#1686 = EDGE_CURVE ( 'NONE', #127, #978, #1240, .T. ) ;
#1687 = CARTESIAN_POINT ( 'NONE',  ( 111.4715029351398243, 24.00000000000000000, 431.7233032491515132 ) ) ;
#1688 = DIRECTION ( 'NONE',  ( 0.000000000000000000, 1.000000000000000000, 0.000000000000000000 ) ) ;
#1689 = ORIENTED_EDGE ( 'NONE', *, *, #1887, .T. ) ;
#1690 = AXIS2_PLACEMENT_3D ( 'NONE', #265, #858, #1644 ) ;
#1691 = CARTESIAN_POINT ( 'NONE',  ( 290.6300325725773064, 24.00000000000000000, 526.5721301330062261 ) ) ;
#1692 = DIRECTION ( 'NONE',  ( 0.000000000000000000, 1.000000000000000000, -0.000000000000000000 ) ) ;
#1693 = DIRECTION ( 'NONE',  ( 0.000000000000000000, 1.000000000000000000, 0.000000000000000000 ) ) ;
#1694 = CARTESIAN_POINT ( 'NONE',  ( 144.9569696699327608, -3.000000000000000000, 875.3782463805946463 ) ) ;
#1695 = ORIENTED_EDGE ( 'NONE', *, *, #1741, .T. ) ;
#1696 = VECTOR ( 'NONE', #419, 1000.000000000000000 ) ;
#1697 = CIRCLE ( 'NONE', #1373, 301.1492120702567945 ) ;
#1698 = CARTESIAN_POINT ( 'NONE',  ( -74.09881035371179792, 0.000000000000000000, 983.4570221500015350 ) ) ;
#1699 = EDGE_LOOP ( 'NONE', ( #1047, #536, #98, #1050 ) ) ;
#1700 = CC_DESIGN_DATE_AND_TIME_ASSIGNMENT ( #165, #452, ( #391 ) ) ;
#1701 = CARTESIAN_POINT ( 'NONE',  ( -144.9569696702237991, 0.000000000000000000, 875.3782463806182932 ) ) ;
#1702 = DIRECTION ( 'NONE',  ( 0.000000000000000000, 1.000000000000000000, -0.000000000000000000 ) ) ;
#1703 = DIRECTION ( 'NONE',  ( 0.000000000000000000, 0.000000000000000000, 1.000000000000000000 ) ) ;
#1704 = ORIENTED_EDGE ( 'NONE', *, *, #1494, .T. ) ;
#1705 = LINE ( 'NONE', #773, #338 ) ;
#1706 = ORIENTED_EDGE ( 'NONE', *, *, #1153, .T. ) ;
#1707 = ORIENTED_EDGE ( 'NONE', *, *, #380, .T. ) ;
#1708 = DIRECTION ( 'NONE',  ( 0.000000000000000000, 1.000000000000000000, 0.000000000000000000 ) ) ;
#1709 = EDGE_CURVE ( 'NONE', #843, #152, #1115, .T. ) ;
#1710 = DIRECTION ( 'NONE',  ( 0.000000000000000000, 1.000000000000000000, 0.000000000000000000 ) ) ;
#1711 = EDGE_LOOP ( 'NONE', ( #1689, #846, #589, #1257 ) ) ;
#1712 = CIRCLE ( 'NONE', #421, 795.3123076478484563 ) ;
#1713 = ORIENTED_EDGE ( 'NONE', *, *, #702, .F. ) ;
#1714 = VECTOR ( 'NONE', #1350, 1000.000000000000000 ) ;
#1715 = DIRECTION ( 'NONE',  ( 0.000000000000000000, 1.000000000000000000, 0.000000000000000000 ) ) ;
#1716 = AXIS2_PLACEMENT_3D ( 'NONE', #1941, #1194, #1307 ) ;
#1717 = CIRCLE ( 'NONE', #583, 792.3123076478483426 ) ;
#1718 = CARTESIAN_POINT ( 'NONE',  ( 155.5642003351531173, -3.000000000000000000, 290.3511718603239729 ) ) ;
#1719 = AXIS2_PLACEMENT_3D ( 'NONE', #1368, #1664, #779 ) ;
#1720 = EDGE_CURVE ( 'NONE', #783, #1583, #1355, .T. ) ;
#1721 = DIRECTION ( 'NONE',  ( 0.000000000000000000, 1.000000000000000000, 0.000000000000000000 ) ) ;
#1722 = FACE_OUTER_BOUND ( 'NONE', #1740, .T. ) ;
#1723 = VERTEX_POINT ( 'NONE', #1077 ) ;
#1724 = ORIENTED_EDGE ( 'NONE', *, *, #1246, .F. ) ;
#1725 = ORIENTED_EDGE ( 'NONE', *, *, #789, .F. ) ;
#1726 = CIRCLE ( 'NONE', #1819, 117.2498285303335024 ) ;
#1727 = AXIS2_PLACEMENT_3D ( 'NONE', #441, #414, #1655 ) ;
#1728 = DIRECTION ( 'NONE',  ( 0.000000000000000000, 1.000000000000000000, -0.000000000000000000 ) ) ;
#1729 = DIRECTION ( 'NONE',  ( 0.000000000000000000, 0.000000000000000000, 1.000000000000000000 ) ) ;
#1730 = DIRECTION ( 'NONE',  ( 0.000000000000000000, 0.000000000000000000, -1.000000000000000000 ) ) ;
#1731 = EDGE_LOOP ( 'NONE', ( #1725, #1675, #1362, #574 ) ) ;
#1732 = ORIENTED_EDGE ( 'NONE', *, *, #1457, .T. ) ;
#1733 = EDGE_LOOP ( 'NONE', ( #1159, #566, #1005, #118 ) ) ;
#1734 = EDGE_CURVE ( 'NONE', #843, #1288, #46, .T. ) ;
#1735 = DIRECTION ( 'NONE',  ( -0.000000000000000000, -1.000000000000000000, -0.000000000000000000 ) ) ;
#1736 = CARTESIAN_POINT ( 'NONE',  ( -6.215167269729704458E-11, 24.00000000000000000, 289.2498285303523744 ) ) ;
#1737 = CARTESIAN_POINT ( 'NONE',  ( -154.6804128137846419, 24.00000000000000000, 887.1809396737370434 ) ) ;
#1738 = CARTESIAN_POINT ( 'NONE',  ( -575.3118485171189604, 24.00000000000000000, 589.0000000000870841 ) ) ;
#1739 = ORIENTED_EDGE ( 'NONE', *, *, #1629, .F. ) ;
#1740 = EDGE_LOOP ( 'NONE', ( #157, #1450, #1136, #1841 ) ) ;
#1741 = EDGE_CURVE ( 'NONE', #977, #1723, #1867, .T. ) ;
#1742 = AXIS2_PLACEMENT_3D ( 'NONE', #958, #1551, #1672 ) ;
#1743 = ORIENTED_EDGE ( 'NONE', *, *, #108, .T. ) ;
#1744 = DIRECTION ( 'NONE',  ( 0.000000000000000000, 0.000000000000000000, 1.000000000000000000 ) ) ;
#1745 = VECTOR ( 'NONE', #1253, 1000.000000000000000 ) ;
#1746 = FACE_OUTER_BOUND ( 'NONE', #797, .T. ) ;
#1747 = AXIS2_PLACEMENT_3D ( 'NONE', #137, #1032, #1798 ) ;
#1748 = ORIENTED_EDGE ( 'NONE', *, *, #194, .F. ) ;
#1749 = VECTOR ( 'NONE', #1414, 1000.000000000000000 ) ;
#1750 = ORIENTED_EDGE ( 'NONE', *, *, #1470, .T. ) ;
#1751 = ADVANCED_FACE ( 'NONE', ( #1205 ), #1802, .T. ) ;
#1752 = CIRCLE ( 'NONE', #690, 298.1492120702569082 ) ;
#1753 = CARTESIAN_POINT ( 'NONE',  ( 299.2214713063115710, -3.000000000000000000, 650.5470603161913914 ) ) ;
#1754 = EDGE_CURVE ( 'NONE', #1683, #646, #997, .T. ) ;
#1755 = CIRCLE ( 'NONE', #59, 504.8659570692331044 ) ;
#1756 = EDGE_LOOP ( 'NONE', ( #360, #1559, #1439, #963, #1391, #550, #1081, #547, #423, #1149, #975, #316, #1500 ) ) ;
#1757 = PLANE ( 'NONE',  #410 ) ;
#1758 = DIRECTION ( 'NONE',  ( -0.000000000000000000, -1.000000000000000000, -0.000000000000000000 ) ) ;
#1759 = EDGE_LOOP ( 'NONE', ( #164, #1304, #148, #1748, #807, #1823, #1371, #1321, #1099, #37, #722, #1248, #654 ) ) ;
#1760 = CARTESIAN_POINT ( 'NONE',  ( 290.6300325727568179, 24.00000000000000000, 651.4278698671915890 ) ) ;
#1761 = CARTESIAN_POINT ( 'NONE',  ( -575.3118485171189604, -3.000000000000000000, 589.0000000000870841 ) ) ;
#1762 = AXIS2_PLACEMENT_3D ( 'NONE', #1777, #1174, #1622 ) ;
#1763 = ORIENTED_EDGE ( 'NONE', *, *, #549, .F. ) ;
#1764 = DIRECTION ( 'NONE',  ( 0.000000000000000000, 1.000000000000000000, -0.000000000000000000 ) ) ;
#1765 = DIRECTION ( 'NONE',  ( 0.000000000000000000, 1.000000000000000000, 0.000000000000000000 ) ) ;
#1766 = DIRECTION ( 'NONE',  ( 0.000000000000000000, 0.000000000000000000, -1.000000000000000000 ) ) ;
#1767 = EDGE_CURVE ( 'NONE', #1459, #1574, #1517, .T. ) ;
#1768 = DIRECTION ( 'NONE',  ( 0.000000000000000000, 0.000000000000000000, 1.000000000000000000 ) ) ;
#1769 = ORIENTED_EDGE ( 'NONE', *, *, #917, .T. ) ;
#1770 = CYLINDRICAL_SURFACE ( 'NONE', #1010, 302.1492120702760076 ) ;
#1771 = ORIENTED_EDGE ( 'NONE', *, *, #1796, .T. ) ;
#1772 = ORIENTED_EDGE ( 'NONE', *, *, #538, .F. ) ;
#1773 = LINE ( 'NONE', #424, #936 ) ;
#1774 = VECTOR ( 'NONE', #1073, 1000.000000000000000 ) ;
#1775 = DIRECTION ( 'NONE',  ( 0.000000000000000000, 1.000000000000000000, -0.000000000000000000 ) ) ;
#1776 = EDGE_LOOP ( 'NONE', ( #1577, #1012, #389, #764 ) ) ;
#1777 = CARTESIAN_POINT ( 'NONE',  ( -111.4715029352956037, 0.000000000000000000, 431.7233032491425320 ) ) ;
#1778 = CIRCLE ( 'NONE', #1421, 504.8659570695131151 ) ;
#1779 = LINE ( 'NONE', #752, #1537 ) ;
#1780 = EDGE_CURVE ( 'NONE', #733, #840, #1778, .T. ) ;
#1781 = CIRCLE ( 'NONE', #718, 290.9240958288469301 ) ;
#1782 = CARTESIAN_POINT ( 'NONE',  ( 154.6804128135911469, 24.00000000000000000, 887.1809396737567113 ) ) ;
#1783 = AXIS2_PLACEMENT_3D ( 'NONE', #1289, #860, #707 ) ;
#1784 = EDGE_LOOP ( 'NONE', ( #1351, #622, #569, #1112 ) ) ;
#1785 = DIRECTION ( 'NONE',  ( 0.000000000000000000, 0.000000000000000000, 1.000000000000000000 ) ) ;
#1786 = AXIS2_PLACEMENT_3D ( 'NONE', #1687, #806, #943 ) ;
#1787 = DIRECTION ( 'NONE',  ( 0.000000000000000000, -0.000000000000000000, 1.000000000000000000 ) ) ;
#1788 = LINE ( 'NONE', #1017, #1164 ) ;
#1789 = CIRCLE ( 'NONE', #849, 503.8659570692331044 ) ;
#1790 = CIRCLE ( 'NONE', #950, 503.8659570693220076 ) ;
#1791 = FACE_OUTER_BOUND ( 'NONE', #502, .T. ) ;
#1792 = CYLINDRICAL_SURFACE ( 'NONE', #1849, 500.8659570693214391 ) ;
#1793 = FACE_OUTER_BOUND ( 'NONE', #927, .T. ) ;
#1794 = EDGE_LOOP ( 'NONE', ( #64, #1000, #1707, #1628, #531, #271, #1226, #1857, #829, #201, #1432, #1924, #1732 ) ) ;
#1795 = APPROVAL_STATUS ( 'not_yet_approved' ) ;
#1796 = EDGE_CURVE ( 'NONE', #41, #1868, #141, .T. ) ;
#1797 = DIRECTION ( 'NONE',  ( 0.000000000000000000, 0.000000000000000000, -1.000000000000000000 ) ) ;
#1798 = DIRECTION ( 'NONE',  ( 0.000000000000000000, 0.000000000000000000, -1.000000000000000000 ) ) ;
#1799 = CARTESIAN_POINT ( 'NONE',  ( -154.6804128138301451, 24.00000000000000000, 290.8190603266042444 ) ) ;
#1800 = ADVANCED_FACE ( 'NONE', ( #301 ), #1497, .T. ) ;
#1801 = DIRECTION ( 'NONE',  ( -0.000000000000000000, -1.000000000000000000, -0.000000000000000000 ) ) ;
#1802 = CYLINDRICAL_SURFACE ( 'NONE', #838, 796.3123076478382245 ) ;
#1803 = ORIENTED_EDGE ( 'NONE', *, *, #1887, .F. ) ;
#1804 = EDGE_CURVE ( 'NONE', #635, #862, #920, .T. ) ;
#1805 = DIRECTION ( 'NONE',  ( 0.000000000000000000, 0.000000000000000000, -1.000000000000000000 ) ) ;
#1806 = AXIS2_PLACEMENT_3D ( 'NONE', #994, #383, #845 ) ;
#1807 = CIRCLE ( 'NONE', #514, 497.8388792122464679 ) ;
#1808 = AXIS2_PLACEMENT_3D ( 'NONE', #665, #330, #1703 ) ;
#1809 = DIRECTION ( 'NONE',  ( 0.000000000000000000, 1.000000000000000000, 0.000000000000000000 ) ) ;
#1810 = DIRECTION ( 'NONE',  ( 0.000000000000000000, 1.000000000000000000, 0.000000000000000000 ) ) ;
#1811 = ORIENTED_EDGE ( 'NONE', *, *, #1734, .F. ) ;
#1812 = ORIENTED_EDGE ( 'NONE', *, *, #108, .F. ) ;
#1813 = VECTOR ( 'NONE', #111, 1000.000000000000000 ) ;
#1814 = ORIENTED_EDGE ( 'NONE', *, *, #456, .T. ) ;
#1815 = DIRECTION ( 'NONE',  ( 0.000000000000000000, 0.000000000000000000, 1.000000000000000000 ) ) ;
#1816 = CIRCLE ( 'NONE', #1936, 302.1492120702759507 ) ;
#1817 = CARTESIAN_POINT ( 'NONE',  ( 74.71501755512730369, -3.000000000000000000, 193.7553937692389354 ) ) ;
#1818 = FACE_OUTER_BOUND ( 'NONE', #1139, .T. ) ;
#1819 = AXIS2_PLACEMENT_3D ( 'NONE', #1046, #258, #1035 ) ;
#1820 = CIRCLE ( 'NONE', #592, 500.8659570695084540 ) ;
#1821 = DIRECTION ( 'NONE',  ( -0.000000000000000000, -1.000000000000000000, -0.000000000000000000 ) ) ;
#1822 = CARTESIAN_POINT ( 'NONE',  ( 114.6093613727599205, 0.000000000000000000, 434.0072525249398723 ) ) ;
#1823 = ORIENTED_EDGE ( 'NONE', *, *, #1553, .F. ) ;
#1824 = VERTEX_POINT ( 'NONE', #1667 ) ;
#1825 = DIRECTION ( 'NONE',  ( 0.000000000000000000, 1.000000000000000000, 0.000000000000000000 ) ) ;
#1826 = ORIENTED_EDGE ( 'NONE', *, *, #418, .F. ) ;
#1827 = CARTESIAN_POINT ( 'NONE',  ( -299.2214713064620355, -3.000000000000000000, 650.5470603162831367 ) ) ;
#1828 = EDGE_CURVE ( 'NONE', #136, #867, #776, .T. ) ;
#1829 = CARTESIAN_POINT ( 'NONE',  ( -290.6300325726267033, 0.000000000000000000, 526.5721301330198685 ) ) ;
#1830 = CYLINDRICAL_SURFACE ( 'NONE', #614, 497.8388792125630857 ) ;
#1831 = ORIENTED_EDGE ( 'NONE', *, *, #1282, .F. ) ;
#1832 = CARTESIAN_POINT ( 'NONE',  ( -111.4715029354905482, 24.00000000000000000, 746.2766967510176528 ) ) ;
#1833 = CARTESIAN_POINT ( 'NONE',  ( -188.0232137141057933, -3.000000000000000000, 425.2953820835717806 ) ) ;
#1834 = ORIENTED_EDGE ( 'NONE', *, *, #801, .T. ) ;
#1835 = ADVANCED_FACE ( 'NONE', ( #1793 ), #442, .T. ) ;
#1836 = CARTESIAN_POINT ( 'NONE',  ( 198.6107142068929079, 24.00000000000000000, 419.2865363121496216 ) ) ;
#1837 = MANIFOLD_SOLID_BREP ( 'Aufsatz-Linear austragen2', #244 ) ;
#1838 = FACE_OUTER_BOUND ( 'NONE', #543, .T. ) ;
#1839 = VECTOR ( 'NONE', #1493, 1000.000000000000000 ) ;
#1840 = DIRECTION ( 'NONE',  ( 0.000000000000000000, 0.000000000000000000, -1.000000000000000000 ) ) ;
#1841 = ORIENTED_EDGE ( 'NONE', *, *, #670, .T. ) ;
#1842 = EDGE_CURVE ( 'NONE', #1946, #1596, #577, .T. ) ;
#1843 = VECTOR ( 'NONE', #620, 1000.000000000000000 ) ;
#1844 = CYLINDRICAL_SURFACE ( 'NONE', #980, 301.1492120702567945 ) ;
#1845 = VERTEX_POINT ( 'NONE', #1515 ) ;
#1846 = DIRECTION ( 'NONE',  ( 0.000000000000000000, 1.000000000000000000, -0.000000000000000000 ) ) ;
#1847 = LINE ( 'NONE', #639, #299 ) ;
#1848 = LINE ( 'NONE', #1555, #1635 ) ;
#1849 = AXIS2_PLACEMENT_3D ( 'NONE', #289, #1486, #896 ) ;
#1850 = CARTESIAN_POINT ( 'NONE',  ( -1.632236013016097331E-10, 0.000000000000000000, 994.0000000000037517 ) ) ;
#1851 = VERTEX_POINT ( 'NONE', #755 ) ;
#1852 = EDGE_CURVE ( 'NONE', #1180, #78, #1197, .T. ) ;
#1853 = CARTESIAN_POINT ( 'NONE',  ( 299.2214713067994012, -3.000000000000000000, 527.4529396839766378 ) ) ;
#1854 = CIRCLE ( 'NONE', #669, 500.8659570695122056 ) ;
#1855 = CARTESIAN_POINT ( 'NONE',  ( -290.6300325729038718, 0.000000000000000000, 651.4278698671116672 ) ) ;
#1856 = ORIENTED_EDGE ( 'NONE', *, *, #526, .T. ) ;
#1857 = ORIENTED_EDGE ( 'NONE', *, *, #1190, .T. ) ;
#1858 = ORIENTED_EDGE ( 'NONE', *, *, #1153, .F. ) ;
#1859 = ORIENTED_EDGE ( 'NONE', *, *, #154, .T. ) ;
#1860 = PRODUCT ( '072-93105', '072-93105', '', ( #229 ) ) ;
#1861 = FACE_OUTER_BOUND ( 'NONE', #726, .T. ) ;
#1862 = EDGE_CURVE ( 'NONE', #1052, #53, #763, .T. ) ;
#1863 = CARTESIAN_POINT ( 'NONE',  ( 74.71501755512730369, -3.000000000000000000, 193.7553937692389354 ) ) ;
#1864 = CYLINDRICAL_SURFACE ( 'NONE', #390, 120.2498285303336161 ) ;
#1865 = DIRECTION ( 'NONE',  ( 0.000000000000000000, 0.000000000000000000, -1.000000000000000000 ) ) ;
#1866 = ORIENTED_EDGE ( 'NONE', *, *, #1932, .F. ) ;
#1867 = CIRCLE ( 'NONE', #1059, 500.8659570695122056 ) ;
#1868 = VERTEX_POINT ( 'NONE', #12 ) ;
#1869 = ORIENTED_EDGE ( 'NONE', *, *, #789, .T. ) ;
#1870 = CARTESIAN_POINT ( 'NONE',  ( -575.3118485171189604, 24.00000000000000000, 589.0000000000870841 ) ) ;
#1871 = CIRCLE ( 'NONE', #426, 301.1492120700684154 ) ;
#1872 = CC_DESIGN_PERSON_AND_ORGANIZATION_ASSIGNMENT ( #1948, #314, ( #391 ) ) ;
#1873 = AXIS2_PLACEMENT_3D ( 'NONE', #990, #1135, #1730 ) ;
#1874 = CARTESIAN_POINT ( 'NONE',  ( 155.5642003351531173, -3.000000000000000000, 290.3511718603239729 ) ) ;
#1875 = AXIS2_PLACEMENT_3D ( 'NONE', #1580, #1422, #1281 ) ;
#1876 = EDGE_CURVE ( 'NONE', #1060, #978, #1111, .T. ) ;
#1877 = PERSON_AND_ORGANIZATION_ROLE ( 'design_owner' ) ;
#1878 = ORIENTED_EDGE ( 'NONE', *, *, #737, .T. ) ;
#1879 = VERTEX_POINT ( 'NONE', #1397 ) ;
#1880 = CIRCLE ( 'NONE', #1535, 290.9240958288469301 ) ;
#1881 = CIRCLE ( 'NONE', #1041, 504.8659570695131151 ) ;
#1882 = CARTESIAN_POINT ( 'NONE',  ( 111.4715029353556872, 0.000000000000000000, 746.2766967510650602 ) ) ;
#1883 = ORIENTED_EDGE ( 'NONE', *, *, #166, .T. ) ;
#1884 = CARTESIAN_POINT ( 'NONE',  ( -198.6107142070188161, 24.00000000000000000, 758.7134636881979759 ) ) ;
#1885 = LINE ( 'NONE', #645, #1749 ) ;
#1886 = VERTEX_POINT ( 'NONE', #804 ) ;
#1887 = EDGE_CURVE ( 'NONE', #53, #240, #515, .T. ) ;
#1888 = VERTEX_POINT ( 'NONE', #1694 ) ;
#1889 = DIRECTION ( 'NONE',  ( 0.000000000000000000, 1.000000000000000000, 0.000000000000000000 ) ) ;
#1890 = CARTESIAN_POINT ( 'NONE',  ( -155.5642003353715950, -3.000000000000000000, 290.3511718604371481 ) ) ;
#1891 = DIRECTION ( 'NONE',  ( -0.000000000000000000, -1.000000000000000000, -0.000000000000000000 ) ) ;
#1892 = FACE_OUTER_BOUND ( 'NONE', #188, .T. ) ;
#1893 = ORIENTED_EDGE ( 'NONE', *, *, #224, .F. ) ;
#1894 = VERTEX_POINT ( 'NONE', #48 ) ;
#1895 = EDGE_CURVE ( 'NONE', #1409, #1293, #1388, .T. ) ;
#1896 = MANIFOLD_SOLID_BREP ( 'Aufsatz-Linear austragen1', #272 ) ;
#1897 = CIRCLE ( 'NONE', #996, 109.9534663218919519 ) ;
#1898 = DIRECTION ( 'NONE',  ( -0.000000000000000000, -1.000000000000000000, -0.000000000000000000 ) ) ;
#1899 = AXIS2_PLACEMENT_3D ( 'NONE', #1263, #962, #793 ) ;
#1900 = LINE ( 'NONE', #873, #361 ) ;
#1901 = FACE_OUTER_BOUND ( 'NONE', #1794, .T. ) ;
#1902 = ORIENTED_EDGE ( 'NONE', *, *, #493, .T. ) ;
#1903 = AXIS2_PLACEMENT_3D ( 'NONE', #102, #672, #689 ) ;
#1904 = DIRECTION ( 'NONE',  ( 0.000000000000000000, 1.000000000000000000, 0.000000000000000000 ) ) ;
#1905 = ORIENTED_EDGE ( 'NONE', *, *, #1178, .T. ) ;
#1906 = AXIS2_PLACEMENT_3D ( 'NONE', #1760, #557, #1020 ) ;
#1907 = CARTESIAN_POINT ( 'NONE',  ( 198.6107142068849782, 24.00000000000000000, 758.7134636880581411 ) ) ;
#1908 = ADVANCED_FACE ( 'NONE', ( #827 ), #1830, .F. ) ;
#1909 = AXIS2_PLACEMENT_3D ( 'NONE', #500, #1693, #919 ) ;
#1910 = CARTESIAN_POINT ( 'NONE',  ( -6.215167269729704458E-11, 24.00000000000000000, 289.2498285303523744 ) ) ;
#1911 = CARTESIAN_POINT ( 'NONE',  ( -111.4715029354905482, 24.00000000000000000, 746.2766967510176528 ) ) ;
#1912 = FACE_OUTER_BOUND ( 'NONE', #373, .T. ) ;
#1913 = ORIENTED_EDGE ( 'NONE', *, *, #753, .T. ) ;
#1914 = AXIS2_PLACEMENT_3D ( 'NONE', #1195, #1054, #1634 ) ;
#1915 = ORIENTED_EDGE ( 'NONE', *, *, #835, .F. ) ;
#1916 = ADVANCED_FACE ( 'NONE', ( #940 ), #1533, .T. ) ;
#1917 = CARTESIAN_POINT ( 'NONE',  ( 114.6093613727599205, -3.000000000000000000, 434.0072525249398723 ) ) ;
#1918 = ORIENTED_EDGE ( 'NONE', *, *, #835, .T. ) ;
#1919 = ADVANCED_FACE ( 'NONE', ( #501 ), #1864, .T. ) ;
#1920 = CARTESIAN_POINT ( 'NONE',  ( -198.6107142070006546, 24.00000000000000000, 419.2865363119890958 ) ) ;
#1921 = DIRECTION ( 'NONE',  ( 0.000000000000000000, 1.000000000000000000, 0.000000000000000000 ) ) ;
#1922 = ORIENTED_EDGE ( 'NONE', *, *, #203, .T. ) ;
#1923 = FACE_BOUND ( 'NONE', #1498, .T. ) ;
#1924 = ORIENTED_EDGE ( 'NONE', *, *, #1575, .T. ) ;
#1925 = VERTEX_POINT ( 'NONE', #73 ) ;
#1926 = DIRECTION ( 'NONE',  ( 0.000000000000000000, 1.000000000000000000, 0.000000000000000000 ) ) ;
#1927 = CIRCLE ( 'NONE', #1326, 117.2498285303335024 ) ;
#1928 = DIRECTION ( 'NONE',  ( 0.000000000000000000, -0.000000000000000000, -1.000000000000000000 ) ) ;
#1929 = VECTOR ( 'NONE', #482, 1000.000000000000000 ) ;
#1930 = DIRECTION ( 'NONE',  ( -0.000000000000000000, -1.000000000000000000, -0.000000000000000000 ) ) ;
#1931 = AXIS2_PLACEMENT_3D ( 'NONE', #287, #139, #893 ) ;
#1932 = EDGE_CURVE ( 'NONE', #1583, #1824, #1682, .T. ) ;
#1933 = VECTOR ( 'NONE', #534, 1000.000000000000000 ) ;
#1934 = PLANE ( 'NONE',  #1943 ) ;
#1935 = ORIENTED_EDGE ( 'NONE', *, *, #587, .T. ) ;
#1936 = AXIS2_PLACEMENT_3D ( 'NONE', #617, #1231, #1102 ) ;
#1937 = PERSON_AND_ORGANIZATION ( #1286, #971 ) ;
#1938 = ORIENTED_EDGE ( 'NONE', *, *, #370, .T. ) ;
#1939 = LINE ( 'NONE', #1907, #974 ) ;
#1940 = EDGE_CURVE ( 'NONE', #191, #1052, #235, .T. ) ;
#1941 = CARTESIAN_POINT ( 'NONE',  ( 575.3118485169577525, 0.000000000000000000, 589.0000000001384706 ) ) ;
#1942 = DIRECTION ( 'NONE',  ( 0.000000000000000000, 0.000000000000000000, 1.000000000000000000 ) ) ;
#1943 = AXIS2_PLACEMENT_3D ( 'NONE', #754, #558, #1055 ) ;
#1944 = CARTESIAN_POINT ( 'NONE',  ( -290.6300325729038718, -3.000000000000000000, 651.4278698671116672 ) ) ;
#1945 = DIRECTION ( 'NONE',  ( 0.000000000000000000, 0.000000000000000000, 1.000000000000000000 ) ) ;
#1946 = VERTEX_POINT ( 'NONE', #36 ) ;
#1947 = EDGE_CURVE ( 'NONE', #1052, #941, #1116, .T. ) ;
#1948 = PERSON_AND_ORGANIZATION ( #1286, #971 ) ;
#1949 = CARTESIAN_POINT ( 'NONE',  ( 155.5642003351531173, 0.000000000000000000, 290.3511718603239729 ) ) ;
#1950 = ORIENTED_EDGE ( 'NONE', *, *, #600, .T. ) ;
#1951 = DIRECTION ( 'NONE',  ( -0.000000000000000000, -1.000000000000000000, -0.000000000000000000 ) ) ;
ENDSEC;
END-ISO-10303-21;
