ISO-10303-21;
HEADER;
FILE_DESCRIPTION (( 'STEP AP203' ),
    '1' );
FILE_NAME ('072-93083.STEP',
    '2026-04-22T11:28:22',
    ( '' ),
    ( '' ),
    'SwSTEP 2.0',
    'SolidWorks 2025',
    '' );
FILE_SCHEMA (( 'CONFIG_CONTROL_DESIGN' ));
ENDSEC;

DATA;
#1 = ORIENTED_EDGE ( 'NONE', *, *, #697, .T. ) ;
#2 = DIRECTION ( 'NONE',  ( 0.000000000000000000, 0.000000000000000000, -1.000000000000000000 ) ) ;
#3 = CARTESIAN_POINT ( 'NONE',  ( 257.9999999999999432, -14.00000000000000000, 210.5000000005747722 ) ) ;
#4 = DIRECTION ( 'NONE',  ( 0.000000000000000000, 0.000000000000000000, -1.000000000000000000 ) ) ;
#5 = ADVANCED_BREP_SHAPE_REPRESENTATION ( '', ( #1337, #1631 ), #2906 ) ;
#6 = COORDINATED_UNIVERSAL_TIME_OFFSET ( 1, 0, .AHEAD. ) ;
#7 = EDGE_LOOP ( 'NONE', ( #1067, #2020, #1471, #36 ) ) ;
#8 = AXIS2_PLACEMENT_3D ( 'NONE', #1648, #1434, #15 ) ;
#9 = EDGE_LOOP ( 'NONE', ( #850, #1604, #2788, #233 ) ) ;
#10 = CARTESIAN_POINT ( 'NONE',  ( 218.0000000000000568, -2.549999999999992273, -210.5000000005747438 ) ) ;
#11 = DIRECTION ( 'NONE',  ( -0.000000000000000000, -1.000000000000000000, -0.000000000000000000 ) ) ;
#12 =( NAMED_UNIT ( * ) PLANE_ANGLE_UNIT ( ) SI_UNIT ( $, .RADIAN. ) );
#13 = AXIS2_PLACEMENT_3D ( 'NONE', #367, #135, #614 ) ;
#14 = ORIENTED_EDGE ( 'NONE', *, *, #2472, .T. ) ;
#15 = DIRECTION ( 'NONE',  ( 0.000000000000000000, 0.000000000000000000, -1.000000000000000000 ) ) ;
#16 = CIRCLE ( 'NONE', #415, 4.700000000000009948 ) ;
#17 = EDGE_CURVE ( 'NONE', #1114, #2081, #2931, .T. ) ;
#18 = DIRECTION ( 'NONE',  ( 0.000000000000000000, 1.000000000000000000, 0.000000000000000000 ) ) ;
#19 = CIRCLE ( 'NONE', #1742, 263.0000000000000000 ) ;
#20 = VECTOR ( 'NONE', #1761, 1000.000000000000000 ) ;
#21 = PERSON_AND_ORGANIZATION ( #515, #2211 ) ;
#22 = EDGE_LOOP ( 'NONE', ( #696, #1530, #2009, #2190 ) ) ;
#23 = AXIS2_PLACEMENT_3D ( 'NONE', #791, #1892, #4 ) ;
#24 = ORIENTED_EDGE ( 'NONE', *, *, #734, .T. ) ;
#25 = CARTESIAN_POINT ( 'NONE',  ( -5.359290891145005483E-13, -5.000000000000000000, 458.5000000005743459 ) ) ;
#26 = DIRECTION ( 'NONE',  ( -0.000000000000000000, -1.000000000000000000, -0.000000000000000000 ) ) ;
#27 = EDGE_CURVE ( 'NONE', #448, #2407, #2124, .T. ) ;
#28 = ORIENTED_EDGE ( 'NONE', *, *, #926, .F. ) ;
#29 = LINE ( 'NONE', #2087, #1386 ) ;
#30 = CC_DESIGN_DATE_AND_TIME_ASSIGNMENT ( #457, #1166, ( #1766 ) ) ;
#31 = DIRECTION ( 'NONE',  ( -0.000000000000000000, -1.000000000000000000, -0.000000000000000000 ) ) ;
#32 = AXIS2_PLACEMENT_3D ( 'NONE', #1306, #2507, #366 ) ;
#33 = DIRECTION ( 'NONE',  ( 0.000000000000000000, 0.000000000000000000, -1.000000000000000000 ) ) ;
#34 = EDGE_CURVE ( 'NONE', #692, #938, #2147, .T. ) ;
#35 = COORDINATED_UNIVERSAL_TIME_OFFSET ( 1, 0, .AHEAD. ) ;
#36 = ORIENTED_EDGE ( 'NONE', *, *, #279, .F. ) ;
#37 = ORIENTED_EDGE ( 'NONE', *, *, #2246, .T. ) ;
#38 = DIRECTION ( 'NONE',  ( 0.000000000000000000, 0.000000000000000000, -1.000000000000000000 ) ) ;
#39 = LINE ( 'NONE', #544, #263 ) ;
#40 = APPROVAL_PERSON_ORGANIZATION ( #227, #2691, #3054 ) ;
#41 = ORIENTED_EDGE ( 'NONE', *, *, #1375, .F. ) ;
#42 = FACE_BOUND ( 'NONE', #2466, .T. ) ;
#43 = SECURITY_CLASSIFICATION ( '', '', #1862 ) ;
#44 = FACE_BOUND ( 'NONE', #2637, .T. ) ;
#45 = DIRECTION ( 'NONE',  ( -0.000000000000000000, -1.000000000000000000, -0.000000000000000000 ) ) ;
#46 = EDGE_CURVE ( 'NONE', #2745, #2553, #990, .T. ) ;
#47 = DATE_AND_TIME ( #280, #2617 ) ;
#48 = VERTEX_POINT ( 'NONE', #2836 ) ;
#49 = EDGE_CURVE ( 'NONE', #2558, #2820, #712, .T. ) ;
#50 = ORIENTED_EDGE ( 'NONE', *, *, #2592, .F. ) ;
#51 = CIRCLE ( 'NONE', #2580, 2.249999999999988010 ) ;
#52 = PLANE ( 'NONE',  #1397 ) ;
#53 = DIRECTION ( 'NONE',  ( 8.659560562354930393E-17, -0.7071067811865479058, 0.7071067811865472397 ) ) ;
#54 = VECTOR ( 'NONE', #506, 1000.000000000000000 ) ;
#55 = ORIENTED_EDGE ( 'NONE', *, *, #2222, .F. ) ;
#56 = DIRECTION ( 'NONE',  ( 0.000000000000000000, 1.000000000000000000, 0.000000000000000000 ) ) ;
#57 = CARTESIAN_POINT ( 'NONE',  ( 208.0000000000000284, -5.000000000000000000, -210.5000000005747438 ) ) ;
#58 = DIRECTION ( 'NONE',  ( 0.000000000000000000, 0.000000000000000000, -1.000000000000000000 ) ) ;
#59 = VECTOR ( 'NONE', #1744, 999.9999999999998863 ) ;
#60 = DIRECTION ( 'NONE',  ( 0.000000000000000000, 0.000000000000000000, -1.000000000000000000 ) ) ;
#61 = PRODUCT_DEFINITION_SHAPE ( 'NONE', 'NONE',  #570 ) ;
#62 = ADVANCED_FACE ( 'NONE', ( #86 ), #1970, .F. ) ;
#63 = PERSON_AND_ORGANIZATION ( #1919, #2571 ) ;
#64 = ORIENTED_EDGE ( 'NONE', *, *, #2725, .T. ) ;
#65 = CONICAL_SURFACE ( 'NONE', #1943, 4.699999999999981526, 0.7853981633974479459 ) ;
#66 = CONICAL_SURFACE ( 'NONE', #1797, 4.699999999999981526, 0.7853981633974482790 ) ;
#67 = VERTEX_POINT ( 'NONE', #2656 ) ;
#68 = CARTESIAN_POINT ( 'NONE',  ( -248.0000000000000568, 0.000000000000000000, 208.2500000005738059 ) ) ;
#69 = AXIS2_PLACEMENT_3D ( 'NONE', #1787, #612, #2746 ) ;
#70 = FACE_OUTER_BOUND ( 'NONE', #158, .T. ) ;
#71 = ADVANCED_FACE ( 'NONE', ( #1422 ), #2297, .F. ) ;
#72 = CIRCLE ( 'NONE', #2498, 4.700000000000009948 ) ;
#73 = ORIENTED_EDGE ( 'NONE', *, *, #598, .T. ) ;
#74 = VERTEX_POINT ( 'NONE', #1725 ) ;
#75 = DIRECTION ( 'NONE',  ( -0.000000000000000000, -1.000000000000000000, -0.000000000000000000 ) ) ;
#76 = FACE_BOUND ( 'NONE', #1432, .T. ) ;
#77 = CARTESIAN_POINT ( 'NONE',  ( -208.0000000000000853, -5.000000000000000000, 210.5000000005738343 ) ) ;
#78 = APPROVAL_DATE_TIME ( #2433, #2091 ) ;
#79 = EDGE_CURVE ( 'NONE', #773, #2792, #2985, .T. ) ;
#80 = CIRCLE ( 'NONE', #1814, 4.700000000000009948 ) ;
#81 = EDGE_LOOP ( 'NONE', ( #1614, #2832, #1137, #633 ) ) ;
#82 = LINE ( 'NONE', #2409, #2880 ) ;
#83 = CARTESIAN_POINT ( 'NONE',  ( -4.294082921098063224E-13, -2.549999999999992273, 426.2500000005744027 ) ) ;
#84 = VERTEX_POINT ( 'NONE', #2590 ) ;
#85 = ADVANCED_FACE ( 'NONE', ( #2888 ), #2194, .F. ) ;
#86 = FACE_OUTER_BOUND ( 'NONE', #2111, .T. ) ;
#87 = FACE_BOUND ( 'NONE', #1250, .T. ) ;
#88 = AXIS2_PLACEMENT_3D ( 'NONE', #1871, #1063, #1116 ) ;
#89 = CARTESIAN_POINT ( 'NONE',  ( -218.0000000000000000, -5.000000000000001776, -205.8000000005757499 ) ) ;
#90 = LOCAL_TIME ( 13, 28, 22.00000000000000000, #6 ) ;
#91 = CARTESIAN_POINT ( 'NONE',  ( -218.0000000000000000, 0.000000000000000000, -210.5000000005757670 ) ) ;
#92 = CONTEXT_DEPENDENT_SHAPE_REPRESENTATION ( #1488, #1964 ) ;
#93 = ORIENTED_EDGE ( 'NONE', *, *, #2661, .F. ) ;
#94 = ORIENTED_EDGE ( 'NONE', *, *, #1828, .T. ) ;
#95 = DIRECTION ( 'NONE',  ( 0.000000000000000000, 0.000000000000000000, -1.000000000000000000 ) ) ;
#96 = DIRECTION ( 'NONE',  ( -0.000000000000000000, -1.000000000000000000, -0.000000000000000000 ) ) ;
#97 = ORIENTED_EDGE ( 'NONE', *, *, #392, .T. ) ;
#98 = DIRECTION ( 'NONE',  ( 0.000000000000000000, 1.000000000000000000, 0.000000000000000000 ) ) ;
#99 = DIRECTION ( 'NONE',  ( 0.000000000000000000, 0.000000000000000000, -1.000000000000000000 ) ) ;
#100 = FACE_BOUND ( 'NONE', #1286, .T. ) ;
#101 = AXIS2_PLACEMENT_3D ( 'NONE', #91, #1024, #1511 ) ;
#102 = DIRECTION ( 'NONE',  ( 0.000000000000000000, 1.000000000000000000, 0.000000000000000000 ) ) ;
#103 = CARTESIAN_POINT ( 'NONE',  ( -248.0000000000000568, -2.549999999999992273, 212.7500000005738059 ) ) ;
#104 = EDGE_CURVE ( 'NONE', #3009, #2077, #2460, .T. ) ;
#105 = AXIS2_PLACEMENT_3D ( 'NONE', #432, #2809, #1438 ) ;
#106 = ITEM_DEFINED_TRANSFORMATION ( 'NONE', 'NONE', #729,  #1631 ) ;
#107 = EDGE_LOOP ( 'NONE', ( #50, #1076, #41, #2023, #1444 ) ) ;
#108 = AXIS2_PLACEMENT_3D ( 'NONE', #1049, #559, #2470 ) ;
#109 = VERTEX_POINT ( 'NONE', #1257 ) ;
#110 = LINE ( 'NONE', #1047, #608 ) ;
#111 = CARTESIAN_POINT ( 'NONE',  ( -218.0000000000000000, -2.549999999999992273, -208.2500000005757386 ) ) ;
#112 = VECTOR ( 'NONE', #2533, 1000.000000000000000 ) ;
#113 = ORIENTED_EDGE ( 'NONE', *, *, #1995, .F. ) ;
#114 = VECTOR ( 'NONE', #2721, 1000.000000000000000 ) ;
#115 = CARTESIAN_POINT ( 'NONE',  ( -5.551115123125779547E-14, 0.000000000000000000, 210.5000000005743175 ) ) ;
#116 = FACE_OUTER_BOUND ( 'NONE', #128, .T. ) ;
#117 = FACE_OUTER_BOUND ( 'NONE', #2214, .T. ) ;
#118 = EDGE_CURVE ( 'NONE', #2564, #1695, #368, .T. ) ;
#119 = AXIS2_PLACEMENT_3D ( 'NONE', #2797, #2320, #690 ) ;
#120 = CARTESIAN_POINT ( 'NONE',  ( -4.294082921098063224E-13, -2.549999999999992273, 428.5000000005743459 ) ) ;
#121 = ORIENTED_EDGE ( 'NONE', *, *, #730, .T. ) ;
#122 = CC_DESIGN_DATE_AND_TIME_ASSIGNMENT ( #47, #2662, ( #2520 ) ) ;
#123 = CARTESIAN_POINT ( 'NONE',  ( 248.0000000000000000, -5.000000000000000000, 2.775557561562891351E-14 ) ) ;
#124 = LINE ( 'NONE', #2022, #2442 ) ;
#125 = EDGE_LOOP ( 'NONE', ( #1587, #2218, #757, #1079 ) ) ;
#126 = EDGE_CURVE ( 'NONE', #1356, #2896, #317, .T. ) ;
#127 = COORDINATED_UNIVERSAL_TIME_OFFSET ( 1, 0, .AHEAD. ) ;
#128 = EDGE_LOOP ( 'NONE', ( #456, #1815, #1669, #1912 ) ) ;
#129 = CIRCLE ( 'NONE', #376, 208.0000000000000000 ) ;
#130 = LINE ( 'NONE', #834, #1845 ) ;
#131 = DIRECTION ( 'NONE',  ( -0.000000000000000000, -1.000000000000000000, -0.000000000000000000 ) ) ;
#132 = VERTEX_POINT ( 'NONE', #133 ) ;
#133 = CARTESIAN_POINT ( 'NONE',  ( 2.090880963937666585E-13, -2.549999999999992273, -430.7500000005752554 ) ) ;
#134 = LINE ( 'NONE', #2286, #567 ) ;
#135 = DIRECTION ( 'NONE',  ( -0.000000000000000000, -1.000000000000000000, -0.000000000000000000 ) ) ;
#136 = CARTESIAN_POINT ( 'NONE',  ( -5.551115123125779547E-14, -5.000000000000000000, 210.5000000005743175 ) ) ;
#137 = PLANE ( 'NONE',  #405 ) ;
#138 = CARTESIAN_POINT ( 'NONE',  ( 218.0000000000000568, -2.549999999999992273, 2.775557561562891351E-14 ) ) ;
#139 = AXIS2_PLACEMENT_3D ( 'NONE', #401, #1340, #876 ) ;
#140 = ORIENTED_EDGE ( 'NONE', *, *, #694, .F. ) ;
#141 = EDGE_CURVE ( 'NONE', #2553, #2850, #2101, .T. ) ;
#142 = PERSON_AND_ORGANIZATION ( #515, #2211 ) ;
#143 = VERTEX_POINT ( 'NONE', #2713 ) ;
#144 = CARTESIAN_POINT ( 'NONE',  ( -248.0000000000000000, -5.000000000000001776, 4.699999999999038280 ) ) ;
#145 = CARTESIAN_POINT ( 'NONE',  ( 247.9999999999999432, -5.000000000000001776, 210.5000000005748007 ) ) ;
#146 = EDGE_CURVE ( 'NONE', #2302, #2331, #2446, .T. ) ;
#147 = ORIENTED_EDGE ( 'NONE', *, *, #420, .T. ) ;
#148 = LINE ( 'NONE', #1592, #1248 ) ;
#149 = LINE ( 'NONE', #384, #1413 ) ;
#150 = EDGE_CURVE ( 'NONE', #3003, #2712, #2303, .T. ) ;
#151 = CARTESIAN_POINT ( 'NONE',  ( 218.0000000000000568, -5.000000000000001776, 4.700000000000037481 ) ) ;
#152 = DIRECTION ( 'NONE',  ( 0.000000000000000000, 0.000000000000000000, -1.000000000000000000 ) ) ;
#153 = EDGE_LOOP ( 'NONE', ( #2915, #332 ) ) ;
#154 = VECTOR ( 'NONE', #2388, 1000.000000000000000 ) ;
#155 = CARTESIAN_POINT ( 'NONE',  ( -4.294082921098063224E-13, -5.000000000000001776, 428.5000000005743459 ) ) ;
#156 = CARTESIAN_POINT ( 'NONE',  ( -5.551115123125779547E-14, -5.000000000000000000, 418.5000000005742891 ) ) ;
#157 = CONTEXT_DEPENDENT_SHAPE_REPRESENTATION ( #1179, #1495 ) ;
#158 = EDGE_LOOP ( 'NONE', ( #1942, #2387, #499, #1412 ) ) ;
#159 = EDGE_CURVE ( 'NONE', #2669, #2077, #1104, .T. ) ;
#160 = PERSON_AND_ORGANIZATION ( #515, #2211 ) ;
#161 = VERTEX_POINT ( 'NONE', #2016 ) ;
#162 = DIRECTION ( 'NONE',  ( 0.000000000000000000, 0.000000000000000000, -1.000000000000000000 ) ) ;
#163 = AXIS2_PLACEMENT_3D ( 'NONE', #265, #2991, #509 ) ;
#164 = PLANE ( 'NONE',  #108 ) ;
#165 = ORIENTED_EDGE ( 'NONE', *, *, #261, .T. ) ;
#166 = CARTESIAN_POINT ( 'NONE',  ( 247.9999999999999432, -5.000000000000001776, 210.5000000005748007 ) ) ;
#167 = AXIS2_PLACEMENT_3D ( 'NONE', #888, #2882, #38 ) ;
#168 = EDGE_CURVE ( 'NONE', #2695, #2452, #72, .T. ) ;
#169 = FACE_OUTER_BOUND ( 'NONE', #1096, .T. ) ;
#170 = DIRECTION ( 'NONE',  ( -0.000000000000000000, -1.000000000000000000, -0.000000000000000000 ) ) ;
#171 = VECTOR ( 'NONE', #1565, 999.9999999999998863 ) ;
#172 = CARTESIAN_POINT ( 'NONE',  ( -248.0000000000000000, 0.000000000000000000, -2.250000000000959677 ) ) ;
#173 = ORIENTED_EDGE ( 'NONE', *, *, #1314, .T. ) ;
#174 = DIRECTION ( 'NONE',  ( 0.000000000000000000, 0.000000000000000000, -1.000000000000000000 ) ) ;
#175 = AXIS2_PLACEMENT_3D ( 'NONE', #591, #348, #2235 ) ;
#176 = CARTESIAN_POINT ( 'NONE',  ( 2.302225383886073086E-13, -5.000000000000000000, -460.7500000005751986 ) ) ;
#177 = ORIENTED_EDGE ( 'NONE', *, *, #2256, .F. ) ;
#178 = CALENDAR_DATE ( 2026, 22, 4 ) ;
#179 = ORIENTED_EDGE ( 'NONE', *, *, #1907, .F. ) ;
#180 = CARTESIAN_POINT ( 'NONE',  ( -247.9999999999999432, -2.549999999999992273, -212.7500000005757386 ) ) ;
#181 = DIRECTION ( 'NONE',  ( 8.659560562354932858E-17, -0.7071067811865474617, 0.7071067811865474617 ) ) ;
#182 = CC_DESIGN_DATE_AND_TIME_ASSIGNMENT ( #2791, #1908, ( #855 ) ) ;
#183 = AXIS2_PLACEMENT_3D ( 'NONE', #136, #1275, #1037 ) ;
#184 = ORIENTED_EDGE ( 'NONE', *, *, #387, .T. ) ;
#185 = DIRECTION ( 'NONE',  ( 0.000000000000000000, 0.000000000000000000, -1.000000000000000000 ) ) ;
#186 = CARTESIAN_POINT ( 'NONE',  ( 218.0000000000000568, -5.000000000000000000, 2.250000000000029754 ) ) ;
#187 = AXIS2_PLACEMENT_3D ( 'NONE', #2787, #665, #2561 ) ;
#188 = ADVANCED_FACE ( 'NONE', ( #576 ), #1123, .T. ) ;
#189 = ORIENTED_EDGE ( 'NONE', *, *, #276, .T. ) ;
#190 = DIRECTION ( 'NONE',  ( 0.000000000000000000, 0.000000000000000000, -1.000000000000000000 ) ) ;
#191 = CARTESIAN_POINT ( 'NONE',  ( -5.356535435846923879E-13, -2.549999999999992273, 460.7500000005742891 ) ) ;
#192 = ORIENTED_EDGE ( 'NONE', *, *, #972, .T. ) ;
#193 = VECTOR ( 'NONE', #170, 1000.000000000000000 ) ;
#194 = ORIENTED_EDGE ( 'NONE', *, *, #1748, .T. ) ;
#195 = DIRECTION ( 'NONE',  ( -0.000000000000000000, -1.000000000000000000, -0.000000000000000000 ) ) ;
#196 = DIRECTION ( 'NONE',  ( 0.000000000000000000, 0.000000000000000000, 1.000000000000000000 ) ) ;
#197 = ORIENTED_EDGE ( 'NONE', *, *, #1042, .T. ) ;
#198 = DIRECTION ( 'NONE',  ( -0.000000000000000000, -1.000000000000000000, -0.000000000000000000 ) ) ;
#199 = CARTESIAN_POINT ( 'NONE',  ( -5.551115123125779547E-14, -5.000000000000000000, 210.5000000005743175 ) ) ;
#200 = CARTESIAN_POINT ( 'NONE',  ( 0.000000000000000000, 0.000000000000000000, 0.000000000000000000 ) ) ;
#201 = EDGE_CURVE ( 'NONE', #1114, #2768, #644, .T. ) ;
#202 = VERTEX_POINT ( 'NONE', #2945 ) ;
#203 = DIRECTION ( 'NONE',  ( -0.000000000000000000, -1.000000000000000000, -0.000000000000000000 ) ) ;
#204 = DIRECTION ( 'NONE',  ( 1.000000000000000000, -0.000000000000000000, 0.000000000000000000 ) ) ;
#205 = AXIS2_PLACEMENT_3D ( 'NONE', #2526, #2240, #1343 ) ;
#206 = ORIENTED_EDGE ( 'NONE', *, *, #1189, .T. ) ;
#207 = EDGE_CURVE ( 'NONE', #2712, #2887, #2473, .T. ) ;
#208 = VECTOR ( 'NONE', #991, 1000.000000000000000 ) ;
#209 = CALENDAR_DATE ( 2026, 22, 4 ) ;
#210 = ORIENTED_EDGE ( 'NONE', *, *, #2535, .T. ) ;
#211 = DIRECTION ( 'NONE',  ( 2.637109322142814623E-16, 0.000000000000000000, -1.000000000000000000 ) ) ;
#212 = CARTESIAN_POINT ( 'NONE',  ( 247.9999999999999432, 0.000000000000000000, 212.7500000005747722 ) ) ;
#213 = ORIENTED_EDGE ( 'NONE', *, *, #2155, .T. ) ;
#214 = DIRECTION ( 'NONE',  ( 0.000000000000000000, 0.000000000000000000, -1.000000000000000000 ) ) ;
#215 = CARTESIAN_POINT ( 'NONE',  ( 2.302225383886073086E-13, -5.000000000000001776, -463.2000000005751872 ) ) ;
#216 = CARTESIAN_POINT ( 'NONE',  ( 0.000000000000000000, 0.000000000000000000, 0.000000000000000000 ) ) ;
#217 = VERTEX_POINT ( 'NONE', #3010 ) ;
#218 = EDGE_CURVE ( 'NONE', #2437, #363, #628, .T. ) ;
#219 = DIRECTION ( 'NONE',  ( 0.000000000000000000, 0.000000000000000000, -1.000000000000000000 ) ) ;
#220 = CONICAL_SURFACE ( 'NONE', #2440, 4.700000000000009948, 0.7853981633974479459 ) ;
#221 = FACE_BOUND ( 'NONE', #1847, .T. ) ;
#222 = CC_DESIGN_DATE_AND_TIME_ASSIGNMENT ( #1664, #487, ( #570 ) ) ;
#223 = ORIENTED_EDGE ( 'NONE', *, *, #980, .F. ) ;
#224 = AXIS2_PLACEMENT_3D ( 'NONE', #885, #1135, #2777 ) ;
#225 = AXIS2_PLACEMENT_3D ( 'NONE', #2506, #874, #185 ) ;
#226 = EDGE_CURVE ( 'NONE', #2011, #1548, #805, .T. ) ;
#227 = PERSON_AND_ORGANIZATION ( #515, #2211 ) ;
#228 = ORIENTED_EDGE ( 'NONE', *, *, #2397, .T. ) ;
#229 = CARTESIAN_POINT ( 'NONE',  ( -247.9999999999999432, -5.000000000000001776, -215.2000000005757272 ) ) ;
#230 = ORIENTED_EDGE ( 'NONE', *, *, #1112, .F. ) ;
#231 = LINE ( 'NONE', #703, #2448 ) ;
#232 = DIRECTION ( 'NONE',  ( 0.000000000000000000, 1.000000000000000000, 0.000000000000000000 ) ) ;
#233 = ORIENTED_EDGE ( 'NONE', *, *, #839, .T. ) ;
#234 = CONICAL_SURFACE ( 'NONE', #1957, 4.700000000000009948, 0.7853981633974479459 ) ;
#235 = DIRECTION ( 'NONE',  ( 0.000000000000000000, 0.000000000000000000, -1.000000000000000000 ) ) ;
#236 = CARTESIAN_POINT ( 'NONE',  ( -5.551115123125779547E-14, -5.000000000000000000, 210.5000000005743175 ) ) ;
#237 = VERTEX_POINT ( 'NONE', #1051 ) ;
#238 = DATE_AND_TIME ( #1678, #2374 ) ;
#239 = ORIENTED_EDGE ( 'NONE', *, *, #2184, .F. ) ;
#240 = VERTEX_POINT ( 'NONE', #2976 ) ;
#241 = LOCAL_TIME ( 13, 28, 22.00000000000000000, #127 ) ;
#242 = DIRECTION ( 'NONE',  ( 0.000000000000000000, 0.000000000000000000, 1.000000000000000000 ) ) ;
#243 = DIRECTION ( 'NONE',  ( -0.000000000000000000, -1.000000000000000000, -0.000000000000000000 ) ) ;
#244 =( NAMED_UNIT ( * ) PLANE_ANGLE_UNIT ( ) SI_UNIT ( $, .RADIAN. ) );
#245 = LOCAL_TIME ( 13, 28, 22.00000000000000000, #525 ) ;
#246 = EDGE_LOOP ( 'NONE', ( #2776, #1655, #2901, #1896 ) ) ;
#247 = CARTESIAN_POINT ( 'NONE',  ( -248.0000000000000000, -5.000000000000001776, -4.700000000000981615 ) ) ;
#248 = CARTESIAN_POINT ( 'NONE',  ( 258.0000000000000568, -5.000000000000000000, -210.5000000005747438 ) ) ;
#249 = DIRECTION ( 'NONE',  ( 0.000000000000000000, 0.000000000000000000, -1.000000000000000000 ) ) ;
#250 = VECTOR ( 'NONE', #2083, 1000.000000000000000 ) ;
#251 = PERSON_AND_ORGANIZATION_ROLE ( 'creator' ) ;
#252 = EDGE_LOOP ( 'NONE', ( #2576, #2879 ) ) ;
#253 = EDGE_CURVE ( 'NONE', #2063, #391, #2886, .T. ) ;
#254 = VECTOR ( 'NONE', #2120, 999.9999999999998863 ) ;
#255 = ORIENTED_EDGE ( 'NONE', *, *, #942, .T. ) ;
#256 = CC_DESIGN_DATE_AND_TIME_ASSIGNMENT ( #539, #1501, ( #2760 ) ) ;
#257 = DIRECTION ( 'NONE',  ( -0.000000000000000000, -1.000000000000000000, -0.000000000000000000 ) ) ;
#258 = CARTESIAN_POINT ( 'NONE',  ( 263.0000000000000000, -14.00000000000000000, 4.831231622636307906E-14 ) ) ;
#259 = AXIS2_PLACEMENT_3D ( 'NONE', #2456, #1767, #2959 ) ;
#260 = VERTEX_POINT ( 'NONE', #2730 ) ;
#261 = EDGE_CURVE ( 'NONE', #2752, #448, #148, .T. ) ;
#262 = CARTESIAN_POINT ( 'NONE',  ( 258.0000000000000000, 0.000000000000000000, 4.739383112700257176E-14 ) ) ;
#263 = VECTOR ( 'NONE', #53, 999.9999999999998863 ) ;
#264 = DIRECTION ( 'NONE',  ( 8.659560562354932858E-17, -0.7071067811865474617, 0.7071067811865474617 ) ) ;
#265 = CARTESIAN_POINT ( 'NONE',  ( 5.551115123125779547E-14, -5.000000000000000000, -210.5000000005752554 ) ) ;
#266 = VECTOR ( 'NONE', #1998, 1000.000000000000000 ) ;
#267 = AXIS2_PLACEMENT_3D ( 'NONE', #138, #407, #1795 ) ;
#268 = PERSON_AND_ORGANIZATION_ROLE ( 'creator' ) ;
#269 = ORIENTED_EDGE ( 'NONE', *, *, #2842, .T. ) ;
#270 = AXIS2_PLACEMENT_3D ( 'NONE', #1753, #838, #1287 ) ;
#271 = EDGE_LOOP ( 'NONE', ( #1155, #1878, #73, #1265 ) ) ;
#272 = LINE ( 'NONE', #2899, #2636 ) ;
#273 = LINE ( 'NONE', #1017, #1843 ) ;
#274 = ORIENTED_EDGE ( 'NONE', *, *, #2825, .F. ) ;
#275 = CARTESIAN_POINT ( 'NONE',  ( -258.0000000000000568, -14.00000000000000000, 210.5000000005738343 ) ) ;
#276 = EDGE_CURVE ( 'NONE', #1224, #764, #1105, .T. ) ;
#277 = DIRECTION ( 'NONE',  ( 0.000000000000000000, 0.000000000000000000, -1.000000000000000000 ) ) ;
#278 = LINE ( 'NONE', #446, #1597 ) ;
#279 = EDGE_CURVE ( 'NONE', #48, #1313, #1745, .T. ) ;
#280 = CALENDAR_DATE ( 2026, 22, 4 ) ;
#281 = VERTEX_POINT ( 'NONE', #365 ) ;
#282 = ADVANCED_FACE ( 'NONE', ( #2251 ), #664, .F. ) ;
#283 = ORIENTED_EDGE ( 'NONE', *, *, #17, .F. ) ;
#284 = LINE ( 'NONE', #2438, #1602 ) ;
#285 = DIRECTION ( 'NONE',  ( 0.000000000000000000, 0.000000000000000000, -1.000000000000000000 ) ) ;
#286 = LOCAL_TIME ( 13, 28, 22.00000000000000000, #715 ) ;
#287 = ORIENTED_EDGE ( 'NONE', *, *, #289, .T. ) ;
#288 = CARTESIAN_POINT ( 'NONE',  ( -218.0000000000000568, -5.000000000000001776, 205.8000000005739309 ) ) ;
#289 = EDGE_CURVE ( 'NONE', #132, #341, #514, .T. ) ;
#290 = ORGANIZATION ( 'NAUO-ORG3', 'UNSPECIFIED', 'UNSPECIFIED' ) ;
#291 = DIRECTION ( 'NONE',  ( -0.000000000000000000, -1.000000000000000000, -0.000000000000000000 ) ) ;
#292 = CARTESIAN_POINT ( 'NONE',  ( -248.0000000000000568, -5.000000000000001776, 210.5000000005738059 ) ) ;
#293 = ITEM_DEFINED_TRANSFORMATION ( 'NONE', 'NONE', #1577,  #1631 ) ;
#294 = ORIENTED_EDGE ( 'NONE', *, *, #2644, .F. ) ;
#295 = ADVANCED_FACE ( 'NONE', ( #2284 ), #2790, .F. ) ;
#296 = EDGE_LOOP ( 'NONE', ( #1816, #382 ) ) ;
#297 = VECTOR ( 'NONE', #966, 1000.000000000000000 ) ;
#298 = CARTESIAN_POINT ( 'NONE',  ( -218.0000000000000568, -5.000000000000001776, 215.2000000005739651 ) ) ;
#299 = CARTESIAN_POINT ( 'NONE',  ( 218.0000000000000568, 0.000000000000000000, -210.5000000005747438 ) ) ;
#300 = VECTOR ( 'NONE', #1360, 1000.000000000000114 ) ;
#301 = ORIENTED_EDGE ( 'NONE', *, *, #2317, .T. ) ;
#302 = ORIENTED_EDGE ( 'NONE', *, *, #1768, .F. ) ;
#303 = DIRECTION ( 'NONE',  ( 0.000000000000000000, 0.000000000000000000, -1.000000000000000000 ) ) ;
#304 = CARTESIAN_POINT ( 'NONE',  ( -263.0000000000000568, 0.000000000000000000, 210.5000000005737775 ) ) ;
#305 = ADVANCED_FACE ( 'NONE', ( #435 ), #939, .F. ) ;
#306 = AXIS2_PLACEMENT_3D ( 'NONE', #2232, #1332, #2049 ) ;
#307 = CYLINDRICAL_SURFACE ( 'NONE', #462, 258.0000000000000000 ) ;
#308 = CC_DESIGN_DATE_AND_TIME_ASSIGNMENT ( #1965, #2406, ( #43 ) ) ;
#309 = COORDINATED_UNIVERSAL_TIME_OFFSET ( 1, 0, .AHEAD. ) ;
#310 = ORIENTED_EDGE ( 'NONE', *, *, #2898, .T. ) ;
#311 = CIRCLE ( 'NONE', #2346, 2.249999999999974243 ) ;
#312 = SHAPE_REPRESENTATION ( '072-93083', ( #88, #2121, #729, #1577 ), #1423 ) ;
#313 = AXIS2_PLACEMENT_3D ( 'NONE', #3002, #2543, #1826 ) ;
#314 = ADVANCED_FACE ( 'NONE', ( #1429 ), #1383, .T. ) ;
#315 = ORIENTED_EDGE ( 'NONE', *, *, #2817, .F. ) ;
#316 = FACE_OUTER_BOUND ( 'NONE', #3031, .T. ) ;
#317 = CIRCLE ( 'NONE', #1853, 4.700000000000009948 ) ;
#318 = CARTESIAN_POINT ( 'NONE',  ( -258.0000000000000568, 0.000000000000000000, 210.5000000005738343 ) ) ;
#319 = EDGE_CURVE ( 'NONE', #2615, #680, #913, .T. ) ;
#320 = CIRCLE ( 'NONE', #714, 2.249999999999974243 ) ;
#321 = ORIENTED_EDGE ( 'NONE', *, *, #928, .T. ) ;
#322 = CARTESIAN_POINT ( 'NONE',  ( -248.0000000000000000, -5.000000000000001776, -9.714451465470119729E-13 ) ) ;
#323 = CARTESIAN_POINT ( 'NONE',  ( 2.090880963937666585E-13, -5.000000000000001776, -428.5000000005753122 ) ) ;
#324 = CARTESIAN_POINT ( 'NONE',  ( 263.0000000000000000, -14.00000000000000000, 4.831231622636307906E-14 ) ) ;
#325 = CIRCLE ( 'NONE', #2057, 208.0000000000000000 ) ;
#326 = APPROVAL_STATUS ( 'not_yet_approved' ) ;
#327 = VERTEX_POINT ( 'NONE', #951 ) ;
#328 = AXIS2_PLACEMENT_3D ( 'NONE', #522, #780, #1686 ) ;
#329 = VERTEX_POINT ( 'NONE', #924 ) ;
#330 = CYLINDRICAL_SURFACE ( 'NONE', #1497, 2.249999999999974243 ) ;
#331 = CARTESIAN_POINT ( 'NONE',  ( -263.0000000000000568, -14.00000000000000000, 210.5000000005737775 ) ) ;
#332 = ORIENTED_EDGE ( 'NONE', *, *, #2418, .F. ) ;
#333 = ORIENTED_EDGE ( 'NONE', *, *, #865, .T. ) ;
#334 = EDGE_CURVE ( 'NONE', #3017, #363, #1251, .T. ) ;
#335 = CYLINDRICAL_SURFACE ( 'NONE', #2559, 2.250000000000001776 ) ;
#336 = DIRECTION ( 'NONE',  ( 0.000000000000000000, 0.000000000000000000, -1.000000000000000000 ) ) ;
#337 = DIRECTION ( 'NONE',  ( 0.000000000000000000, 0.000000000000000000, -1.000000000000000000 ) ) ;
#338 = ORGANIZATION ( 'NAUO-ORG2', 'UNSPECIFIED', 'UNSPECIFIED' ) ;
#339 = CARTESIAN_POINT ( 'NONE',  ( -4.294082921098063224E-13, -5.000000000000001776, 423.8000000005743573 ) ) ;
#340 = PERSON_AND_ORGANIZATION ( #515, #2211 ) ;
#341 = VERTEX_POINT ( 'NONE', #3060 ) ;
#342 = ORIENTED_EDGE ( 'NONE', *, *, #1414, .T. ) ;
#343 = ADVANCED_FACE ( 'NONE', ( #1156 ), #2812, .T. ) ;
#344 = LINE ( 'NONE', #1283, #800 ) ;
#345 = FACE_OUTER_BOUND ( 'NONE', #2041, .T. ) ;
#346 = APPROVAL ( #2594, 'UNSPECIFIED' ) ;
#347 = ORIENTED_EDGE ( 'NONE', *, *, #1860, .T. ) ;
#348 = DIRECTION ( 'NONE',  ( -0.000000000000000000, -1.000000000000000000, -0.000000000000000000 ) ) ;
#349 = DIRECTION ( 'NONE',  ( -0.000000000000000000, -1.000000000000000000, -0.000000000000000000 ) ) ;
#350 = DIRECTION ( 'NONE',  ( 0.000000000000000000, 0.000000000000000000, -1.000000000000000000 ) ) ;
#351 = VECTOR ( 'NONE', #2292, 1000.000000000000000 ) ;
#352 = ADVANCED_FACE ( 'NONE', ( #1670 ), #2781, .F. ) ;
#353 = DIRECTION ( 'NONE',  ( 0.000000000000000000, 0.000000000000000000, -1.000000000000000000 ) ) ;
#354 = LINE ( 'NONE', #1246, #550 ) ;
#355 = EDGE_CURVE ( 'NONE', #1398, #1867, #2987, .T. ) ;
#356 = DIRECTION ( 'NONE',  ( 0.000000000000000000, 0.000000000000000000, -1.000000000000000000 ) ) ;
#357 = ORIENTED_EDGE ( 'NONE', *, *, #2714, .F. ) ;
#358 = CIRCLE ( 'NONE', #2138, 2.249999999999974243 ) ;
#359 = COORDINATED_UNIVERSAL_TIME_OFFSET ( 1, 0, .AHEAD. ) ;
#360 = ORIENTED_EDGE ( 'NONE', *, *, #1410, .F. ) ;
#361 = DIRECTION ( 'NONE',  ( -0.000000000000000000, -1.000000000000000000, -0.000000000000000000 ) ) ;
#362 = DIRECTION ( 'NONE',  ( -0.000000000000000000, -1.000000000000000000, -0.000000000000000000 ) ) ;
#363 = VERTEX_POINT ( 'NONE', #2844 ) ;
#364 = AXIS2_PLACEMENT_3D ( 'NONE', #2112, #195, #459 ) ;
#365 = CARTESIAN_POINT ( 'NONE',  ( -247.9999999999999432, 0.000000000000000000, -212.7500000005757101 ) ) ;
#366 = DIRECTION ( 'NONE',  ( 0.000000000000000000, 0.000000000000000000, -1.000000000000000000 ) ) ;
#367 = CARTESIAN_POINT ( 'NONE',  ( 248.0000000000000000, -5.000000000000001776, 2.775557561562891351E-14 ) ) ;
#368 = CIRCLE ( 'NONE', #2596, 2.250000000000001776 ) ;
#369 = CARTESIAN_POINT ( 'NONE',  ( 248.0000000000000568, 0.000000000000000000, -208.2500000005747722 ) ) ;
#370 = VERTEX_POINT ( 'NONE', #2584 ) ;
#371 = FACE_OUTER_BOUND ( 'NONE', #1092, .T. ) ;
#372 = EDGE_CURVE ( 'NONE', #161, #404, #1138, .T. ) ;
#373 = CARTESIAN_POINT ( 'NONE',  ( 248.0000000000000568, 0.000000000000000000, -212.7500000005747154 ) ) ;
#374 = VERTEX_POINT ( 'NONE', #2102 ) ;
#375 = EDGE_CURVE ( 'NONE', #374, #2038, #320, .T. ) ;
#376 = AXIS2_PLACEMENT_3D ( 'NONE', #2689, #2751, #1091 ) ;
#377 = MECHANICAL_CONTEXT ( 'NONE', #1872, 'mechanical' ) ;
#378 = ORIENTED_EDGE ( 'NONE', *, *, #1004, .T. ) ;
#379 = CIRCLE ( 'NONE', #187, 2.249999999999974243 ) ;
#380 = CARTESIAN_POINT ( 'NONE',  ( -218.0000000000000284, -2.549999999999992273, 2.249999999999113598 ) ) ;
#381 = DIRECTION ( 'NONE',  ( -1.000000000000000000, 0.000000000000000000, -1.836970198721024511E-16 ) ) ;
#382 = ORIENTED_EDGE ( 'NONE', *, *, #1860, .F. ) ;
#383 = DIRECTION ( 'NONE',  ( 0.000000000000000000, 0.000000000000000000, 1.000000000000000000 ) ) ;
#384 = CARTESIAN_POINT ( 'NONE',  ( 2.307981223842065713E-13, -5.000000000000001776, -453.8000000005752668 ) ) ;
#385 = DIRECTION ( 'NONE',  ( 0.000000000000000000, 0.000000000000000000, 1.000000000000000000 ) ) ;
#386 = DIRECTION ( 'NONE',  ( -0.000000000000000000, -1.000000000000000000, -0.000000000000000000 ) ) ;
#387 = EDGE_CURVE ( 'NONE', #2427, #638, #231, .T. ) ;
#388 = CARTESIAN_POINT ( 'NONE',  ( -5.359290891145005483E-13, -2.549999999999992273, 458.5000000005743459 ) ) ;
#389 = DIRECTION ( 'NONE',  ( -0.000000000000000000, -1.000000000000000000, -0.000000000000000000 ) ) ;
#390 = CC_DESIGN_APPROVAL ( #2862, ( #2164 ) ) ;
#391 = VERTEX_POINT ( 'NONE', #2369 ) ;
#392 = EDGE_CURVE ( 'NONE', #680, #742, #1656, .T. ) ;
#393 = CALENDAR_DATE ( 2026, 22, 4 ) ;
#394 = ORIENTED_EDGE ( 'NONE', *, *, #1996, .T. ) ;
#395 = CARTESIAN_POINT ( 'NONE',  ( -5.359290891145005483E-13, -2.549999999999992273, 456.2500000005743459 ) ) ;
#396 = DIRECTION ( 'NONE',  ( 0.000000000000000000, 1.000000000000000000, 0.000000000000000000 ) ) ;
#397 = ORIENTED_EDGE ( 'NONE', *, *, #2586, .T. ) ;
#398 = DIRECTION ( 'NONE',  ( -0.000000000000000000, -1.000000000000000000, -0.000000000000000000 ) ) ;
#399 = LINE ( 'NONE', #1321, #1059 ) ;
#400 = DESIGN_CONTEXT ( 'detailed design', #2281, 'design' ) ;
#401 = CARTESIAN_POINT ( 'NONE',  ( 5.551115123125779547E-14, 0.000000000000000000, -210.5000000005752554 ) ) ;
#402 = AXIS2_PLACEMENT_3D ( 'NONE', #479, #2131, #889 ) ;
#403 = DIRECTION ( 'NONE',  ( 0.000000000000000000, 1.000000000000000000, 0.000000000000000000 ) ) ;
#404 = VERTEX_POINT ( 'NONE', #2598 ) ;
#405 = AXIS2_PLACEMENT_3D ( 'NONE', #1128, #1325, #1582 ) ;
#406 = CARTESIAN_POINT ( 'NONE',  ( -5.551115123125779547E-14, -14.00000000000000000, 473.5000000005743459 ) ) ;
#407 = DIRECTION ( 'NONE',  ( -0.000000000000000000, -1.000000000000000000, -0.000000000000000000 ) ) ;
#408 = CIRCLE ( 'NONE', #2870, 2.250000000000001776 ) ;
#409 = ORIENTED_EDGE ( 'NONE', *, *, #631, .F. ) ;
#410 = APPROVAL ( #1210, 'UNSPECIFIED' ) ;
#411 = CIRCLE ( 'NONE', #1198, 2.250000000000001776 ) ;
#412 = COORDINATED_UNIVERSAL_TIME_OFFSET ( 1, 0, .AHEAD. ) ;
#413 = EDGE_LOOP ( 'NONE', ( #302, #458, #1969, #213 ) ) ;
#414 = DIRECTION ( 'NONE',  ( 0.000000000000000000, 0.000000000000000000, -1.000000000000000000 ) ) ;
#415 = AXIS2_PLACEMENT_3D ( 'NONE', #2913, #976, #1430 ) ;
#416 = DIRECTION ( 'NONE',  ( 0.000000000000000000, 1.000000000000000000, 0.000000000000000000 ) ) ;
#417 = EDGE_CURVE ( 'NONE', #1165, #237, #1399, .T. ) ;
#418 = ORIENTED_EDGE ( 'NONE', *, *, #150, .F. ) ;
#419 = DIRECTION ( 'NONE',  ( -0.000000000000000000, -1.000000000000000000, -0.000000000000000000 ) ) ;
#420 = EDGE_CURVE ( 'NONE', #1002, #1502, #311, .T. ) ;
#421 = CIRCLE ( 'NONE', #2141, 2.250000000000001776 ) ;
#422 = LINE ( 'NONE', #3028, #1433 ) ;
#423 = DIRECTION ( 'NONE',  ( 0.000000000000000000, 1.000000000000000000, 0.000000000000000000 ) ) ;
#424 = VERTEX_POINT ( 'NONE', #1417 ) ;
#425 = CARTESIAN_POINT ( 'NONE',  ( -218.0000000000000000, -5.000000000000001776, -210.5000000005757670 ) ) ;
#426 = VECTOR ( 'NONE', #56, 1000.000000000000000 ) ;
#427 = DIRECTION ( 'NONE',  ( -0.000000000000000000, -1.000000000000000000, -0.000000000000000000 ) ) ;
#428 = VERTEX_POINT ( 'NONE', #1185 ) ;
#429 = MECHANICAL_CONTEXT ( 'NONE', #969, 'mechanical' ) ;
#430 = ORIENTED_EDGE ( 'NONE', *, *, #1371, .F. ) ;
#431 = DIRECTION ( 'NONE',  ( 0.000000000000000000, 0.000000000000000000, -1.000000000000000000 ) ) ;
#432 = CARTESIAN_POINT ( 'NONE',  ( -5.359290891145005483E-13, -2.549999999999992273, 458.5000000005743459 ) ) ;
#433 = AXIS2_PLACEMENT_3D ( 'NONE', #2220, #1521, #1106 ) ;
#434 = EDGE_LOOP ( 'NONE', ( #55, #605, #711, #471 ) ) ;
#435 = FACE_OUTER_BOUND ( 'NONE', #1228, .T. ) ;
#436 = DIRECTION ( 'NONE',  ( -0.000000000000000000, -1.000000000000000000, -0.000000000000000000 ) ) ;
#437 = MANIFOLD_SOLID_BREP ( 'Formsenkung f\X2\00fc\X0\r M4 Senkschraube mit Schlitz/Kreuzschlitz2', #1302 ) ;
#438 = ORIENTED_EDGE ( 'NONE', *, *, #3024, .T. ) ;
#439 = LINE ( 'NONE', #723, #1140 ) ;
#440 = CARTESIAN_POINT ( 'NONE',  ( 247.9999999999999432, -5.000000000000001776, 210.5000000005748007 ) ) ;
#441 = ORIENTED_EDGE ( 'NONE', *, *, #2246, .F. ) ;
#442 =( GEOMETRIC_REPRESENTATION_CONTEXT ( 3 ) GLOBAL_UNCERTAINTY_ASSIGNED_CONTEXT ( ( #2748 ) ) GLOBAL_UNIT_ASSIGNED_CONTEXT ( ( #2339, #12, #1643 ) ) REPRESENTATION_CONTEXT ( 'NONE', 'WORKASPACE' ) );
#443 = APPROVAL_DATE_TIME ( #238, #346 ) ;
#444 = EDGE_LOOP ( 'NONE', ( #438, #2583, #778, #1270 ) ) ;
#445 = CYLINDRICAL_SURFACE ( 'NONE', #1551, 263.0000000000000000 ) ;
#446 = CARTESIAN_POINT ( 'NONE',  ( -4.294082921098063224E-13, -5.000000000000000000, 426.2500000005744027 ) ) ;
#447 = EDGE_CURVE ( 'NONE', #1887, #1489, #992, .T. ) ;
#448 = VERTEX_POINT ( 'NONE', #2569 ) ;
#449 = DIRECTION ( 'NONE',  ( 0.000000000000000000, 0.000000000000000000, -1.000000000000000000 ) ) ;
#450 = DIRECTION ( 'NONE',  ( -0.000000000000000000, -1.000000000000000000, -0.000000000000000000 ) ) ;
#451 = CC_DESIGN_PERSON_AND_ORGANIZATION_ASSIGNMENT ( #849, #623, ( #983 ) ) ;
#452 = ORIENTED_EDGE ( 'NONE', *, *, #1431, .F. ) ;
#453 = CARTESIAN_POINT ( 'NONE',  ( -218.0000000000000568, -5.000000000000001776, 205.8000000005739309 ) ) ;
#454 = ADVANCED_FACE ( 'NONE', ( #2143 ), #707, .F. ) ;
#455 = CARTESIAN_POINT ( 'NONE',  ( 218.0000000000000568, -5.000000000000001776, 205.8000000005748120 ) ) ;
#456 = ORIENTED_EDGE ( 'NONE', *, *, #2694, .F. ) ;
#457 = DATE_AND_TIME ( #2348, #2706 ) ;
#458 = ORIENTED_EDGE ( 'NONE', *, *, #2411, .T. ) ;
#459 = DIRECTION ( 'NONE',  ( 0.000000000000000000, 0.000000000000000000, 1.000000000000000000 ) ) ;
#460 = CARTESIAN_POINT ( 'NONE',  ( -4.294082921098063224E-13, 0.000000000000000000, 428.5000000005743459 ) ) ;
#461 = ORIENTED_EDGE ( 'NONE', *, *, #2397, .F. ) ;
#462 = AXIS2_PLACEMENT_3D ( 'NONE', #2477, #2463, #2165 ) ;
#463 = CARTESIAN_POINT ( 'NONE',  ( -5.359290891145005483E-13, -5.000000000000000000, 456.2500000005743459 ) ) ;
#464 = CARTESIAN_POINT ( 'NONE',  ( -247.9999999999999432, 0.000000000000000000, -210.5000000005757386 ) ) ;
#465 = SHAPE_REPRESENTATION_RELATIONSHIP ( 'NONE' , 'NONE' ,  #3045, #1061 ) ;
#466 = ORIENTED_EDGE ( 'NONE', *, *, #3001, .T. ) ;
#467 = CONICAL_SURFACE ( 'NONE', #2542, 4.700000000000009948, 0.7853981633974479459 ) ;
#468 = CARTESIAN_POINT ( 'NONE',  ( -208.0000000000000853, -5.000000000000000000, 210.5000000005738343 ) ) ;
#469 = VECTOR ( 'NONE', #2272, 1000.000000000000000 ) ;
#470 = FACE_BOUND ( 'NONE', #153, .T. ) ;
#471 = ORIENTED_EDGE ( 'NONE', *, *, #2280, .F. ) ;
#472 = AXIS2_PLACEMENT_3D ( 'NONE', #1003, #1663, #1944 ) ;
#473 = VECTOR ( 'NONE', #2082, 1000.000000000000000 ) ;
#474 = PERSON_AND_ORGANIZATION ( #515, #2211 ) ;
#475 = ORIENTED_EDGE ( 'NONE', *, *, #1666, .T. ) ;
#476 = ADVANCED_FACE ( 'NONE', ( #2639 ), #467, .F. ) ;
#477 = EDGE_LOOP ( 'NONE', ( #1365, #1856, #310, #617 ) ) ;
#478 = CARTESIAN_POINT ( 'NONE',  ( 248.0000000000000568, 0.000000000000000000, -210.5000000005747438 ) ) ;
#479 = CARTESIAN_POINT ( 'NONE',  ( -248.0000000000000568, -2.549999999999992273, 210.5000000005738059 ) ) ;
#480 = VECTOR ( 'NONE', #2525, 1000.000000000000000 ) ;
#481 = ORIENTED_EDGE ( 'NONE', *, *, #1414, .F. ) ;
#482 = AXIS2_PLACEMENT_3D ( 'NONE', #944, #1163, #2073 ) ;
#483 = DIRECTION ( 'NONE',  ( 0.000000000000000000, 1.000000000000000000, 0.000000000000000000 ) ) ;
#484 = DIRECTION ( 'NONE',  ( 0.000000000000000000, 1.000000000000000000, 0.000000000000000000 ) ) ;
#485 = EDGE_CURVE ( 'NONE', #638, #1141, #284, .T. ) ;
#486 = CARTESIAN_POINT ( 'NONE',  ( 258.0000000000000000, -14.00000000000000000, 4.739383112700257176E-14 ) ) ;
#487 = DATE_TIME_ROLE ( 'creation_date' ) ;
#488 = VERTEX_POINT ( 'NONE', #788 ) ;
#489 = CONICAL_SURFACE ( 'NONE', #776, 4.699999999999981526, 0.7853981633974479459 ) ;
#490 = ADVANCED_FACE ( 'NONE', ( #962 ), #1505, .F. ) ;
#491 = ORIENTED_EDGE ( 'NONE', *, *, #2694, .T. ) ;
#492 = SECURITY_CLASSIFICATION ( '', '', #2649 ) ;
#493 = DIRECTION ( 'NONE',  ( -0.000000000000000000, -1.000000000000000000, -0.000000000000000000 ) ) ;
#494 = DIRECTION ( 'NONE',  ( 0.000000000000000000, 1.000000000000000000, 0.000000000000000000 ) ) ;
#495 = EDGE_LOOP ( 'NONE', ( #2372, #986, #1609, #2501, #648 ) ) ;
#496 = DIRECTION ( 'NONE',  ( 0.000000000000000000, 1.000000000000000000, 0.000000000000000000 ) ) ;
#497 = FACE_OUTER_BOUND ( 'NONE', #654, .T. ) ;
#498 = PERSON_AND_ORGANIZATION_ROLE ( 'classification_officer' ) ;
#499 = ORIENTED_EDGE ( 'NONE', *, *, #1812, .F. ) ;
#500 = CIRCLE ( 'NONE', #2132, 4.700000000000009948 ) ;
#501 = ORIENTED_EDGE ( 'NONE', *, *, #319, .T. ) ;
#502 = CYLINDRICAL_SURFACE ( 'NONE', #2493, 2.250000000000001776 ) ;
#503 = EDGE_CURVE ( 'NONE', #2957, #2572, #2238, .T. ) ;
#504 = CYLINDRICAL_SURFACE ( 'NONE', #1544, 2.250000000000001776 ) ;
#505 = EDGE_LOOP ( 'NONE', ( #1493, #1216, #2741, #1720 ) ) ;
#506 = DIRECTION ( 'NONE',  ( 2.637109322142814623E-16, 0.000000000000000000, -1.000000000000000000 ) ) ;
#507 = CIRCLE ( 'NONE', #259, 4.699999999999981526 ) ;
#508 = CARTESIAN_POINT ( 'NONE',  ( 2.096636803893658960E-13, -5.000000000000001776, -423.8000000005753236 ) ) ;
#509 = DIRECTION ( 'NONE',  ( 0.000000000000000000, 0.000000000000000000, 1.000000000000000000 ) ) ;
#510 = CIRCLE ( 'NONE', #611, 2.250000000000001776 ) ;
#511 = AXIS2_PLACEMENT_3D ( 'NONE', #866, #389, #1326 ) ;
#512 = CALENDAR_DATE ( 2026, 22, 4 ) ;
#513 = ORIENTED_EDGE ( 'NONE', *, *, #1842, .F. ) ;
#514 = CIRCLE ( 'NONE', #1993, 2.249999999999974243 ) ;
#515 = PERSON ( 'UNSPECIFIED', 'UNSPECIFIED', 'UNSPECIFIED', ('UNSPECIFIED'), ('UNSPECIFIED'), ('UNSPECIFIED') ) ;
#516 = ORIENTED_EDGE ( 'NONE', *, *, #898, .T. ) ;
#517 = DIRECTION ( 'NONE',  ( 0.000000000000000000, 0.000000000000000000, -1.000000000000000000 ) ) ;
#518 = CARTESIAN_POINT ( 'NONE',  ( 248.0000000000000000, -5.000000000000001776, 2.775557561562891351E-14 ) ) ;
#519 = ORIENTED_EDGE ( 'NONE', *, *, #3018, .T. ) ;
#520 = DIRECTION ( 'NONE',  ( 0.000000000000000000, 0.000000000000000000, -1.000000000000000000 ) ) ;
#521 = EDGE_CURVE ( 'NONE', #1002, #938, #1682, .T. ) ;
#522 = CARTESIAN_POINT ( 'NONE',  ( -5.359290891145005483E-13, -5.000000000000001776, 458.5000000005743459 ) ) ;
#523 = AXIS2_PLACEMENT_3D ( 'NONE', #1088, #1538, #858 ) ;
#524 = DIRECTION ( 'NONE',  ( 0.000000000000000000, 1.000000000000000000, 0.000000000000000000 ) ) ;
#525 = COORDINATED_UNIVERSAL_TIME_OFFSET ( 1, 0, .AHEAD. ) ;
#526 = EDGE_LOOP ( 'NONE', ( #223, #1507, #1172, #1176 ) ) ;
#527 = PRODUCT_DEFINITION_SHAPE ( 'NONE', 'NONE',  #855 ) ;
#528 = VERTEX_POINT ( 'NONE', #68 ) ;
#529 = CARTESIAN_POINT ( 'NONE',  ( -207.9999999999999716, -5.000000000000000000, -210.5000000005756533 ) ) ;
#530 = DIRECTION ( 'NONE',  ( -0.000000000000000000, -1.000000000000000000, -0.000000000000000000 ) ) ;
#531 = EDGE_CURVE ( 'NONE', #692, #2994, #82, .T. ) ;
#532 = LOCAL_TIME ( 13, 28, 22.00000000000000000, #359 ) ;
#533 = ORIENTED_EDGE ( 'NONE', *, *, #1056, .F. ) ;
#534 = CARTESIAN_POINT ( 'NONE',  ( -248.0000000000000000, -5.000000000000000000, 2.249999999999016786 ) ) ;
#535 = DIRECTION ( 'NONE',  ( 0.000000000000000000, 0.000000000000000000, -1.000000000000000000 ) ) ;
#536 = FACE_BOUND ( 'NONE', #953, .T. ) ;
#537 = CARTESIAN_POINT ( 'NONE',  ( -218.0000000000000284, 0.000000000000000000, 2.249999999999099831 ) ) ;
#538 = EDGE_CURVE ( 'NONE', #488, #2806, #272, .T. ) ;
#539 = DATE_AND_TIME ( #1263, #2467 ) ;
#540 = EDGE_LOOP ( 'NONE', ( #1646, #1874, #347, #1031 ) ) ;
#541 = ORIENTED_EDGE ( 'NONE', *, *, #1890, .F. ) ;
#542 = CIRCLE ( 'NONE', #101, 2.250000000000001776 ) ;
#543 = CARTESIAN_POINT ( 'NONE',  ( 218.0000000000000568, -5.000000000000001776, 2.775557561562891351E-14 ) ) ;
#544 = CARTESIAN_POINT ( 'NONE',  ( 218.0000000000000568, -5.000000000000001776, 215.2000000005748177 ) ) ;
#545 = AXIS2_PLACEMENT_3D ( 'NONE', #630, #2979, #2475 ) ;
#546 = ORIENTED_EDGE ( 'NONE', *, *, #1040, .T. ) ;
#547 = CARTESIAN_POINT ( 'NONE',  ( -248.0000000000000000, -5.000000000000001776, -9.714451465470119729E-13 ) ) ;
#548 = DIRECTION ( 'NONE',  ( 0.000000000000000000, -0.7071067811865479058, -0.7071067811865472397 ) ) ;
#549 = DIRECTION ( 'NONE',  ( -0.000000000000000000, -1.000000000000000000, -0.000000000000000000 ) ) ;
#550 = VECTOR ( 'NONE', #1701, 1000.000000000000000 ) ;
#551 = CARTESIAN_POINT ( 'NONE',  ( 218.0000000000000568, 0.000000000000000000, -208.2500000005747438 ) ) ;
#552 = PERSON_AND_ORGANIZATION ( #1983, #290 ) ;
#553 = ORIENTED_EDGE ( 'NONE', *, *, #2962, .T. ) ;
#554 = AXIS2_PLACEMENT_3D ( 'NONE', #2484, #1100, #2927 ) ;
#555 = CIRCLE ( 'NONE', #2296, 208.0000000000000000 ) ;
#556 = ADVANCED_FACE ( 'NONE', ( #1939 ), #220, .F. ) ;
#557 = VERTEX_POINT ( 'NONE', #1460 ) ;
#558 = DIRECTION ( 'NONE',  ( -0.000000000000000000, -1.000000000000000000, -0.000000000000000000 ) ) ;
#559 = DIRECTION ( 'NONE',  ( 0.000000000000000000, 1.000000000000000000, 0.000000000000000000 ) ) ;
#560 = ADVANCED_FACE ( 'NONE', ( #1226 ), #52, .T. ) ;
#561 = ORIENTED_EDGE ( 'NONE', *, *, #1022, .T. ) ;
#562 = CARTESIAN_POINT ( 'NONE',  ( 2.090880963937666585E-13, -5.000000000000000000, -428.5000000005753122 ) ) ;
#563 = FACE_BOUND ( 'NONE', #2173, .T. ) ;
#564 = CARTESIAN_POINT ( 'NONE',  ( -218.0000000000000000, -2.549999999999992273, -210.5000000005757670 ) ) ;
#565 = DIRECTION ( 'NONE',  ( 0.000000000000000000, 1.000000000000000000, 0.000000000000000000 ) ) ;
#566 = EDGE_CURVE ( 'NONE', #2314, #2396, #1913, .T. ) ;
#567 = VECTOR ( 'NONE', #1338, 1000.000000000000000 ) ;
#568 = COORDINATED_UNIVERSAL_TIME_OFFSET ( 1, 0, .AHEAD. ) ;
#569 = ORIENTED_EDGE ( 'NONE', *, *, #2613, .F. ) ;
#570 = PRODUCT_DEFINITION ( 'UNKNOWN', '', #2166, #2444 ) ;
#571 = ORIENTED_EDGE ( 'NONE', *, *, #2411, .F. ) ;
#572 = DIRECTION ( 'NONE',  ( -1.000000000000000000, 0.000000000000000000, -1.836970198721024264E-16 ) ) ;
#573 = LINE ( 'NONE', #819, #1979 ) ;
#574 = ADVANCED_FACE ( 'NONE', ( #1016 ), #65, .F. ) ;
#575 = VERTEX_POINT ( 'NONE', #2853 ) ;
#576 = FACE_OUTER_BOUND ( 'NONE', #271, .T. ) ;
#577 = FACE_OUTER_BOUND ( 'NONE', #3052, .T. ) ;
#578 = PLANE ( 'NONE',  #1782 ) ;
#579 = CC_DESIGN_APPROVAL ( #1645, ( #983 ) ) ;
#580 = CARTESIAN_POINT ( 'NONE',  ( -5.551115123125779547E-14, 0.000000000000000000, 210.5000000005743175 ) ) ;
#581 = ORIENTED_EDGE ( 'NONE', *, *, #276, .F. ) ;
#582 = CARTESIAN_POINT ( 'NONE',  ( 207.9999999999999716, -5.000000000000000000, 210.5000000005746870 ) ) ;
#583 = DIRECTION ( 'NONE',  ( 2.637109322142814623E-16, 0.000000000000000000, -1.000000000000000000 ) ) ;
#584 = EDGE_LOOP ( 'NONE', ( #803, #2291, #2229, #24 ) ) ;
#585 = PERSON_AND_ORGANIZATION_ROLE ( 'classification_officer' ) ;
#586 = ORIENTED_EDGE ( 'NONE', *, *, #447, .T. ) ;
#587 = DIRECTION ( 'NONE',  ( -0.000000000000000000, -1.000000000000000000, -0.000000000000000000 ) ) ;
#588 = CYLINDRICAL_SURFACE ( 'NONE', #1344, 2.249999999999974243 ) ;
#589 = VERTEX_POINT ( 'NONE', #1490 ) ;
#590 = ADVANCED_FACE ( 'NONE', ( #2424 ), #502, .F. ) ;
#591 = CARTESIAN_POINT ( 'NONE',  ( -248.0000000000000000, -2.549999999999992273, -9.714451465470119729E-13 ) ) ;
#592 = CARTESIAN_POINT ( 'NONE',  ( -248.0000000000000000, -5.000000000000000000, -9.714451465470119729E-13 ) ) ;
#593 = CARTESIAN_POINT ( 'NONE',  ( -218.0000000000000000, -5.000000000000001776, -205.8000000005757499 ) ) ;
#594 = CONICAL_SURFACE ( 'NONE', #2335, 4.700000000000009948, 0.7853981633974479459 ) ;
#595 = CARTESIAN_POINT ( 'NONE',  ( 2.302225383886073086E-13, -5.000000000000001776, -463.2000000005751872 ) ) ;
#596 = EDGE_LOOP ( 'NONE', ( #1796, #1909, #2379, #2881 ) ) ;
#597 = CARTESIAN_POINT ( 'NONE',  ( 263.0000000000000000, 0.000000000000000000, 4.831231622636307906E-14 ) ) ;
#598 = EDGE_CURVE ( 'NONE', #1132, #2752, #2189, .T. ) ;
#599 = DIRECTION ( 'NONE',  ( 1.000000000000000000, -0.000000000000000000, 2.637109322142814623E-16 ) ) ;
#600 = CIRCLE ( 'NONE', #306, 4.700000000000009948 ) ;
#601 = ORIENTED_EDGE ( 'NONE', *, *, #168, .T. ) ;
#602 = VECTOR ( 'NONE', #1722, 999.9999999999998863 ) ;
#603 = CIRCLE ( 'NONE', #2684, 4.700000000000009948 ) ;
#604 = APPROVAL_DATE_TIME ( #2723, #2862 ) ;
#605 = ORIENTED_EDGE ( 'NONE', *, *, #2215, .T. ) ;
#606 = CARTESIAN_POINT ( 'NONE',  ( 248.0000000000000568, -2.549999999999992273, -210.5000000005747438 ) ) ;
#607 = PLANE ( 'NONE',  #702 ) ;
#608 = VECTOR ( 'NONE', #572, 1000.000000000000000 ) ;
#609 = ADVANCED_FACE ( 'NONE', ( #316 ), #330, .F. ) ;
#610 = EDGE_LOOP ( 'NONE', ( #1028, #2299, #516, #1584 ) ) ;
#611 = AXIS2_PLACEMENT_3D ( 'NONE', #2972, #2029, #2742 ) ;
#612 = DIRECTION ( 'NONE',  ( -0.000000000000000000, -1.000000000000000000, -0.000000000000000000 ) ) ;
#613 = DIRECTION ( 'NONE',  ( -0.000000000000000000, -1.000000000000000000, -0.000000000000000000 ) ) ;
#614 = DIRECTION ( 'NONE',  ( 0.000000000000000000, 0.000000000000000000, -1.000000000000000000 ) ) ;
#615 = AXIS2_PLACEMENT_3D ( 'NONE', #547, #1494, #249 ) ;
#616 = LINE ( 'NONE', #2965, #480 ) ;
#617 = ORIENTED_EDGE ( 'NONE', *, *, #141, .F. ) ;
#618 = CARTESIAN_POINT ( 'NONE',  ( 208.0000000000000284, 0.000000000000000000, 4.739383112700257176E-14 ) ) ;
#619 = EDGE_CURVE ( 'NONE', #428, #2452, #2157, .T. ) ;
#620 = CARTESIAN_POINT ( 'NONE',  ( -207.9999999999999432, 0.000000000000000000, -210.5000000005756817 ) ) ;
#621 = ORIENTED_EDGE ( 'NONE', *, *, #2094, .T. ) ;
#622 = CONICAL_SURFACE ( 'NONE', #1007, 4.700000000000009948, 0.7853981633974479459 ) ;
#623 = PERSON_AND_ORGANIZATION_ROLE ( 'creator' ) ;
#624 = ORIENTED_EDGE ( 'NONE', *, *, #2535, .F. ) ;
#625 = CARTESIAN_POINT ( 'NONE',  ( 262.9999999999999432, -14.00000000000000000, 210.5000000005748575 ) ) ;
#626 = CARTESIAN_POINT ( 'NONE',  ( 218.0000000000000568, -5.000000000000001776, 2.775557561562891351E-14 ) ) ;
#627 = ORIENTED_EDGE ( 'NONE', *, *, #619, .F. ) ;
#628 = LINE ( 'NONE', #2068, #1162 ) ;
#629 = DIRECTION ( 'NONE',  ( -0.000000000000000000, -1.000000000000000000, -0.000000000000000000 ) ) ;
#630 = CARTESIAN_POINT ( 'NONE',  ( -218.0000000000000568, -5.000000000000001776, 210.5000000005739480 ) ) ;
#631 = EDGE_CURVE ( 'NONE', #1160, #1915, #1692, .T. ) ;
#632 = CARTESIAN_POINT ( 'NONE',  ( 247.9999999999999432, 0.000000000000000000, 210.5000000005748007 ) ) ;
#633 = ORIENTED_EDGE ( 'NONE', *, *, #1237, .T. ) ;
#634 = APPROVAL ( #326, 'UNKNOWN' ) ;
#635 = DIRECTION ( 'NONE',  ( 0.000000000000000000, 0.000000000000000000, -1.000000000000000000 ) ) ;
#636 = FACE_OUTER_BOUND ( 'NONE', #1567, .T. ) ;
#637 = LOCAL_TIME ( 13, 28, 22.00000000000000000, #2577 ) ;
#638 = VERTEX_POINT ( 'NONE', #380 ) ;
#639 = APPLICATION_PROTOCOL_DEFINITION ( 'international standard', 'config_control_design', 1994, #2281 ) ;
#640 = ORIENTED_EDGE ( 'NONE', *, *, #2420, .F. ) ;
#641 = CARTESIAN_POINT ( 'NONE',  ( 218.0000000000000568, -5.000000000000001776, -210.5000000005747438 ) ) ;
#642 = CYLINDRICAL_SURFACE ( 'NONE', #163, 208.0000000000000000 ) ;
#643 = ORIENTED_EDGE ( 'NONE', *, *, #104, .T. ) ;
#644 = LINE ( 'NONE', #2537, #1903 ) ;
#645 = CYLINDRICAL_SURFACE ( 'NONE', #2004, 2.249999999999974243 ) ;
#646 = DIRECTION ( 'NONE',  ( 0.000000000000000000, 0.000000000000000000, -1.000000000000000000 ) ) ;
#647 = VECTOR ( 'NONE', #243, 1000.000000000000000 ) ;
#648 = ORIENTED_EDGE ( 'NONE', *, *, #1921, .T. ) ;
#649 = FACE_OUTER_BOUND ( 'NONE', #2186, .T. ) ;
#650 = CARTESIAN_POINT ( 'NONE',  ( -248.0000000000000568, -5.000000000000000000, 210.5000000005738059 ) ) ;
#651 = ORIENTED_EDGE ( 'NONE', *, *, #1154, .T. ) ;
#652 = AXIS2_PLACEMENT_3D ( 'NONE', #1367, #1849, #1456 ) ;
#653 = DATE_AND_TIME ( #2516, #1129 ) ;
#654 = EDGE_LOOP ( 'NONE', ( #2911, #255, #1781, #1951 ) ) ;
#655 = CARTESIAN_POINT ( 'NONE',  ( 218.0000000000000568, -5.000000000000000000, -2.249999999999974243 ) ) ;
#656 = LINE ( 'NONE', #2098, #1935 ) ;
#657 = EDGE_CURVE ( 'NONE', #938, #692, #2591, .T. ) ;
#658 = ORIENTED_EDGE ( 'NONE', *, *, #816, .F. ) ;
#659 = DIRECTION ( 'NONE',  ( 0.000000000000000000, 1.000000000000000000, 0.000000000000000000 ) ) ;
#660 = CYLINDRICAL_SURFACE ( 'NONE', #2128, 2.249999999999974243 ) ;
#661 = CIRCLE ( 'NONE', #2191, 2.250000000000001776 ) ;
#662 = ORIENTED_EDGE ( 'NONE', *, *, #1995, .T. ) ;
#663 = CYLINDRICAL_SURFACE ( 'NONE', #1334, 2.250000000000001776 ) ;
#664 = CONICAL_SURFACE ( 'NONE', #69, 4.700000000000009948, 0.7853981633974479459 ) ;
#665 = DIRECTION ( 'NONE',  ( -0.000000000000000000, -1.000000000000000000, -0.000000000000000000 ) ) ;
#666 = EDGE_LOOP ( 'NONE', ( #1183, #2481, #2459, #287 ) ) ;
#667 = EDGE_CURVE ( 'NONE', #911, #2336, #1044, .T. ) ;
#668 = CALENDAR_DATE ( 2026, 22, 4 ) ;
#669 = ORIENTED_EDGE ( 'NONE', *, *, #1622, .F. ) ;
#670 = DIRECTION ( 'NONE',  ( -0.000000000000000000, -1.000000000000000000, -0.000000000000000000 ) ) ;
#671 = DIRECTION ( 'NONE',  ( -0.000000000000000000, -1.000000000000000000, -0.000000000000000000 ) ) ;
#672 = CC_DESIGN_PERSON_AND_ORGANIZATION_ASSIGNMENT ( #21, #959, ( #2166 ) ) ;
#673 = AXIS2_PLACEMENT_3D ( 'NONE', #1757, #386, #337 ) ;
#674 = VERTEX_POINT ( 'NONE', #1978 ) ;
#675 = CARTESIAN_POINT ( 'NONE',  ( -5.551115123125779547E-14, -5.000000000000000000, 210.5000000005743175 ) ) ;
#676 = ADVANCED_FACE ( 'NONE', ( #871 ), #1897, .F. ) ;
#677 = FACE_OUTER_BOUND ( 'NONE', #2340, .T. ) ;
#678 =( NAMED_UNIT ( * ) PLANE_ANGLE_UNIT ( ) SI_UNIT ( $, .RADIAN. ) );
#679 = ADVANCED_FACE ( 'NONE', ( #2697 ), #804, .F. ) ;
#680 = VERTEX_POINT ( 'NONE', #1783 ) ;
#681 = LINE ( 'NONE', #2802, #154 ) ;
#682 = DIRECTION ( 'NONE',  ( -0.000000000000000000, -1.000000000000000000, -0.000000000000000000 ) ) ;
#683 = ORIENTED_EDGE ( 'NONE', *, *, #2436, .F. ) ;
#684 = CC_DESIGN_SECURITY_CLASSIFICATION ( #1766, ( #2952 ) ) ;
#685 = APPROVAL_DATE_TIME ( #2805, #1601 ) ;
#686 = ORIENTED_EDGE ( 'NONE', *, *, #2592, .T. ) ;
#687 = CARTESIAN_POINT ( 'NONE',  ( -218.0000000000000284, -5.000000000000001776, -8.881784197001252323E-13 ) ) ;
#688 = DIRECTION ( 'NONE',  ( 0.000000000000000000, 0.000000000000000000, 1.000000000000000000 ) ) ;
#689 = VERTEX_POINT ( 'NONE', #1029 ) ;
#690 = DIRECTION ( 'NONE',  ( -1.000000000000000000, 0.000000000000000000, -1.836970198720568204E-16 ) ) ;
#691 = DIRECTION ( 'NONE',  ( 0.000000000000000000, -0.7071067811865474617, -0.7071067811865474617 ) ) ;
#692 = VERTEX_POINT ( 'NONE', #1571 ) ;
#693 = DIRECTION ( 'NONE',  ( -0.000000000000000000, -1.000000000000000000, -0.000000000000000000 ) ) ;
#694 = EDGE_CURVE ( 'NONE', #329, #1064, #2093, .T. ) ;
#695 = CARTESIAN_POINT ( 'NONE',  ( -263.0000000000000568, -14.00000000000000000, 210.5000000005737775 ) ) ;
#696 = ORIENTED_EDGE ( 'NONE', *, *, #1404, .F. ) ;
#697 = EDGE_CURVE ( 'NONE', #161, #1165, #1549, .T. ) ;
#698 = AXIS2_PLACEMENT_3D ( 'NONE', #2890, #810, #1945 ) ;
#699 = PERSON_AND_ORGANIZATION_ROLE ( 'design_owner' ) ;
#700 = ORIENTED_EDGE ( 'NONE', *, *, #1902, .F. ) ;
#701 = EDGE_LOOP ( 'NONE', ( #3013, #2681, #790, #1527 ) ) ;
#702 = AXIS2_PLACEMENT_3D ( 'NONE', #2503, #1802, #381 ) ;
#703 = CARTESIAN_POINT ( 'NONE',  ( -218.0000000000000284, -5.000000000000000000, 2.249999999999099831 ) ) ;
#704 = DIRECTION ( 'NONE',  ( -0.000000000000000000, -1.000000000000000000, -0.000000000000000000 ) ) ;
#705 = EDGE_CURVE ( 'NONE', #1915, #1114, #110, .T. ) ;
#706 = ORIENTED_EDGE ( 'NONE', *, *, #2950, .F. ) ;
#707 = CONICAL_SURFACE ( 'NONE', #167, 4.700000000000009948, 0.7853981633974479459 ) ;
#708 = CARTESIAN_POINT ( 'NONE',  ( -218.0000000000000568, -2.549999999999992273, 210.5000000005739480 ) ) ;
#709 = AXIS2_PLACEMENT_3D ( 'NONE', #2579, #1864, #2315 ) ;
#710 = FACE_BOUND ( 'NONE', #2483, .T. ) ;
#711 = ORIENTED_EDGE ( 'NONE', *, *, #1890, .T. ) ;
#712 = CIRCLE ( 'NONE', #472, 4.700000000000009948 ) ;
#713 = EDGE_CURVE ( 'NONE', #2896, #1356, #603, .T. ) ;
#714 = AXIS2_PLACEMENT_3D ( 'NONE', #2355, #3044, #2554 ) ;
#715 = COORDINATED_UNIVERSAL_TIME_OFFSET ( 1, 0, .AHEAD. ) ;
#716 = ORIENTED_EDGE ( 'NONE', *, *, #1087, .F. ) ;
#717 = ORIENTED_EDGE ( 'NONE', *, *, #2046, .F. ) ;
#718 = DIRECTION ( 'NONE',  ( 0.000000000000000000, -0.7071067811865479058, -0.7071067811865472397 ) ) ;
#719 = CARTESIAN_POINT ( 'NONE',  ( -257.9999999999999432, -5.000000000000000000, -210.5000000005757670 ) ) ;
#720 = AXIS2_PLACEMENT_3D ( 'NONE', #1108, #1054, #2717 ) ;
#721 = EDGE_LOOP ( 'NONE', ( #1026, #1212, #2620, #2363 ) ) ;
#722 = AXIS2_PLACEMENT_3D ( 'NONE', #236, #1891, #1436 ) ;
#723 = CARTESIAN_POINT ( 'NONE',  ( -208.0000000000000853, 0.000000000000000000, 210.5000000005738343 ) ) ;
#724 = CARTESIAN_POINT ( 'NONE',  ( 247.9999999999999432, -2.549999999999992273, 212.7500000005747722 ) ) ;
#725 = CC_DESIGN_PERSON_AND_ORGANIZATION_ASSIGNMENT ( #2563, #1635, ( #855 ) ) ;
#726 = EDGE_CURVE ( 'NONE', #2489, #2495, #2469, .T. ) ;
#727 = APPROVAL_ROLE ( '' ) ;
#728 = VERTEX_POINT ( 'NONE', #2216 ) ;
#729 = AXIS2_PLACEMENT_3D ( 'NONE', #216, #932, #1613 ) ;
#730 = EDGE_CURVE ( 'NONE', #557, #1160, #19, .T. ) ;
#731 = ORIENTED_EDGE ( 'NONE', *, *, #739, .F. ) ;
#732 = DIRECTION ( 'NONE',  ( -0.000000000000000000, -1.000000000000000000, -0.000000000000000000 ) ) ;
#733 = CARTESIAN_POINT ( 'NONE',  ( 2.307981223842065713E-13, -5.000000000000001776, -453.8000000005752668 ) ) ;
#734 = EDGE_CURVE ( 'NONE', #2712, #638, #421, .T. ) ;
#735 = EDGE_LOOP ( 'NONE', ( #1032, #2729 ) ) ;
#736 = CARTESIAN_POINT ( 'NONE',  ( -257.9999999999999432, -5.000000000000000000, -210.5000000005757670 ) ) ;
#737 = DIRECTION ( 'NONE',  ( 0.000000000000000000, -0.000000000000000000, 1.000000000000000000 ) ) ;
#738 = CARTESIAN_POINT ( 'NONE',  ( -248.0000000000000000, -2.549999999999992273, -9.714451465470119729E-13 ) ) ;
#739 = EDGE_CURVE ( 'NONE', #887, #911, #344, .T. ) ;
#740 = AXIS2_PLACEMENT_3D ( 'NONE', #1564, #893, #1057 ) ;
#741 = DATE_TIME_ROLE ( 'classification_date' ) ;
#742 = VERTEX_POINT ( 'NONE', #395 ) ;
#743 = AXIS2_PLACEMENT_3D ( 'NONE', #123, #1839, #2786 ) ;
#744 = ORIENTED_EDGE ( 'NONE', *, *, #2418, .T. ) ;
#745 = DIRECTION ( 'NONE',  ( 8.659560562354930393E-17, -0.7071067811865479058, 0.7071067811865472397 ) ) ;
#746 = DIRECTION ( 'NONE',  ( 0.000000000000000000, 1.000000000000000000, 0.000000000000000000 ) ) ;
#747 = EDGE_CURVE ( 'NONE', #528, #1937, #1554, .T. ) ;
#748 = AXIS2_PLACEMENT_3D ( 'NONE', #738, #2794, #1832 ) ;
#749 = ORIENTED_EDGE ( 'NONE', *, *, #1074, .F. ) ;
#750 = LINE ( 'NONE', #288, #1931 ) ;
#751 = CIRCLE ( 'NONE', #1445, 208.0000000000000000 ) ;
#752 = DIRECTION ( 'NONE',  ( 0.000000000000000000, 0.000000000000000000, -1.000000000000000000 ) ) ;
#753 = LINE ( 'NONE', #324, #2530 ) ;
#754 =( REPRESENTATION_RELATIONSHIP ('NONE','NONE', #312, #1236 ) REPRESENTATION_RELATIONSHIP_WITH_TRANSFORMATION ( #984 )SHAPE_REPRESENTATION_RELATIONSHIP( ) );
#755 = CIRCLE ( 'NONE', #1152, 4.699999999999981526 ) ;
#756 = COORDINATED_UNIVERSAL_TIME_OFFSET ( 1, 0, .AHEAD. ) ;
#757 = ORIENTED_EDGE ( 'NONE', *, *, #2280, .T. ) ;
#758 = EDGE_CURVE ( 'NONE', #1387, #1224, #2958, .T. ) ;
#759 = VECTOR ( 'NONE', #419, 1000.000000000000000 ) ;
#760 = ORIENTED_EDGE ( 'NONE', *, *, #3034, .T. ) ;
#761 = CC_DESIGN_PERSON_AND_ORGANIZATION_ASSIGNMENT ( #1328, #585, ( #2164 ) ) ;
#762 = DIRECTION ( 'NONE',  ( -0.000000000000000000, -1.000000000000000000, -0.000000000000000000 ) ) ;
#763 = DIRECTION ( 'NONE',  ( 0.000000000000000000, 0.000000000000000000, -1.000000000000000000 ) ) ;
#764 = VERTEX_POINT ( 'NONE', #818 ) ;
#765 = EDGE_CURVE ( 'NONE', #202, #2572, #130, .T. ) ;
#766 = DIRECTION ( 'NONE',  ( 0.000000000000000000, 0.000000000000000000, -1.000000000000000000 ) ) ;
#767 = FACE_OUTER_BOUND ( 'NONE', #413, .T. ) ;
#768 = AXIS2_PLACEMENT_3D ( 'NONE', #632, #403, #1542 ) ;
#769 = DIRECTION ( 'NONE',  ( -0.000000000000000000, -1.000000000000000000, -0.000000000000000000 ) ) ;
#770 = AXIS2_PLACEMENT_3D ( 'NONE', #3051, #894, #2360 ) ;
#771 = DIRECTION ( 'NONE',  ( 0.000000000000000000, 0.000000000000000000, -1.000000000000000000 ) ) ;
#772 = ORIENTED_EDGE ( 'NONE', *, *, #1385, .F. ) ;
#773 = VERTEX_POINT ( 'NONE', #144 ) ;
#774 = CARTESIAN_POINT ( 'NONE',  ( 218.0000000000000568, -5.000000000000001776, -210.5000000005747438 ) ) ;
#775 = CARTESIAN_POINT ( 'NONE',  ( -218.0000000000000000, -5.000000000000000000, -210.5000000005757670 ) ) ;
#776 = AXIS2_PLACEMENT_3D ( 'NONE', #2997, #2749, #646 ) ;
#777 = EDGE_LOOP ( 'NONE', ( #2634, #1395, #206, #2027 ) ) ;
#778 = ORIENTED_EDGE ( 'NONE', *, *, #2222, .T. ) ;
#779 = FACE_BOUND ( 'NONE', #844, .T. ) ;
#780 = DIRECTION ( 'NONE',  ( -0.000000000000000000, -1.000000000000000000, -0.000000000000000000 ) ) ;
#781 = DIRECTION ( 'NONE',  ( 2.637109322142814623E-16, 0.000000000000000000, -1.000000000000000000 ) ) ;
#782 = EDGE_CURVE ( 'NONE', #1428, #887, #510, .T. ) ;
#783 = CALENDAR_DATE ( 2026, 22, 4 ) ;
#784 = ORIENTED_EDGE ( 'NONE', *, *, #2256, .T. ) ;
#785 = VECTOR ( 'NONE', #1901, 1000.000000000000000 ) ;
#786 = EDGE_LOOP ( 'NONE', ( #357, #294 ) ) ;
#787 = CIRCLE ( 'NONE', #205, 2.249999999999974243 ) ;
#788 = CARTESIAN_POINT ( 'NONE',  ( 207.9999999999999716, -5.000000000000000000, 210.5000000005746870 ) ) ;
#789 = CARTESIAN_POINT ( 'NONE',  ( 218.0000000000000568, -2.549999999999992273, 2.775557561562891351E-14 ) ) ;
#790 = ORIENTED_EDGE ( 'NONE', *, *, #146, .T. ) ;
#791 = CARTESIAN_POINT ( 'NONE',  ( 248.0000000000000568, -2.549999999999992273, -210.5000000005747438 ) ) ;
#792 = FACE_BOUND ( 'NONE', #2140, .T. ) ;
#793 = AXIS2_PLACEMENT_3D ( 'NONE', #460, #416, #2778 ) ;
#794 = LINE ( 'NONE', #508, #2311 ) ;
#795 = CIRCLE ( 'NONE', #2680, 2.250000000000001776 ) ;
#796 = CC_DESIGN_PERSON_AND_ORGANIZATION_ASSIGNMENT ( #63, #2227, ( #2520 ) ) ;
#797 = LINE ( 'NONE', #1276, #3019 ) ;
#798 = APPROVAL_STATUS ( 'not_yet_approved' ) ;
#799 = ORIENTED_EDGE ( 'NONE', *, *, #1314, .F. ) ;
#800 = VECTOR ( 'NONE', #1589, 999.9999999999998863 ) ;
#801 = EDGE_CURVE ( 'NONE', #428, #689, #2593, .T. ) ;
#802 = AXIS2_PLACEMENT_3D ( 'NONE', #440, #2106, #1876 ) ;
#803 = ORIENTED_EDGE ( 'NONE', *, *, #387, .F. ) ;
#804 = CYLINDRICAL_SURFACE ( 'NONE', #1450, 2.249999999999988010 ) ;
#805 = CIRCLE ( 'NONE', #270, 2.250000000000001776 ) ;
#806 = CARTESIAN_POINT ( 'NONE',  ( 218.0000000000000568, -2.549999999999992273, 208.2500000005748007 ) ) ;
#807 = ORIENTED_EDGE ( 'NONE', *, *, #1146, .T. ) ;
#808 = DIRECTION ( 'NONE',  ( 0.000000000000000000, 1.000000000000000000, 0.000000000000000000 ) ) ;
#809 = CARTESIAN_POINT ( 'NONE',  ( -218.0000000000000000, -2.549999999999992273, -212.7500000005757670 ) ) ;
#810 = DIRECTION ( 'NONE',  ( 0.000000000000000000, 1.000000000000000000, 0.000000000000000000 ) ) ;
#811 = CARTESIAN_POINT ( 'NONE',  ( -4.291327465799982125E-13, -2.549999999999992273, 430.7500000005743459 ) ) ;
#812 = FACE_OUTER_BOUND ( 'NONE', #1281, .T. ) ;
#813 = FACE_OUTER_BOUND ( 'NONE', #246, .T. ) ;
#814 = AXIS2_PLACEMENT_3D ( 'NONE', #2474, #2017, #1773 ) ;
#815 = VERTEX_POINT ( 'NONE', #1637 ) ;
#816 = EDGE_CURVE ( 'NONE', #3003, #2427, #2496, .T. ) ;
#817 = ORIENTED_EDGE ( 'NONE', *, *, #2774, .T. ) ;
#818 = CARTESIAN_POINT ( 'NONE',  ( -263.0000000000000000, 0.000000000000000000, -9.578070179992912160E-13 ) ) ;
#819 = CARTESIAN_POINT ( 'NONE',  ( 258.0000000000000000, 0.000000000000000000, 4.739383112700257176E-14 ) ) ;
#820 = ADVANCED_FACE ( 'NONE', ( #3022 ), #2550, .F. ) ;
#821 = ORIENTED_EDGE ( 'NONE', *, *, #667, .F. ) ;
#822 = DIRECTION ( 'NONE',  ( -1.000000000000000000, 0.000000000000000000, -1.836970198720568204E-16 ) ) ;
#823 = CYLINDRICAL_SURFACE ( 'NONE', #2744, 2.249999999999974243 ) ;
#824 = LINE ( 'NONE', #1774, #2028 ) ;
#825 = LOCAL_TIME ( 13, 28, 22.00000000000000000, #412 ) ;
#826 = CARTESIAN_POINT ( 'NONE',  ( -263.0000000000000000, -14.00000000000000000, -9.578070179992912160E-13 ) ) ;
#827 = ORIENTED_EDGE ( 'NONE', *, *, #2734, .T. ) ;
#828 = CYLINDRICAL_SURFACE ( 'NONE', #740, 2.250000000000001776 ) ;
#829 = LINE ( 'NONE', #176, #1400 ) ;
#830 = EDGE_LOOP ( 'NONE', ( #441, #817, #1827, #1681 ) ) ;
#831 = EDGE_CURVE ( 'NONE', #260, #2910, #2352, .T. ) ;
#832 = APPROVAL_STATUS ( 'not_yet_approved' ) ;
#833 = ORIENTED_EDGE ( 'NONE', *, *, #1907, .T. ) ;
#834 = CARTESIAN_POINT ( 'NONE',  ( 218.0000000000000568, -5.000000000000001776, -4.699999999999981526 ) ) ;
#835 = DIRECTION ( 'NONE',  ( 0.000000000000000000, 0.000000000000000000, 1.000000000000000000 ) ) ;
#836 = AXIS2_PLACEMENT_3D ( 'NONE', #1373, #483, #1875 ) ;
#837 = EDGE_LOOP ( 'NONE', ( #147, #2975, #2722, #1705 ) ) ;
#838 = DIRECTION ( 'NONE',  ( -0.000000000000000000, -1.000000000000000000, -0.000000000000000000 ) ) ;
#839 = EDGE_CURVE ( 'NONE', #2887, #1141, #2789, .T. ) ;
#840 = DIRECTION ( 'NONE',  ( 0.000000000000000000, 0.000000000000000000, -1.000000000000000000 ) ) ;
#841 = CARTESIAN_POINT ( 'NONE',  ( -218.0000000000000284, 0.000000000000000000, -2.250000000000876188 ) ) ;
#842 = CONICAL_SURFACE ( 'NONE', #1142, 4.700000000000009948, 0.7853981633974479459 ) ;
#843 = LINE ( 'NONE', #1791, #1707 ) ;
#844 = EDGE_LOOP ( 'NONE', ( #2800, #1335 ) ) ;
#845 = CARTESIAN_POINT ( 'NONE',  ( 218.0000000000000568, -5.000000000000001776, -4.699999999999981526 ) ) ;
#846 = DIRECTION ( 'NONE',  ( 0.000000000000000000, 1.000000000000000000, 0.000000000000000000 ) ) ;
#847 = VECTOR ( 'NONE', #671, 1000.000000000000000 ) ;
#848 = EDGE_LOOP ( 'NONE', ( #1653, #409, #2282, #2133, #772, #3048, #2408, #1809, #2366, #283 ) ) ;
#849 = PERSON_AND_ORGANIZATION ( #515, #2211 ) ;
#850 = ORIENTED_EDGE ( 'NONE', *, *, #485, .F. ) ;
#851 = EDGE_CURVE ( 'NONE', #575, #240, #2042, .T. ) ;
#852 = CARTESIAN_POINT ( 'NONE',  ( -218.0000000000000568, -2.549999999999992273, 210.5000000005739480 ) ) ;
#853 = DIRECTION ( 'NONE',  ( 0.000000000000000000, 0.000000000000000000, -1.000000000000000000 ) ) ;
#854 = AXIS2_PLACEMENT_3D ( 'NONE', #1041, #846, #2737 ) ;
#855 = PRODUCT_DEFINITION ( 'UNKNOWN', '', #2952, #400 ) ;
#856 = EDGE_LOOP ( 'NONE', ( #2966, #2693 ) ) ;
#857 = DIRECTION ( 'NONE',  ( -2.637109322142814130E-16, 0.000000000000000000, 1.000000000000000000 ) ) ;
#858 = DIRECTION ( 'NONE',  ( 0.000000000000000000, 0.000000000000000000, -1.000000000000000000 ) ) ;
#859 = CARTESIAN_POINT ( 'NONE',  ( -218.0000000000000568, 0.000000000000000000, 208.2500000005739480 ) ) ;
#860 = AXIS2_PLACEMENT_3D ( 'NONE', #10, #2383, #214 ) ;
#861 = EDGE_CURVE ( 'NONE', #1141, #2887, #2686, .T. ) ;
#862 = DIRECTION ( 'NONE',  ( -0.000000000000000000, -1.000000000000000000, -0.000000000000000000 ) ) ;
#863 = ORIENTED_EDGE ( 'NONE', *, *, #1294, .F. ) ;
#864 = DIRECTION ( 'NONE',  ( -0.000000000000000000, -1.000000000000000000, -0.000000000000000000 ) ) ;
#865 = EDGE_CURVE ( 'NONE', #2081, #2234, #2733, .T. ) ;
#866 = CARTESIAN_POINT ( 'NONE',  ( 2.090880963937666585E-13, -5.000000000000001776, -428.5000000005753122 ) ) ;
#867 = ORIENTED_EDGE ( 'NONE', *, *, #2601, .F. ) ;
#868 = APPROVAL_STATUS ( 'not_yet_approved' ) ;
#869 = ORIENTED_EDGE ( 'NONE', *, *, #2317, .F. ) ;
#870 = CIRCLE ( 'NONE', #2998, 2.250000000000001776 ) ;
#871 = FACE_OUTER_BOUND ( 'NONE', #2295, .T. ) ;
#872 = FACE_OUTER_BOUND ( 'NONE', #3055, .T. ) ;
#873 = EDGE_LOOP ( 'NONE', ( #177, #571 ) ) ;
#874 = DIRECTION ( 'NONE',  ( -0.000000000000000000, -1.000000000000000000, -0.000000000000000000 ) ) ;
#875 = DIRECTION ( 'NONE',  ( -0.000000000000000000, -1.000000000000000000, -0.000000000000000000 ) ) ;
#876 = DIRECTION ( 'NONE',  ( 0.000000000000000000, 0.000000000000000000, 1.000000000000000000 ) ) ;
#877 = FACE_OUTER_BOUND ( 'NONE', #2610, .T. ) ;
#878 = CARTESIAN_POINT ( 'NONE',  ( 218.0000000000000568, -2.549999999999992273, 210.5000000005748007 ) ) ;
#879 = LOCAL_TIME ( 13, 28, 22.00000000000000000, #2365 ) ;
#880 = LINE ( 'NONE', #1312, #1453 ) ;
#881 = EDGE_LOOP ( 'NONE', ( #717, #749 ) ) ;
#882 = EDGE_CURVE ( 'NONE', #728, #2994, #2980, .T. ) ;
#883 = APPROVAL_DATE_TIME ( #3020, #1645 ) ;
#884 = ORIENTED_EDGE ( 'NONE', *, *, #417, .F. ) ;
#885 = CARTESIAN_POINT ( 'NONE',  ( 248.0000000000000568, -5.000000000000001776, -210.5000000005747438 ) ) ;
#886 = DIRECTION ( 'NONE',  ( 0.000000000000000000, 1.000000000000000000, 0.000000000000000000 ) ) ;
#887 = VERTEX_POINT ( 'NONE', #180 ) ;
#888 = CARTESIAN_POINT ( 'NONE',  ( -248.0000000000000568, -5.000000000000001776, 210.5000000005738059 ) ) ;
#889 = DIRECTION ( 'NONE',  ( 0.000000000000000000, 0.000000000000000000, -1.000000000000000000 ) ) ;
#890 = EDGE_LOOP ( 'NONE', ( #1347, #1600, #1724, #2265 ) ) ;
#891 = EDGE_CURVE ( 'NONE', #2096, #202, #901, .T. ) ;
#892 = AXIS2_PLACEMENT_3D ( 'NONE', #388, #2513, #174 ) ;
#893 = DIRECTION ( 'NONE',  ( -0.000000000000000000, -1.000000000000000000, -0.000000000000000000 ) ) ;
#894 = DIRECTION ( 'NONE',  ( -1.000000000000000000, 0.000000000000000000, -5.274218644285629246E-16 ) ) ;
#895 = APPROVAL ( #3038, 'UNSPECIFIED' ) ;
#896 = ORIENTED_EDGE ( 'NONE', *, *, #1333, .F. ) ;
#897 = VECTOR ( 'NONE', #2217, 999.9999999999998863 ) ;
#898 = EDGE_CURVE ( 'NONE', #938, #728, #1396, .T. ) ;
#899 =( NAMED_UNIT ( * ) SI_UNIT ( $, .STERADIAN. ) SOLID_ANGLE_UNIT ( ) );
#900 = ORIENTED_EDGE ( 'NONE', *, *, #2150, .T. ) ;
#901 = LINE ( 'NONE', #655, #1850 ) ;
#902 = VECTOR ( 'NONE', #530, 1000.000000000000000 ) ;
#903 = FACE_OUTER_BOUND ( 'NONE', #2368, .T. ) ;
#904 = ADVANCED_FACE ( 'NONE', ( #2565 ), #445, .T. ) ;
#905 = ORIENTED_EDGE ( 'NONE', *, *, #1404, .T. ) ;
#906 = CARTESIAN_POINT ( 'NONE',  ( 247.9999999999999432, -5.000000000000001776, 215.2000000005747893 ) ) ;
#907 = AXIS2_PLACEMENT_3D ( 'NONE', #543, #762, #1708 ) ;
#908 = CYLINDRICAL_SURFACE ( 'NONE', #2621, 2.250000000000001776 ) ;
#909 = DIRECTION ( 'NONE',  ( 1.000000000000000000, 0.000000000000000000, 0.000000000000000000 ) ) ;
#910 = AXIS2_PLACEMENT_3D ( 'NONE', #852, #1800, #2300 ) ;
#911 = VERTEX_POINT ( 'NONE', #229 ) ;
#912 = CYLINDRICAL_SURFACE ( 'NONE', #1483, 258.0000000000000000 ) ;
#913 = CIRCLE ( 'NONE', #2642, 2.249999999999974243 ) ;
#914 = FACE_BOUND ( 'NONE', #2970, .T. ) ;
#915 = ORIENTED_EDGE ( 'NONE', *, *, #1793, .F. ) ;
#916 = PERSON_AND_ORGANIZATION ( #515, #2211 ) ;
#917 = ORIENTED_EDGE ( 'NONE', *, *, #726, .T. ) ;
#918 = CARTESIAN_POINT ( 'NONE',  ( 248.0000000000000000, -5.000000000000000000, 2.250000000000001776 ) ) ;
#919 = DIRECTION ( 'NONE',  ( 0.000000000000000000, 1.000000000000000000, 0.000000000000000000 ) ) ;
#920 = VECTOR ( 'NONE', #875, 1000.000000000000000 ) ;
#921 = ADVANCED_FACE ( 'NONE', ( #2332 ), #1168, .T. ) ;
#922 = AXIS2_PLACEMENT_3D ( 'NONE', #2703, #2935, #353 ) ;
#923 = ORIENTED_EDGE ( 'NONE', *, *, #1009, .T. ) ;
#924 = CARTESIAN_POINT ( 'NONE',  ( 208.0000000000000284, 0.000000000000000000, -210.5000000005747438 ) ) ;
#925 = CARTESIAN_POINT ( 'NONE',  ( 218.0000000000000568, -5.000000000000000000, 2.775557561562891351E-14 ) ) ;
#926 = EDGE_CURVE ( 'NONE', #815, #2312, #1151, .T. ) ;
#927 = ORIENTED_EDGE ( 'NONE', *, *, #2046, .T. ) ;
#928 = EDGE_CURVE ( 'NONE', #1553, #2331, #829, .T. ) ;
#929 = CARTESIAN_POINT ( 'NONE',  ( -5.551115123125779547E-14, -5.000000000000000000, 468.5000000005743459 ) ) ;
#930 = FACE_BOUND ( 'NONE', #1514, .T. ) ;
#931 = EDGE_LOOP ( 'NONE', ( #581, #2260, #760, #2200 ) ) ;
#932 = DIRECTION ( 'NONE',  ( 0.000000000000000000, 0.000000000000000000, -1.000000000000000000 ) ) ;
#933 = CALENDAR_DATE ( 2026, 22, 4 ) ;
#934 = EDGE_LOOP ( 'NONE', ( #2953, #541 ) ) ;
#935 = DIRECTION ( 'NONE',  ( 0.000000000000000000, 0.000000000000000000, -1.000000000000000000 ) ) ;
#936 = ADVANCED_FACE ( 'NONE', ( #2527 ), #66, .F. ) ;
#937 = CC_DESIGN_SECURITY_CLASSIFICATION ( #43, ( #2166 ) ) ;
#938 = VERTEX_POINT ( 'NONE', #1113 ) ;
#939 = CYLINDRICAL_SURFACE ( 'NONE', #2244, 258.0000000000000000 ) ;
#940 = DIRECTION ( 'NONE',  ( -2.637109322142814623E-16, 0.000000000000000000, 1.000000000000000000 ) ) ;
#941 = ORIENTED_EDGE ( 'NONE', *, *, #1150, .F. ) ;
#942 = EDGE_CURVE ( 'NONE', #1391, #109, #1295, .T. ) ;
#943 = LINE ( 'NONE', #1143, #2719 ) ;
#944 = CARTESIAN_POINT ( 'NONE',  ( 218.0000000000000568, 0.000000000000000000, 210.5000000005748007 ) ) ;
#945 = AXIS2_PLACEMENT_3D ( 'NONE', #2105, #693, #3050 ) ;
#946 = CARTESIAN_POINT ( 'NONE',  ( -5.551115123125779547E-14, -5.000000000000000000, 468.5000000005743459 ) ) ;
#947 = APPROVAL_STATUS ( 'not_yet_approved' ) ;
#948 = ORIENTED_EDGE ( 'NONE', *, *, #1941, .F. ) ;
#949 = CONICAL_SURFACE ( 'NONE', #1442, 4.700000000000009948, 0.7853981633974479459 ) ;
#950 = ORIENTED_EDGE ( 'NONE', *, *, #2601, .T. ) ;
#951 = CARTESIAN_POINT ( 'NONE',  ( 218.0000000000000568, -2.549999999999992273, 2.250000000000029754 ) ) ;
#952 = CARTESIAN_POINT ( 'NONE',  ( -263.0000000000000000, -14.00000000000000000, -9.578070179992912160E-13 ) ) ;
#953 = EDGE_LOOP ( 'NONE', ( #239, #2941 ) ) ;
#954 = DIRECTION ( 'NONE',  ( 0.000000000000000000, 0.000000000000000000, -1.000000000000000000 ) ) ;
#955 = CIRCLE ( 'NONE', #854, 263.0000000000000000 ) ;
#956 = EDGE_CURVE ( 'NONE', #1937, #2558, #2497, .T. ) ;
#957 = CARTESIAN_POINT ( 'NONE',  ( -258.0000000000000568, -14.00000000000000000, 210.5000000005738343 ) ) ;
#958 = AXIS2_PLACEMENT_3D ( 'NONE', #2377, #1272, #766 ) ;
#959 = PERSON_AND_ORGANIZATION_ROLE ( 'design_supplier' ) ;
#960 = EDGE_LOOP ( 'NONE', ( #2665, #1440, #1050, #927 ) ) ;
#961 = ORIENTED_EDGE ( 'NONE', *, *, #2858, .T. ) ;
#962 = FACE_OUTER_BOUND ( 'NONE', #2505, .T. ) ;
#963 = CARTESIAN_POINT ( 'NONE',  ( 2.090880963937666585E-13, -5.000000000000001776, -428.5000000005753122 ) ) ;
#964 = CIRCLE ( 'NONE', #183, 258.0000000000000000 ) ;
#965 = ORIENTED_EDGE ( 'NONE', *, *, #503, .F. ) ;
#966 = DIRECTION ( 'NONE',  ( -1.000000000000000000, 0.000000000000000000, -1.836970198721024264E-16 ) ) ;
#967 = FACE_BOUND ( 'NONE', #1304, .T. ) ;
#968 = CARTESIAN_POINT ( 'NONE',  ( 218.0000000000000568, 0.000000000000000000, 2.775557561562891351E-14 ) ) ;
#969 = APPLICATION_CONTEXT ( 'configuration controlled 3d designs of mechanical parts and assemblies' ) ;
#970 = PERSON_AND_ORGANIZATION ( #515, #2211 ) ;
#971 = EDGE_LOOP ( 'NONE', ( #397, #2804, #2471, #2758 ) ) ;
#972 = EDGE_CURVE ( 'NONE', #281, #887, #2479, .T. ) ;
#973 = APPROVAL_PERSON_ORGANIZATION ( #2849, #346, #727 ) ;
#974 = ORIENTED_EDGE ( 'NONE', *, *, #2769, .F. ) ;
#975 = DIRECTION ( 'NONE',  ( -0.000000000000000000, -1.000000000000000000, -0.000000000000000000 ) ) ;
#976 = DIRECTION ( 'NONE',  ( -0.000000000000000000, -1.000000000000000000, -0.000000000000000000 ) ) ;
#977 = ORIENTED_EDGE ( 'NONE', *, *, #1082, .F. ) ;
#978 = FACE_BOUND ( 'NONE', #1264, .T. ) ;
#979 = CARTESIAN_POINT ( 'NONE',  ( -218.0000000000000568, -5.000000000000000000, 208.2500000005739480 ) ) ;
#980 = EDGE_CURVE ( 'NONE', #363, #3017, #661, .T. ) ;
#981 = DIRECTION ( 'NONE',  ( 0.000000000000000000, 0.000000000000000000, 1.000000000000000000 ) ) ;
#982 = CIRCLE ( 'NONE', #892, 2.249999999999974243 ) ;
#983 = PRODUCT_DEFINITION ( 'UNKNOWN', '', #2568, #2287 ) ;
#984 = ITEM_DEFINED_TRANSFORMATION ( 'NONE', 'NONE', #2121,  #1631 ) ;
#985 = ORIENTED_EDGE ( 'NONE', *, *, #2054, .T. ) ;
#986 = ORIENTED_EDGE ( 'NONE', *, *, #141, .T. ) ;
#987 = DIRECTION ( 'NONE',  ( -0.000000000000000000, -1.000000000000000000, -0.000000000000000000 ) ) ;
#988 = DIRECTION ( 'NONE',  ( 0.000000000000000000, 0.000000000000000000, -1.000000000000000000 ) ) ;
#989 = ORIENTED_EDGE ( 'NONE', *, *, #1150, .T. ) ;
#990 = LINE ( 'NONE', #946, #2547 ) ;
#991 = DIRECTION ( 'NONE',  ( 0.000000000000000000, 1.000000000000000000, 0.000000000000000000 ) ) ;
#992 = CIRCLE ( 'NONE', #2929, 4.699999999999981526 ) ;
#993 = DIRECTION ( 'NONE',  ( -0.000000000000000000, -1.000000000000000000, -0.000000000000000000 ) ) ;
#994 = LINE ( 'NONE', #339, #2289 ) ;
#995 = AXIS2_PLACEMENT_3D ( 'NONE', #1366, #1605, #2097 ) ;
#996 = VECTOR ( 'NONE', #1621, 999.9999999999998863 ) ;
#997 = ORIENTED_EDGE ( 'NONE', *, *, #747, .F. ) ;
#998 = VECTOR ( 'NONE', #2443, 1000.000000000000000 ) ;
#999 = ORIENTED_EDGE ( 'NONE', *, *, #2450, .T. ) ;
#1000 = DIRECTION ( 'NONE',  ( 0.000000000000000000, 0.000000000000000000, -1.000000000000000000 ) ) ;
#1001 = LINE ( 'NONE', #1683, #2233 ) ;
#1002 = VERTEX_POINT ( 'NONE', #373 ) ;
#1003 = CARTESIAN_POINT ( 'NONE',  ( -248.0000000000000568, -5.000000000000001776, 210.5000000005738059 ) ) ;
#1004 = EDGE_CURVE ( 'NONE', #1428, #2336, #1094, .T. ) ;
#1005 = APPLICATION_CONTEXT ( 'configuration controlled 3d designs of mechanical parts and assemblies' ) ;
#1006 = CARTESIAN_POINT ( 'NONE',  ( -218.0000000000000284, -5.000000000000001776, -4.700000000000898126 ) ) ;
#1007 = AXIS2_PLACEMENT_3D ( 'NONE', #2236, #629, #99 ) ;
#1008 = DIRECTION ( 'NONE',  ( -2.637109322142814623E-16, 0.000000000000000000, 1.000000000000000000 ) ) ;
#1009 = EDGE_CURVE ( 'NONE', #424, #161, #880, .T. ) ;
#1010 = AXIS2_PLACEMENT_3D ( 'NONE', #1841, #682, #1144 ) ;
#1011 = CARTESIAN_POINT ( 'NONE',  ( 262.9999999999999432, 0.000000000000000000, 210.5000000005748575 ) ) ;
#1012 = DATE_AND_TIME ( #2923, #2954 ) ;
#1013 = ORIENTED_EDGE ( 'NONE', *, *, #159, .F. ) ;
#1014 = ORIENTED_EDGE ( 'NONE', *, *, #956, .T. ) ;
#1015 = ADVANCED_FACE ( 'NONE', ( #813 ), #2258, .T. ) ;
#1016 = FACE_OUTER_BOUND ( 'NONE', #610, .T. ) ;
#1017 = CARTESIAN_POINT ( 'NONE',  ( 218.0000000000000568, -5.000000000000001776, 4.700000000000037481 ) ) ;
#1018 = CC_DESIGN_APPROVAL ( #346, ( #2952 ) ) ;
#1019 = EDGE_LOOP ( 'NONE', ( #1223, #1591, #1014, #1449 ) ) ;
#1020 = ORIENTED_EDGE ( 'NONE', *, *, #972, .F. ) ;
#1021 = FACE_BOUND ( 'NONE', #2148, .T. ) ;
#1022 = EDGE_CURVE ( 'NONE', #2038, #341, #1526, .T. ) ;
#1023 = LINE ( 'NONE', #2919, #1710 ) ;
#1024 = DIRECTION ( 'NONE',  ( 0.000000000000000000, 1.000000000000000000, 0.000000000000000000 ) ) ;
#1025 = COORDINATED_UNIVERSAL_TIME_OFFSET ( 1, 0, .AHEAD. ) ;
#1026 = ORIENTED_EDGE ( 'NONE', *, *, #2353, .F. ) ;
#1027 = VECTOR ( 'NONE', #691, 1000.000000000000114 ) ;
#1028 = ORIENTED_EDGE ( 'NONE', *, *, #531, .F. ) ;
#1029 = CARTESIAN_POINT ( 'NONE',  ( -218.0000000000000568, -2.549999999999992273, 208.2500000005739480 ) ) ;
#1030 = DIRECTION ( 'NONE',  ( 0.000000000000000000, 0.000000000000000000, -1.000000000000000000 ) ) ;
#1031 = ORIENTED_EDGE ( 'NONE', *, *, #726, .F. ) ;
#1032 = ORIENTED_EDGE ( 'NONE', *, *, #1829, .F. ) ;
#1033 = CARTESIAN_POINT ( 'NONE',  ( 2.302225383886073086E-13, 0.000000000000000000, -460.7500000005751986 ) ) ;
#1034 = FACE_BOUND ( 'NONE', #2763, .T. ) ;
#1035 = PRODUCT_RELATED_PRODUCT_CATEGORY ( 'detail', '', ( #1443 ) ) ;
#1036 = AXIS2_PLACEMENT_3D ( 'NONE', #1638, #2581, #2391 ) ;
#1037 = DIRECTION ( 'NONE',  ( 0.000000000000000000, 0.000000000000000000, 1.000000000000000000 ) ) ;
#1038 = CIRCLE ( 'NONE', #2090, 2.250000000000001776 ) ;
#1039 = FACE_OUTER_BOUND ( 'NONE', #7, .T. ) ;
#1040 = EDGE_CURVE ( 'NONE', #327, #202, #1946, .T. ) ;
#1041 = CARTESIAN_POINT ( 'NONE',  ( -5.551115123125779547E-14, 0.000000000000000000, 210.5000000005743175 ) ) ;
#1042 = EDGE_CURVE ( 'NONE', #1548, #674, #124, .T. ) ;
#1043 = ORIENTED_EDGE ( 'NONE', *, *, #372, .T. ) ;
#1044 = CIRCLE ( 'NONE', #1244, 4.700000000000009948 ) ;
#1045 = VECTOR ( 'NONE', #1813, 1000.000000000000000 ) ;
#1046 = ORIENTED_EDGE ( 'NONE', *, *, #1760, .F. ) ;
#1047 = CARTESIAN_POINT ( 'NONE',  ( 263.0000000000000000, -14.00000000000000000, 4.831231622636307906E-14 ) ) ;
#1048 = VECTOR ( 'NONE', #822, 1000.000000000000000 ) ;
#1049 = CARTESIAN_POINT ( 'NONE',  ( -5.551115123125779547E-14, 0.000000000000000000, 210.5000000005743175 ) ) ;
#1050 = ORIENTED_EDGE ( 'NONE', *, *, #2922, .T. ) ;
#1051 = CARTESIAN_POINT ( 'NONE',  ( 247.9999999999999432, -5.000000000000001776, 215.2000000005747893 ) ) ;
#1052 = PLANE ( 'NONE',  #1861 ) ;
#1053 = CARTESIAN_POINT ( 'NONE',  ( 218.0000000000000568, -2.549999999999992273, -212.7500000005747438 ) ) ;
#1054 = DIRECTION ( 'NONE',  ( -0.000000000000000000, -1.000000000000000000, -0.000000000000000000 ) ) ;
#1055 = ORIENTED_EDGE ( 'NONE', *, *, #17, .T. ) ;
#1056 = EDGE_CURVE ( 'NONE', #1238, #217, #955, .T. ) ;
#1057 = DIRECTION ( 'NONE',  ( 0.000000000000000000, 0.000000000000000000, -1.000000000000000000 ) ) ;
#1058 = CARTESIAN_POINT ( 'NONE',  ( 2.302225383886073086E-13, -5.000000000000001776, -458.5000000005751986 ) ) ;
#1059 = VECTOR ( 'NONE', #1575, 1000.000000000000000 ) ;
#1060 = ORIENTED_EDGE ( 'NONE', *, *, #1009, .F. ) ;
#1061 = ADVANCED_BREP_SHAPE_REPRESENTATION ( '', ( #437, #1631 ), #442 ) ;
#1062 = EDGE_CURVE ( 'NONE', #1882, #1799, #1657, .T. ) ;
#1063 = DIRECTION ( 'NONE',  ( 0.000000000000000000, 0.000000000000000000, 1.000000000000000000 ) ) ;
#1064 = VERTEX_POINT ( 'NONE', #620 ) ;
#1065 = CARTESIAN_POINT ( 'NONE',  ( -5.551115123125779547E-14, -14.00000000000000000, 210.5000000005743175 ) ) ;
#1066 = CARTESIAN_POINT ( 'NONE',  ( 218.0000000000000568, 0.000000000000000000, -2.249999999999974243 ) ) ;
#1067 = ORIENTED_EDGE ( 'NONE', *, *, #2983, .F. ) ;
#1068 = CARTESIAN_POINT ( 'NONE',  ( -218.0000000000000568, -5.000000000000001776, 210.5000000005739480 ) ) ;
#1069 = CYLINDRICAL_SURFACE ( 'NONE', #523, 2.250000000000001776 ) ;
#1070 = DIRECTION ( 'NONE',  ( 0.000000000000000000, 1.000000000000000000, 0.000000000000000000 ) ) ;
#1071 = LINE ( 'NONE', #826, #3047 ) ;
#1072 = EDGE_LOOP ( 'NONE', ( #3021, #2468, #2772, #274 ) ) ;
#1073 = DIRECTION ( 'NONE',  ( 0.000000000000000000, 0.000000000000000000, -1.000000000000000000 ) ) ;
#1074 = EDGE_CURVE ( 'NONE', #2129, #1513, #2399, .T. ) ;
#1075 = CARTESIAN_POINT ( 'NONE',  ( -247.9999999999999432, -5.000000000000001776, -205.8000000005757215 ) ) ;
#1076 = ORIENTED_EDGE ( 'NONE', *, *, #1833, .F. ) ;
#1077 = CC_DESIGN_PERSON_AND_ORGANIZATION_ASSIGNMENT ( #1603, #1133, ( #2568 ) ) ;
#1078 = PERSON_AND_ORGANIZATION_ROLE ( 'design_owner' ) ;
#1079 = ORIENTED_EDGE ( 'NONE', *, *, #1441, .T. ) ;
#1080 = CARTESIAN_POINT ( 'NONE',  ( 248.0000000000000000, -5.000000000000001776, -4.699999999999953992 ) ) ;
#1081 = LINE ( 'NONE', #2030, #2088 ) ;
#1082 = EDGE_CURVE ( 'NONE', #1477, #2669, #2040, .T. ) ;
#1083 = CIRCLE ( 'NONE', #2824, 258.0000000000000000 ) ;
#1084 = VECTOR ( 'NONE', #203, 1000.000000000000000 ) ;
#1085 = VERTEX_POINT ( 'NONE', #1992 ) ;
#1086 = DIRECTION ( 'NONE',  ( 0.000000000000000000, 0.000000000000000000, 1.000000000000000000 ) ) ;
#1087 = EDGE_CURVE ( 'NONE', #1524, #764, #2294, .T. ) ;
#1088 = CARTESIAN_POINT ( 'NONE',  ( 218.0000000000000568, -5.000000000000000000, -210.5000000005747438 ) ) ;
#1089 = DIRECTION ( 'NONE',  ( -1.000000000000000000, 0.000000000000000000, -1.836970198720568204E-16 ) ) ;
#1090 = AXIS2_PLACEMENT_3D ( 'NONE', #1258, #75, #2221 ) ;
#1091 = DIRECTION ( 'NONE',  ( 0.000000000000000000, 0.000000000000000000, 1.000000000000000000 ) ) ;
#1092 = EDGE_LOOP ( 'NONE', ( #1416, #491, #1994, #1127 ) ) ;
#1093 = LINE ( 'NONE', #618, #2333 ) ;
#1094 = LINE ( 'NONE', #1075, #1900 ) ;
#1095 = AXIS2_PLACEMENT_3D ( 'NONE', #1220, #2551, #2534 ) ;
#1096 = EDGE_LOOP ( 'NONE', ( #1458, #2936, #2499, #2154 ) ) ;
#1097 = AXIS2_PLACEMENT_3D ( 'NONE', #2682, #1447, #2867 ) ;
#1098 = DATE_AND_TIME ( #2010, #241 ) ;
#1099 = ORIENTED_EDGE ( 'NONE', *, *, #1706, .T. ) ;
#1100 = DIRECTION ( 'NONE',  ( -0.000000000000000000, -1.000000000000000000, -0.000000000000000000 ) ) ;
#1101 = DIRECTION ( 'NONE',  ( 0.000000000000000000, 0.000000000000000000, 1.000000000000000000 ) ) ;
#1102 = AXIS2_PLACEMENT_3D ( 'NONE', #2064, #2078, #935 ) ;
#1103 = ORIENTED_EDGE ( 'NONE', *, *, #521, .T. ) ;
#1104 = CIRCLE ( 'NONE', #175, 2.250000000000001776 ) ;
#1105 = LINE ( 'NONE', #1574, #1048 ) ;
#1106 = DIRECTION ( 'NONE',  ( 0.000000000000000000, 0.000000000000000000, 1.000000000000000000 ) ) ;
#1107 = DIRECTION ( 'NONE',  ( 0.000000000000000000, 0.000000000000000000, -1.000000000000000000 ) ) ;
#1108 = CARTESIAN_POINT ( 'NONE',  ( -248.0000000000000568, -5.000000000000000000, 210.5000000005738059 ) ) ;
#1109 = ORIENTED_EDGE ( 'NONE', *, *, #831, .F. ) ;
#1110 = ADVANCED_FACE ( 'NONE', ( #636 ), #2705, .F. ) ;
#1111 = CARTESIAN_POINT ( 'NONE',  ( -5.356535435846923879E-13, 0.000000000000000000, 460.7500000005742891 ) ) ;
#1112 = EDGE_CURVE ( 'NONE', #2396, #1391, #555, .T. ) ;
#1113 = CARTESIAN_POINT ( 'NONE',  ( 248.0000000000000568, -2.549999999999992273, -212.7500000005747154 ) ) ;
#1114 = VERTEX_POINT ( 'NONE', #2848 ) ;
#1115 = AXIS2_PLACEMENT_3D ( 'NONE', #2290, #102, #1561 ) ;
#1116 = DIRECTION ( 'NONE',  ( 1.000000000000000000, 0.000000000000000000, 0.000000000000000000 ) ) ;
#1117 = ORIENTED_EDGE ( 'NONE', *, *, #79, .F. ) ;
#1118 = AXIS2_PLACEMENT_3D ( 'NONE', #1481, #769, #2415 ) ;
#1119 = DIRECTION ( 'NONE',  ( -0.000000000000000000, -1.000000000000000000, -0.000000000000000000 ) ) ;
#1120 = DIRECTION ( 'NONE',  ( 0.000000000000000000, 0.000000000000000000, -1.000000000000000000 ) ) ;
#1121 = ADVANCED_FACE ( 'NONE', ( #1906 ), #2144, .F. ) ;
#1122 = ORIENTED_EDGE ( 'NONE', *, *, #1921, .F. ) ;
#1123 = CYLINDRICAL_SURFACE ( 'NONE', #2738, 258.0000000000000000 ) ;
#1124 = FACE_OUTER_BOUND ( 'NONE', #2205, .T. ) ;
#1125 = CARTESIAN_POINT ( 'NONE',  ( -5.551115123125779547E-14, -5.000000000000000000, 210.5000000005743175 ) ) ;
#1126 = CC_DESIGN_PERSON_AND_ORGANIZATION_ASSIGNMENT ( #1529, #2026, ( #2876 ) ) ;
#1127 = ORIENTED_EDGE ( 'NONE', *, *, #2242, .F. ) ;
#1128 = CARTESIAN_POINT ( 'NONE',  ( 258.0000000000000000, -14.00000000000000000, 4.739383112700257176E-14 ) ) ;
#1129 = LOCAL_TIME ( 13, 28, 22.00000000000000000, #1552 ) ;
#1130 = ADVANCED_FACE ( 'NONE', ( #1662 ), #1674, .F. ) ;
#1131 = CYLINDRICAL_SURFACE ( 'NONE', #722, 208.0000000000000000 ) ;
#1132 = VERTEX_POINT ( 'NONE', #248 ) ;
#1133 = PERSON_AND_ORGANIZATION_ROLE ( 'design_supplier' ) ;
#1134 = ORIENTED_EDGE ( 'NONE', *, *, #1486, .T. ) ;
#1135 = DIRECTION ( 'NONE',  ( -0.000000000000000000, -1.000000000000000000, -0.000000000000000000 ) ) ;
#1136 = LINE ( 'NONE', #2152, #2921 ) ;
#1137 = ORIENTED_EDGE ( 'NONE', *, *, #2825, .T. ) ;
#1138 = LINE ( 'NONE', #1369, #1661 ) ;
#1139 = CARTESIAN_POINT ( 'NONE',  ( -218.0000000000000284, -5.000000000000000000, -8.881784197001252323E-13 ) ) ;
#1140 = VECTOR ( 'NONE', #2136, 1000.000000000000000 ) ;
#1141 = VERTEX_POINT ( 'NONE', #2618 ) ;
#1142 = AXIS2_PLACEMENT_3D ( 'NONE', #2359, #2602, #954 ) ;
#1143 = CARTESIAN_POINT ( 'NONE',  ( 248.0000000000000000, -5.000000000000000000, -2.249999999999946709 ) ) ;
#1144 = DIRECTION ( 'NONE',  ( 0.000000000000000000, 0.000000000000000000, -1.000000000000000000 ) ) ;
#1145 = ORIENTED_EDGE ( 'NONE', *, *, #2436, .T. ) ;
#1146 = EDGE_CURVE ( 'NONE', #2081, #74, #3015, .T. ) ;
#1147 = CONICAL_SURFACE ( 'NONE', #2631, 4.700000000000009948, 0.7853981633974479459 ) ;
#1148 = PERSON_AND_ORGANIZATION ( #515, #2211 ) ;
#1149 = VERTEX_POINT ( 'NONE', #957 ) ;
#1150 = EDGE_CURVE ( 'NONE', #2085, #1238, #2375, .T. ) ;
#1151 = LINE ( 'NONE', #918, #2839 ) ;
#1152 = AXIS2_PLACEMENT_3D ( 'NONE', #2654, #26, #1227 ) ;
#1153 = CARTESIAN_POINT ( 'NONE',  ( -5.551115123125779547E-14, 0.000000000000000000, 210.5000000005743175 ) ) ;
#1154 = EDGE_CURVE ( 'NONE', #2085, #557, #1298, .T. ) ;
#1155 = ORIENTED_EDGE ( 'NONE', *, *, #3053, .F. ) ;
#1156 = FACE_OUTER_BOUND ( 'NONE', #2412, .T. ) ;
#1157 = LINE ( 'NONE', #719, #2224 ) ;
#1158 = DIRECTION ( 'NONE',  ( 1.000000000000000000, 0.000000000000000000, 0.000000000000000000 ) ) ;
#1159 = AXIS2_PLACEMENT_3D ( 'NONE', #2310, #599, #583 ) ;
#1160 = VERTEX_POINT ( 'NONE', #1616 ) ;
#1161 = DIRECTION ( 'NONE',  ( 0.000000000000000000, 0.000000000000000000, -1.000000000000000000 ) ) ;
#1162 = VECTOR ( 'NONE', #1805, 1000.000000000000000 ) ;
#1163 = DIRECTION ( 'NONE',  ( 0.000000000000000000, 1.000000000000000000, 0.000000000000000000 ) ) ;
#1164 = EDGE_CURVE ( 'NONE', #1313, #1224, #2603, .T. ) ;
#1165 = VERTEX_POINT ( 'NONE', #724 ) ;
#1166 = DATE_TIME_ROLE ( 'classification_date' ) ;
#1167 = VERTEX_POINT ( 'NONE', #191 ) ;
#1168 = PLANE ( 'NONE',  #1355 ) ;
#1169 = AXIS2_PLACEMENT_3D ( 'NONE', #1309, #2255, #1808 ) ;
#1170 = ADVANCED_FACE ( 'NONE', ( #497 ), #1131, .F. ) ;
#1171 = AXIS2_PLACEMENT_3D ( 'NONE', #2905, #31, #277 ) ;
#1172 = ORIENTED_EDGE ( 'NONE', *, *, #126, .T. ) ;
#1173 = DIRECTION ( 'NONE',  ( 8.659560562354930393E-17, -0.7071067811865479058, 0.7071067811865472397 ) ) ;
#1174 = DIRECTION ( 'NONE',  ( 0.000000000000000000, 0.000000000000000000, 1.000000000000000000 ) ) ;
#1175 = DIRECTION ( 'NONE',  ( 1.000000000000000000, 0.000000000000000000, 0.000000000000000000 ) ) ;
#1176 = ORIENTED_EDGE ( 'NONE', *, *, #1786, .F. ) ;
#1177 = CARTESIAN_POINT ( 'NONE',  ( -5.551115123125779547E-14, -5.000000000000000000, 210.5000000005743175 ) ) ;
#1178 = DIRECTION ( 'NONE',  ( 0.000000000000000000, 0.000000000000000000, -1.000000000000000000 ) ) ;
#1179 =( REPRESENTATION_RELATIONSHIP ('NONE','NONE', #312, #3045 ) REPRESENTATION_RELATIONSHIP_WITH_TRANSFORMATION ( #293 )SHAPE_REPRESENTATION_RELATIONSHIP( ) );
#1180 = VERTEX_POINT ( 'NONE', #455 ) ;
#1181 = EDGE_CURVE ( 'NONE', #240, #575, #2109, .T. ) ;
#1182 = PERSON_AND_ORGANIZATION ( #515, #2211 ) ;
#1183 = ORIENTED_EDGE ( 'NONE', *, *, #1022, .F. ) ;
#1184 = EDGE_LOOP ( 'NONE', ( #569, #121, #3058, #2650 ) ) ;
#1185 = CARTESIAN_POINT ( 'NONE',  ( -218.0000000000000568, -2.549999999999992273, 212.7500000005739480 ) ) ;
#1186 = ADVANCED_FACE ( 'NONE', ( #2137 ), #1632, .F. ) ;
#1187 = DIRECTION ( 'NONE',  ( 0.000000000000000000, -0.7071067811865479058, -0.7071067811865472397 ) ) ;
#1188 = SHAPE_REPRESENTATION_RELATIONSHIP ( 'NONE' , 'NONE' ,  #1236, #5 ) ;
#1189 = EDGE_CURVE ( 'NONE', #237, #404, #3049, .T. ) ;
#1190 = VERTEX_POINT ( 'NONE', #1376 ) ;
#1191 = CIRCLE ( 'NONE', #2386, 2.249999999999974243 ) ;
#1192 = CARTESIAN_POINT ( 'NONE',  ( -248.0000000000000000, -5.000000000000001776, 4.699999999999038280 ) ) ;
#1193 = CARTESIAN_POINT ( 'NONE',  ( -5.551115123125779547E-14, -14.00000000000000000, 210.5000000005743175 ) ) ;
#1194 = CIRCLE ( 'NONE', #836, 2.249999999999988010 ) ;
#1195 = CARTESIAN_POINT ( 'NONE',  ( -218.0000000000000000, 0.000000000000000000, -210.5000000005757670 ) ) ;
#1196 = COORDINATED_UNIVERSAL_TIME_OFFSET ( 1, 0, .AHEAD. ) ;
#1197 = ORIENTED_EDGE ( 'NONE', *, *, #1207, .T. ) ;
#1198 = AXIS2_PLACEMENT_3D ( 'NONE', #789, #1920, #1120 ) ;
#1199 = ORIENTED_EDGE ( 'NONE', *, *, #1469, .T. ) ;
#1200 = CONICAL_SURFACE ( 'NONE', #1599, 4.700000000000009948, 0.7853981633974479459 ) ;
#1201 = DIRECTION ( 'NONE',  ( 0.000000000000000000, 0.000000000000000000, -1.000000000000000000 ) ) ;
#1202 = DIRECTION ( 'NONE',  ( -0.000000000000000000, -1.000000000000000000, -0.000000000000000000 ) ) ;
#1203 = ORIENTED_EDGE ( 'NONE', *, *, #1541, .T. ) ;
#1204 = VECTOR ( 'NONE', #1173, 999.9999999999998863 ) ;
#1205 = DIRECTION ( 'NONE',  ( -0.000000000000000000, -1.000000000000000000, -0.000000000000000000 ) ) ;
#1206 = VECTOR ( 'NONE', #484, 1000.000000000000000 ) ;
#1207 = EDGE_CURVE ( 'NONE', #2312, #2489, #379, .T. ) ;
#1208 = DIRECTION ( 'NONE',  ( 0.000000000000000000, 0.000000000000000000, -1.000000000000000000 ) ) ;
#1209 = CARTESIAN_POINT ( 'NONE',  ( -248.0000000000000000, -5.000000000000000000, -9.714451465470119729E-13 ) ) ;
#1210 = APPROVAL_STATUS ( 'not_yet_approved' ) ;
#1211 = ORIENTED_EDGE ( 'NONE', *, *, #566, .T. ) ;
#1212 = ORIENTED_EDGE ( 'NONE', *, *, #334, .F. ) ;
#1213 = DIRECTION ( 'NONE',  ( 0.000000000000000000, 0.000000000000000000, -1.000000000000000000 ) ) ;
#1214 = DIRECTION ( 'NONE',  ( 0.000000000000000000, 0.000000000000000000, -1.000000000000000000 ) ) ;
#1215 = EDGE_CURVE ( 'NONE', #341, #132, #2510, .T. ) ;
#1216 = ORIENTED_EDGE ( 'NONE', *, *, #2795, .F. ) ;
#1217 = CYLINDRICAL_SURFACE ( 'NONE', #1090, 2.249999999999974243 ) ;
#1218 = PRODUCT_RELATED_PRODUCT_CATEGORY ( 'detail', '', ( #1468 ) ) ;
#1219 = DIRECTION ( 'NONE',  ( -0.000000000000000000, -1.000000000000000000, -0.000000000000000000 ) ) ;
#1220 = CARTESIAN_POINT ( 'NONE',  ( 2.302225383886073086E-13, 0.000000000000000000, -458.5000000005751986 ) ) ;
#1221 = ADVANCED_FACE ( 'NONE', ( #914, #1390, #1858, #2589, #221, #930, #470, #2122, #710, #76, #536, #1917, #1466, #2859, #44, #967, #2630, #1947 ), #2891, .T. ) ;
#1222 = CALENDAR_DATE ( 2026, 22, 4 ) ;
#1223 = ORIENTED_EDGE ( 'NONE', *, *, #2054, .F. ) ;
#1224 = VERTEX_POINT ( 'NONE', #2404 ) ;
#1225 = CC_DESIGN_APPROVAL ( #634, ( #2760 ) ) ;
#1226 = FACE_OUTER_BOUND ( 'NONE', #1785, .T. ) ;
#1227 = DIRECTION ( 'NONE',  ( 0.000000000000000000, 0.000000000000000000, -1.000000000000000000 ) ) ;
#1228 = EDGE_LOOP ( 'NONE', ( #333, #1636, #113, #1316 ) ) ;
#1229 = DIRECTION ( 'NONE',  ( -0.000000000000000000, -1.000000000000000000, -0.000000000000000000 ) ) ;
#1230 = FACE_OUTER_BOUND ( 'NONE', #444, .T. ) ;
#1231 = CARTESIAN_POINT ( 'NONE',  ( -218.0000000000000568, -5.000000000000001776, 215.2000000005739651 ) ) ;
#1232 = CONICAL_SURFACE ( 'NONE', #2866, 4.700000000000009948, 0.7853981633974479459 ) ;
#1233 = EDGE_CURVE ( 'NONE', #1319, #674, #2750, .T. ) ;
#1234 = COORDINATED_UNIVERSAL_TIME_OFFSET ( 1, 0, .AHEAD. ) ;
#1235 = ORIENTED_EDGE ( 'NONE', *, *, #118, .F. ) ;
#1236 = SHAPE_REPRESENTATION ( '2682208_1', ( #1631 ), #2906 ) ;
#1237 = EDGE_CURVE ( 'NONE', #1180, #67, #80, .T. ) ;
#1238 = VERTEX_POINT ( 'NONE', #304 ) ;
#1239 = DIRECTION ( 'NONE',  ( 8.659560562354930393E-17, -0.7071067811865479058, 0.7071067811865472397 ) ) ;
#1240 = CARTESIAN_POINT ( 'NONE',  ( 218.0000000000000568, -2.549999999999992273, 210.5000000005748007 ) ) ;
#1241 = ORIENTED_EDGE ( 'NONE', *, *, #1233, .F. ) ;
#1242 = ORIENTED_EDGE ( 'NONE', *, *, #1666, .F. ) ;
#1243 = CARTESIAN_POINT ( 'NONE',  ( 258.0000000000000568, -5.000000000000000000, -210.5000000005747438 ) ) ;
#1244 = AXIS2_PLACEMENT_3D ( 'NONE', #1533, #2990, #162 ) ;
#1245 = LINE ( 'NONE', #2209, #2060 ) ;
#1246 = CARTESIAN_POINT ( 'NONE',  ( 248.0000000000000568, -5.000000000000000000, -208.2500000005747722 ) ) ;
#1247 = AXIS2_PLACEMENT_3D ( 'NONE', #687, #1119, #431 ) ;
#1248 = VECTOR ( 'NONE', #857, 1000.000000000000000 ) ;
#1249 = CALENDAR_DATE ( 2026, 22, 4 ) ;
#1250 = EDGE_LOOP ( 'NONE', ( #2578, #2306 ) ) ;
#1251 = CIRCLE ( 'NONE', #860, 2.250000000000001776 ) ;
#1252 = ORIENTED_EDGE ( 'NONE', *, *, #2094, .F. ) ;
#1253 = CARTESIAN_POINT ( 'NONE',  ( 218.0000000000000568, -5.000000000000001776, 2.775557561562891351E-14 ) ) ;
#1254 = CARTESIAN_POINT ( 'NONE',  ( 248.0000000000000000, 0.000000000000000000, -2.249999999999946709 ) ) ;
#1255 = ADVANCED_FACE ( 'NONE', ( #2647 ), #2204, .F. ) ;
#1256 = ORIENTED_EDGE ( 'NONE', *, *, #2671, .F. ) ;
#1257 = CARTESIAN_POINT ( 'NONE',  ( -5.551115123125779547E-14, 0.000000000000000000, 418.5000000005743459 ) ) ;
#1258 = CARTESIAN_POINT ( 'NONE',  ( -247.9999999999999432, -5.000000000000000000, -210.5000000005757386 ) ) ;
#1259 = CIRCLE ( 'NONE', #1618, 2.249999999999988010 ) ;
#1260 = CARTESIAN_POINT ( 'NONE',  ( 218.0000000000000568, -5.000000000000001776, -205.8000000005747552 ) ) ;
#1261 = AXIS2_PLACEMENT_3D ( 'NONE', #2195, #1698, #737 ) ;
#1262 = DIRECTION ( 'NONE',  ( -0.000000000000000000, -1.000000000000000000, -0.000000000000000000 ) ) ;
#1263 = CALENDAR_DATE ( 2026, 22, 4 ) ;
#1264 = EDGE_LOOP ( 'NONE', ( #2349, #315 ) ) ;
#1265 = ORIENTED_EDGE ( 'NONE', *, *, #1793, .T. ) ;
#1266 = CC_DESIGN_DATE_AND_TIME_ASSIGNMENT ( #1098, #2956, ( #2164 ) ) ;
#1267 = DIRECTION ( 'NONE',  ( 0.000000000000000000, 0.000000000000000000, -1.000000000000000000 ) ) ;
#1268 = AXIS2_PLACEMENT_3D ( 'NONE', #200, #1402, #1175 ) ;
#1269 = CARTESIAN_POINT ( 'NONE',  ( -248.0000000000000000, -5.000000000000001776, -9.714451465470119729E-13 ) ) ;
#1270 = ORIENTED_EDGE ( 'NONE', *, *, #392, .F. ) ;
#1271 = ADVANCED_FACE ( 'NONE', ( #1930 ), #1668, .F. ) ;
#1272 = DIRECTION ( 'NONE',  ( -0.000000000000000000, -1.000000000000000000, -0.000000000000000000 ) ) ;
#1273 = CARTESIAN_POINT ( 'NONE',  ( -5.551115123125779547E-14, -14.00000000000000000, 210.5000000005743175 ) ) ;
#1274 = CARTESIAN_POINT ( 'NONE',  ( 257.9999999999999432, 0.000000000000000000, 210.5000000005747722 ) ) ;
#1275 = DIRECTION ( 'NONE',  ( 0.000000000000000000, 1.000000000000000000, 0.000000000000000000 ) ) ;
#1276 = CARTESIAN_POINT ( 'NONE',  ( -248.0000000000000000, -5.000000000000001776, -4.700000000000981615 ) ) ;
#1277 = EDGE_CURVE ( 'NONE', #341, #2129, #794, .T. ) ;
#1278 = PERSON_AND_ORGANIZATION_ROLE ( 'classification_officer' ) ;
#1279 = ORIENTED_EDGE ( 'NONE', *, *, #2350, .F. ) ;
#1280 = AXIS2_PLACEMENT_3D ( 'NONE', #2813, #1642, #3011 ) ;
#1281 = EDGE_LOOP ( 'NONE', ( #2328, #905, #2930, #896 ) ) ;
#1282 = AXIS2_PLACEMENT_3D ( 'NONE', #1759, #1716, #981 ) ;
#1283 = CARTESIAN_POINT ( 'NONE',  ( -247.9999999999999432, -5.000000000000001776, -215.2000000005757272 ) ) ;
#1284 = CARTESIAN_POINT ( 'NONE',  ( 248.0000000000000000, 0.000000000000000000, 2.775557561562891351E-14 ) ) ;
#1285 = EDGE_CURVE ( 'NONE', #1489, #1887, #1415, .T. ) ;
#1286 = EDGE_LOOP ( 'NONE', ( #513, #2816 ) ) ;
#1287 = DIRECTION ( 'NONE',  ( 0.000000000000000000, 0.000000000000000000, -1.000000000000000000 ) ) ;
#1288 = CARTESIAN_POINT ( 'NONE',  ( 2.302225383886073086E-13, -5.000000000000000000, -458.5000000005751986 ) ) ;
#1289 = DIRECTION ( 'NONE',  ( -0.000000000000000000, -1.000000000000000000, -0.000000000000000000 ) ) ;
#1290 = CIRCLE ( 'NONE', #1095, 2.249999999999974243 ) ;
#1291 = DIRECTION ( 'NONE',  ( 0.000000000000000000, 0.000000000000000000, 1.000000000000000000 ) ) ;
#1292 = CIRCLE ( 'NONE', #2925, 258.0000000000000000 ) ;
#1293 = DIRECTION ( 'NONE',  ( -0.000000000000000000, -1.000000000000000000, -0.000000000000000000 ) ) ;
#1294 = EDGE_CURVE ( 'NONE', #1548, #2011, #870, .T. ) ;
#1295 = LINE ( 'NONE', #156, #1991 ) ;
#1296 = ORIENTED_EDGE ( 'NONE', *, *, #980, .T. ) ;
#1297 = VECTOR ( 'NONE', #732, 1000.000000000000000 ) ;
#1298 = CIRCLE ( 'NONE', #3036, 263.0000000000000000 ) ;
#1299 = APPROVAL_DATE_TIME ( #653, #2771 ) ;
#1300 = EDGE_LOOP ( 'NONE', ( #1749, #640, #1904, #2119 ) ) ;
#1301 = CARTESIAN_POINT ( 'NONE',  ( 247.9999999999999432, -2.549999999999992273, 210.5000000005748007 ) ) ;
#1302 = CLOSED_SHELL ( 'NONE', ( #2361, #590, #1339, #2635, #85, #2403, #1531, #1974, #2555, #1696, #295, #1451, #454, #1480, #71, #2884, #2892, #1308, #1499, #490, #2992, #2625, #2127, #1803, #2024, #2178, #676, #1699, #1851, #62, #1729, #2075, #1170, #1959, #2664, #343, #188, #560, #2889, #1221, #352, #1186, #2207, #1130, #1608, #936, #1731, #1348, #679, #2646, #1568, #2860, #2837, #556, #2307, #3042, #2384, #2604, #609, #1271, #2113, #282, #1110, #1255, #1639, #1121, #820, #574, #2869, #2546, #2478, #2904, #1546, #2799, #1580, #476 ) ) ;
#1303 = CARTESIAN_POINT ( 'NONE',  ( -248.0000000000000000, -2.549999999999992273, 2.249999999999030553 ) ) ;
#1304 = EDGE_LOOP ( 'NONE', ( #1665, #1473 ) ) ;
#1305 = DIRECTION ( 'NONE',  ( 0.000000000000000000, -0.7071067811865479058, -0.7071067811865472397 ) ) ;
#1306 = CARTESIAN_POINT ( 'NONE',  ( 218.0000000000000568, -5.000000000000001776, 210.5000000005748007 ) ) ;
#1307 = CARTESIAN_POINT ( 'NONE',  ( -218.0000000000000284, -2.549999999999992273, -8.881784197001252323E-13 ) ) ;
#1308 = ADVANCED_FACE ( 'NONE', ( #1230 ), #1715, .F. ) ;
#1309 = CARTESIAN_POINT ( 'NONE',  ( 2.090880963937666585E-13, 0.000000000000000000, -428.5000000005753122 ) ) ;
#1310 = AXIS2_PLACEMENT_3D ( 'NONE', #1139, #436, #1401 ) ;
#1311 = CARTESIAN_POINT ( 'NONE',  ( 248.0000000000000000, -2.549999999999992273, -2.249999999999946709 ) ) ;
#1312 = CARTESIAN_POINT ( 'NONE',  ( 247.9999999999999432, -5.000000000000000000, 208.2500000005748291 ) ) ;
#1313 = VERTEX_POINT ( 'NONE', #2177 ) ;
#1314 = EDGE_CURVE ( 'NONE', #764, #1238, #1245, .T. ) ;
#1315 = PERSON_AND_ORGANIZATION ( #515, #2211 ) ;
#1316 = ORIENTED_EDGE ( 'NONE', *, *, #1146, .F. ) ;
#1317 = CARTESIAN_POINT ( 'NONE',  ( 5.551115123125779547E-14, 0.000000000000000000, -210.5000000005752554 ) ) ;
#1318 = DIRECTION ( 'NONE',  ( 0.000000000000000000, 1.000000000000000000, 0.000000000000000000 ) ) ;
#1319 = VERTEX_POINT ( 'NONE', #89 ) ;
#1320 = DIRECTION ( 'NONE',  ( 0.000000000000000000, 1.000000000000000000, 0.000000000000000000 ) ) ;
#1321 = CARTESIAN_POINT ( 'NONE',  ( 2.304980839184154185E-13, -5.000000000000000000, -456.2500000005752554 ) ) ;
#1322 = CARTESIAN_POINT ( 'NONE',  ( -258.0000000000000000, -14.00000000000000000, -9.568885328999308160E-13 ) ) ;
#1323 = LOCAL_TIME ( 13, 28, 22.00000000000000000, #35 ) ;
#1324 = DIRECTION ( 'NONE',  ( -0.000000000000000000, -1.000000000000000000, -0.000000000000000000 ) ) ;
#1325 = DIRECTION ( 'NONE',  ( -1.000000000000000000, 0.000000000000000000, -2.637109322142814623E-16 ) ) ;
#1326 = DIRECTION ( 'NONE',  ( 0.000000000000000000, 0.000000000000000000, -1.000000000000000000 ) ) ;
#1327 = ORIENTED_EDGE ( 'NONE', *, *, #1486, .F. ) ;
#1328 = PERSON_AND_ORGANIZATION ( #515, #2211 ) ;
#1329 = ORIENTED_EDGE ( 'NONE', *, *, #2898, .F. ) ;
#1330 = CONICAL_SURFACE ( 'NONE', #2381, 4.699999999999981526, 0.7853981633974482790 ) ;
#1331 = CARTESIAN_POINT ( 'NONE',  ( -258.0000000000000000, -14.00000000000000000, -9.568885328999308160E-13 ) ) ;
#1332 = DIRECTION ( 'NONE',  ( -0.000000000000000000, -1.000000000000000000, -0.000000000000000000 ) ) ;
#1333 = EDGE_CURVE ( 'NONE', #2910, #689, #1962, .T. ) ;
#1334 = AXIS2_PLACEMENT_3D ( 'NONE', #2560, #1293, #2 ) ;
#1335 = ORIENTED_EDGE ( 'NONE', *, *, #126, .F. ) ;
#1336 = DIRECTION ( 'NONE',  ( 0.000000000000000000, 0.000000000000000000, -1.000000000000000000 ) ) ;
#1337 = MANIFOLD_SOLID_BREP ( 'Aufsatz-Linear austragen1', #1610 ) ;
#1338 = DIRECTION ( 'NONE',  ( -0.000000000000000000, -1.000000000000000000, -0.000000000000000000 ) ) ;
#1339 = ADVANCED_FACE ( 'NONE', ( #2873 ), #234, .F. ) ;
#1340 = DIRECTION ( 'NONE',  ( 0.000000000000000000, 1.000000000000000000, 0.000000000000000000 ) ) ;
#1341 = CONICAL_SURFACE ( 'NONE', #2179, 4.699999999999981526, 0.7853981633974482790 ) ;
#1342 = CARTESIAN_POINT ( 'NONE',  ( -258.0000000000000000, -14.00000000000000000, -9.568885328999308160E-13 ) ) ;
#1343 = DIRECTION ( 'NONE',  ( 0.000000000000000000, 0.000000000000000000, -1.000000000000000000 ) ) ;
#1344 = AXIS2_PLACEMENT_3D ( 'NONE', #2014, #1784, #1517 ) ;
#1345 = DIRECTION ( 'NONE',  ( 0.000000000000000000, 0.000000000000000000, -1.000000000000000000 ) ) ;
#1346 = AXIS2_PLACEMENT_3D ( 'NONE', #963, #2172, #988 ) ;
#1347 = ORIENTED_EDGE ( 'NONE', *, *, #1215, .F. ) ;
#1348 = ADVANCED_FACE ( 'NONE', ( #2389 ), #2364, .F. ) ;
#1349 = VECTOR ( 'NONE', #1515, 999.9999999999998863 ) ;
#1350 = APPROVAL_ROLE ( '' ) ;
#1351 = ORIENTED_EDGE ( 'NONE', *, *, #447, .F. ) ;
#1352 = DIRECTION ( 'NONE',  ( 1.000000000000000000, -0.000000000000000000, 2.637109322142814623E-16 ) ) ;
#1353 = CARTESIAN_POINT ( 'NONE',  ( 248.0000000000000000, -5.000000000000000000, 2.775557561562891351E-14 ) ) ;
#1354 = CC_DESIGN_DATE_AND_TIME_ASSIGNMENT ( #2775, #1780, ( #983 ) ) ;
#1355 = AXIS2_PLACEMENT_3D ( 'NONE', #2823, #1352, #211 ) ;
#1356 = VERTEX_POINT ( 'NONE', #1260 ) ;
#1357 = DIRECTION ( 'NONE',  ( -0.000000000000000000, -1.000000000000000000, -0.000000000000000000 ) ) ;
#1358 = EDGE_CURVE ( 'NONE', #2314, #1064, #1023, .T. ) ;
#1359 = CARTESIAN_POINT ( 'NONE',  ( -4.294082921098063224E-13, -5.000000000000001776, 423.8000000005743573 ) ) ;
#1360 = DIRECTION ( 'NONE',  ( 0.000000000000000000, -0.7071067811865474617, -0.7071067811865474617 ) ) ;
#1361 = DIRECTION ( 'NONE',  ( -0.000000000000000000, -1.000000000000000000, -0.000000000000000000 ) ) ;
#1362 = DIRECTION ( 'NONE',  ( 0.000000000000000000, 0.000000000000000000, -1.000000000000000000 ) ) ;
#1363 = ORIENTED_EDGE ( 'NONE', *, *, #1285, .F. ) ;
#1364 = SECURITY_CLASSIFICATION_LEVEL ( 'unclassified' ) ;
#1365 = ORIENTED_EDGE ( 'NONE', *, *, #46, .F. ) ;
#1366 = CARTESIAN_POINT ( 'NONE',  ( -218.0000000000000284, 0.000000000000000000, -8.881784197001252323E-13 ) ) ;
#1367 = CARTESIAN_POINT ( 'NONE',  ( 2.302225383886073086E-13, 0.000000000000000000, -458.5000000005751986 ) ) ;
#1368 = ORIENTED_EDGE ( 'NONE', *, *, #747, .T. ) ;
#1369 = CARTESIAN_POINT ( 'NONE',  ( 247.9999999999999432, -5.000000000000001776, 205.8000000005748404 ) ) ;
#1370 = CARTESIAN_POINT ( 'NONE',  ( 258.0000000000000000, 0.000000000000000000, 4.739383112700257176E-14 ) ) ;
#1371 = EDGE_CURVE ( 'NONE', #2806, #2314, #129, .T. ) ;
#1372 = ORIENTED_EDGE ( 'NONE', *, *, #2774, .F. ) ;
#1373 = CARTESIAN_POINT ( 'NONE',  ( -248.0000000000000000, 0.000000000000000000, -9.714451465470119729E-13 ) ) ;
#1374 = CC_DESIGN_SECURITY_CLASSIFICATION ( #2164, ( #2568 ) ) ;
#1375 = EDGE_CURVE ( 'NONE', #448, #2745, #964, .T. ) ;
#1376 = CARTESIAN_POINT ( 'NONE',  ( -247.9999999999999432, 0.000000000000000000, -208.2500000005757386 ) ) ;
#1377 = VERTEX_POINT ( 'NONE', #2019 ) ;
#1378 = APPLICATION_PROTOCOL_DEFINITION ( 'international standard', 'config_control_design', 1994, #1550 ) ;
#1379 = EDGE_LOOP ( 'NONE', ( #1327, #1689, #228, #1778 ) ) ;
#1380 = CARTESIAN_POINT ( 'NONE',  ( -5.551115123125779547E-14, -14.00000000000000000, 210.5000000005743175 ) ) ;
#1381 = DIRECTION ( 'NONE',  ( -0.000000000000000000, -1.000000000000000000, -0.000000000000000000 ) ) ;
#1382 = ORIENTED_EDGE ( 'NONE', *, *, #1723, .T. ) ;
#1383 = PLANE ( 'NONE',  #119 ) ;
#1384 = LINE ( 'NONE', #215, #1027 ) ;
#1385 = EDGE_CURVE ( 'NONE', #1524, #2085, #1071, .T. ) ;
#1386 = VECTOR ( 'NONE', #1905, 1000.000000000000000 ) ;
#1387 = VERTEX_POINT ( 'NONE', #1342 ) ;
#1388 = CIRCLE ( 'NONE', #2582, 4.699999999999981526 ) ;
#1389 = CARTESIAN_POINT ( 'NONE',  ( -218.0000000000000284, -5.000000000000001776, -8.881784197001252323E-13 ) ) ;
#1390 = FACE_BOUND ( 'NONE', #1624, .T. ) ;
#1391 = VERTEX_POINT ( 'NONE', #2462 ) ;
#1392 = EDGE_CURVE ( 'NONE', #424, #2318, #2894, .T. ) ;
#1393 = VECTOR ( 'NONE', #1990, 1000.000000000000000 ) ;
#1394 = PERSON_AND_ORGANIZATION ( #515, #2211 ) ;
#1395 = ORIENTED_EDGE ( 'NONE', *, *, #417, .T. ) ;
#1396 = LINE ( 'NONE', #2793, #996 ) ;
#1397 = AXIS2_PLACEMENT_3D ( 'NONE', #2171, #1735, #1721 ) ;
#1398 = VERTEX_POINT ( 'NONE', #811 ) ;
#1399 = LINE ( 'NONE', #906, #1204 ) ;
#1400 = VECTOR ( 'NONE', #2008, 1000.000000000000000 ) ;
#1401 = DIRECTION ( 'NONE',  ( 0.000000000000000000, 0.000000000000000000, -1.000000000000000000 ) ) ;
#1402 = DIRECTION ( 'NONE',  ( 0.000000000000000000, 0.000000000000000000, 1.000000000000000000 ) ) ;
#1403 = EDGE_LOOP ( 'NONE', ( #2521, #378, #1099, #731 ) ) ;
#1404 = EDGE_CURVE ( 'NONE', #260, #428, #616, .T. ) ;
#1405 = FACE_OUTER_BOUND ( 'NONE', #81, .T. ) ;
#1406 = AXIS2_PLACEMENT_3D ( 'NONE', #2219, #1712, #1508 ) ;
#1407 = CARTESIAN_POINT ( 'NONE',  ( 208.0000000000000284, -5.000000000000000000, 4.739383112700257176E-14 ) ) ;
#1408 = CC_DESIGN_PERSON_AND_ORGANIZATION_ASSIGNMENT ( #970, #699, ( #1443 ) ) ;
#1409 = ORIENTED_EDGE ( 'NONE', *, *, #1181, .F. ) ;
#1410 = EDGE_CURVE ( 'NONE', #2792, #773, #2605, .T. ) ;
#1411 = APPROVAL_DATE_TIME ( #1439, #2691 ) ;
#1412 = ORIENTED_EDGE ( 'NONE', *, *, #27, .F. ) ;
#1413 = VECTOR ( 'NONE', #2715, 1000.000000000000114 ) ;
#1414 = EDGE_CURVE ( 'NONE', #2437, #589, #2201, .T. ) ;
#1415 = CIRCLE ( 'NONE', #1911, 4.699999999999981526 ) ;
#1416 = ORIENTED_EDGE ( 'NONE', *, *, #1181, .T. ) ;
#1417 = CARTESIAN_POINT ( 'NONE',  ( 247.9999999999999432, 0.000000000000000000, 208.2500000005748291 ) ) ;
#1418 = CYLINDRICAL_SURFACE ( 'NONE', #1310, 2.249999999999988010 ) ;
#1419 = EDGE_LOOP ( 'NONE', ( #2015, #1628, #2536, #2871 ) ) ;
#1420 = DIRECTION ( 'NONE',  ( 0.000000000000000000, 0.000000000000000000, 1.000000000000000000 ) ) ;
#1421 = DIRECTION ( 'NONE',  ( 0.000000000000000000, 1.000000000000000000, 0.000000000000000000 ) ) ;
#1422 = FACE_OUTER_BOUND ( 'NONE', #1403, .T. ) ;
#1423 =( GEOMETRIC_REPRESENTATION_CONTEXT ( 3 ) GLOBAL_UNCERTAINTY_ASSIGNED_CONTEXT ( ( #2628 ) ) GLOBAL_UNIT_ASSIGNED_CONTEXT ( ( #2830, #678, #899 ) ) REPRESENTATION_CONTEXT ( 'NONE', 'WORKASPACE' ) );
#1424 = CC_DESIGN_SECURITY_CLASSIFICATION ( #2520, ( #3062 ) ) ;
#1425 = DATE_AND_TIME ( #2125, #90 ) ;
#1426 = ORIENTED_EDGE ( 'NONE', *, *, #1062, .T. ) ;
#1427 = DIRECTION ( 'NONE',  ( 0.000000000000000000, 0.000000000000000000, 1.000000000000000000 ) ) ;
#1428 = VERTEX_POINT ( 'NONE', #2735 ) ;
#1429 = FACE_OUTER_BOUND ( 'NONE', #931, .T. ) ;
#1430 = DIRECTION ( 'NONE',  ( 0.000000000000000000, 0.000000000000000000, -1.000000000000000000 ) ) ;
#1431 = EDGE_CURVE ( 'NONE', #2427, #3003, #1259, .T. ) ;
#1432 = EDGE_LOOP ( 'NONE', ( #2168, #2045 ) ) ;
#1433 = VECTOR ( 'NONE', #1187, 999.9999999999998863 ) ;
#1434 = DIRECTION ( 'NONE',  ( -0.000000000000000000, -1.000000000000000000, -0.000000000000000000 ) ) ;
#1435 = PERSON ( 'NAUO-PER2', 'UNSPECIFIED', 'UNSPECIFIED', ('UNSPECIFIED'), ('UNSPECIFIED'), ('UNSPECIFIED') ) ;
#1436 = DIRECTION ( 'NONE',  ( 0.000000000000000000, 0.000000000000000000, 1.000000000000000000 ) ) ;
#1437 = CIRCLE ( 'NONE', #1528, 2.250000000000001776 ) ;
#1438 = DIRECTION ( 'NONE',  ( 0.000000000000000000, 0.000000000000000000, -1.000000000000000000 ) ) ;
#1439 = DATE_AND_TIME ( #933, #286 ) ;
#1440 = ORIENTED_EDGE ( 'NONE', *, *, #289, .F. ) ;
#1441 = EDGE_CURVE ( 'NONE', #1085, #2755, #2993, .T. ) ;
#1442 = AXIS2_PLACEMENT_3D ( 'NONE', #2704, #2675, #1973 ) ;
#1443 = PRODUCT ( '2682208_1', '2682208_1', '', ( #2330 ) ) ;
#1444 = ORIENTED_EDGE ( 'NONE', *, *, #598, .F. ) ;
#1445 = AXIS2_PLACEMENT_3D ( 'NONE', #2263, #1318, #1534 ) ;
#1446 = CC_DESIGN_PERSON_AND_ORGANIZATION_ASSIGNMENT ( #2821, #498, ( #1766 ) ) ;
#1447 = DIRECTION ( 'NONE',  ( 0.000000000000000000, 1.000000000000000000, 0.000000000000000000 ) ) ;
#1448 = DIRECTION ( 'NONE',  ( -0.000000000000000000, -1.000000000000000000, -0.000000000000000000 ) ) ;
#1449 = ORIENTED_EDGE ( 'NONE', *, *, #49, .T. ) ;
#1450 = AXIS2_PLACEMENT_3D ( 'NONE', #1817, #2518, #2942 ) ;
#1451 = ADVANCED_FACE ( 'NONE', ( #2981 ), #2055, .F. ) ;
#1452 = CARTESIAN_POINT ( 'NONE',  ( -218.0000000000000000, -5.000000000000000000, -210.5000000005757670 ) ) ;
#1453 = VECTOR ( 'NONE', #2514, 1000.000000000000000 ) ;
#1454 = CARTESIAN_POINT ( 'NONE',  ( 2.302225383886073086E-13, -5.000000000000001776, -458.5000000005751986 ) ) ;
#1455 = AXIS2_PLACEMENT_3D ( 'NONE', #166, #2995, #449 ) ;
#1456 = DIRECTION ( 'NONE',  ( 0.000000000000000000, 0.000000000000000000, 1.000000000000000000 ) ) ;
#1457 = APPROVAL_DATE_TIME ( #1512, #2831 ) ;
#1458 = ORIENTED_EDGE ( 'NONE', *, *, #104, .F. ) ;
#1459 = EDGE_LOOP ( 'NONE', ( #2142, #230, #1898, #394 ) ) ;
#1460 = CARTESIAN_POINT ( 'NONE',  ( -5.551115123125779547E-14, -14.00000000000000000, 473.5000000005743459 ) ) ;
#1461 = DIRECTION ( 'NONE',  ( 0.000000000000000000, 0.000000000000000000, -1.000000000000000000 ) ) ;
#1462 = CIRCLE ( 'NONE', #1810, 4.700000000000009948 ) ;
#1463 = ORIENTED_EDGE ( 'NONE', *, *, #1385, .T. ) ;
#1464 = CARTESIAN_POINT ( 'NONE',  ( 2.304980839184154185E-13, 0.000000000000000000, -456.2500000005752554 ) ) ;
#1465 = EDGE_CURVE ( 'NONE', #109, #1672, #2696, .T. ) ;
#1466 = FACE_BOUND ( 'NONE', #786, .T. ) ;
#1467 = FACE_OUTER_BOUND ( 'NONE', #526, .T. ) ;
#1468 = PRODUCT ( '2682209_1', '2682209_1', '', ( #377 ) ) ;
#1469 = EDGE_CURVE ( 'NONE', #1391, #488, #325, .T. ) ;
#1470 = SHAPE_DEFINITION_REPRESENTATION ( #61, #1236 ) ;
#1471 = ORIENTED_EDGE ( 'NONE', *, *, #2708, .T. ) ;
#1472 = AXIS2_PLACEMENT_3D ( 'NONE', #2508, #2070, #2492 ) ;
#1473 = ORIENTED_EDGE ( 'NONE', *, *, #2169, .F. ) ;
#1474 = APPROVAL_PERSON_ORGANIZATION ( #2692, #2091, #2421 ) ;
#1475 = DIRECTION ( 'NONE',  ( 0.000000000000000000, 0.000000000000000000, -1.000000000000000000 ) ) ;
#1476 = DIRECTION ( 'NONE',  ( 8.659560562354930393E-17, -0.7071067811865479058, 0.7071067811865472397 ) ) ;
#1477 = VERTEX_POINT ( 'NONE', #172 ) ;
#1478 = CARTESIAN_POINT ( 'NONE',  ( 218.0000000000000568, -5.000000000000001776, -210.5000000005747438 ) ) ;
#1479 = FACE_OUTER_BOUND ( 'NONE', #2779, .T. ) ;
#1480 = ADVANCED_FACE ( 'NONE', ( #2239 ), #1775, .F. ) ;
#1481 = CARTESIAN_POINT ( 'NONE',  ( -248.0000000000000568, -5.000000000000001776, 210.5000000005738059 ) ) ;
#1482 = CARTESIAN_POINT ( 'NONE',  ( 2.302225383886073086E-13, -2.549999999999992273, -460.7500000005751986 ) ) ;
#1483 = AXIS2_PLACEMENT_3D ( 'NONE', #1177, #496, #1857 ) ;
#1484 = APPROVAL_ROLE ( '' ) ;
#1485 = ORIENTED_EDGE ( 'NONE', *, *, #1541, .F. ) ;
#1486 = EDGE_CURVE ( 'NONE', #1398, #1882, #843, .T. ) ;
#1487 = AXIS2_PLACEMENT_3D ( 'NONE', #1307, #1289, #350 ) ;
#1488 =( REPRESENTATION_RELATIONSHIP ('NONE','NONE', #312, #1236 ) REPRESENTATION_RELATIONSHIP_WITH_TRANSFORMATION ( #106 )SHAPE_REPRESENTATION_RELATIONSHIP( ) );
#1489 = VERTEX_POINT ( 'NONE', #595 ) ;
#1490 = CARTESIAN_POINT ( 'NONE',  ( 218.0000000000000568, 0.000000000000000000, -212.7500000005747438 ) ) ;
#1491 = DIRECTION ( 'NONE',  ( -0.000000000000000000, -1.000000000000000000, -0.000000000000000000 ) ) ;
#1492 = CIRCLE ( 'NONE', #2283, 2.249999999999974243 ) ;
#1493 = ORIENTED_EDGE ( 'NONE', *, *, #2658, .T. ) ;
#1494 = DIRECTION ( 'NONE',  ( -0.000000000000000000, -1.000000000000000000, -0.000000000000000000 ) ) ;
#1495 = PRODUCT_DEFINITION_SHAPE ( 'NONE', 'NONE',  #3064 ) ;
#1496 = CYLINDRICAL_SURFACE ( 'NONE', #2431, 2.250000000000001776 ) ;
#1497 = AXIS2_PLACEMENT_3D ( 'NONE', #25, #2398, #1213 ) ;
#1498 = CARTESIAN_POINT ( 'NONE',  ( 218.0000000000000568, -5.000000000000001776, 210.5000000005748007 ) ) ;
#1499 = ADVANCED_FACE ( 'NONE', ( #877 ), #2454, .F. ) ;
#1500 = CARTESIAN_POINT ( 'NONE',  ( -4.294082921098063224E-13, -5.000000000000000000, 428.5000000005743459 ) ) ;
#1501 = DATE_TIME_ROLE ( 'classification_date' ) ;
#1502 = VERTEX_POINT ( 'NONE', #369 ) ;
#1503 = EDGE_CURVE ( 'NONE', #1867, #1398, #1563, .T. ) ;
#1504 = ORIENTED_EDGE ( 'NONE', *, *, #1772, .F. ) ;
#1505 = CYLINDRICAL_SURFACE ( 'NONE', #1654, 2.249999999999974243 ) ;
#1506 = FACE_OUTER_BOUND ( 'NONE', #830, .T. ) ;
#1507 = ORIENTED_EDGE ( 'NONE', *, *, #2353, .T. ) ;
#1508 = DIRECTION ( 'NONE',  ( 0.000000000000000000, 0.000000000000000000, -1.000000000000000000 ) ) ;
#1509 = CARTESIAN_POINT ( 'NONE',  ( 218.0000000000000568, -5.000000000000000000, 2.775557561562891351E-14 ) ) ;
#1510 = DIRECTION ( 'NONE',  ( 0.000000000000000000, 0.000000000000000000, -1.000000000000000000 ) ) ;
#1511 = DIRECTION ( 'NONE',  ( 0.000000000000000000, 0.000000000000000000, 1.000000000000000000 ) ) ;
#1512 = DATE_AND_TIME ( #1222, #2762 ) ;
#1513 = VERTEX_POINT ( 'NONE', #2005 ) ;
#1514 = EDGE_LOOP ( 'NONE', ( #2540, #2031 ) ) ;
#1515 = DIRECTION ( 'NONE',  ( 0.000000000000000000, -0.7071067811865479058, -0.7071067811865472397 ) ) ;
#1516 = VECTOR ( 'NONE', #1089, 1000.000000000000000 ) ;
#1517 = DIRECTION ( 'NONE',  ( 0.000000000000000000, 0.000000000000000000, -1.000000000000000000 ) ) ;
#1518 = ORIENTED_EDGE ( 'NONE', *, *, #1706, .F. ) ;
#1519 = DIRECTION ( 'NONE',  ( 0.000000000000000000, 0.000000000000000000, 1.000000000000000000 ) ) ;
#1520 = EDGE_CURVE ( 'NONE', #2038, #374, #1910, .T. ) ;
#1521 = DIRECTION ( 'NONE',  ( -0.000000000000000000, -1.000000000000000000, -0.000000000000000000 ) ) ;
#1522 = DIRECTION ( 'NONE',  ( 0.000000000000000000, -0.000000000000000000, 1.000000000000000000 ) ) ;
#1523 = DIRECTION ( 'NONE',  ( 0.000000000000000000, 1.000000000000000000, 0.000000000000000000 ) ) ;
#1524 = VERTEX_POINT ( 'NONE', #2052 ) ;
#1525 = DIRECTION ( 'NONE',  ( 0.000000000000000000, 0.000000000000000000, 1.000000000000000000 ) ) ;
#1526 = LINE ( 'NONE', #2770, #114 ) ;
#1527 = ORIENTED_EDGE ( 'NONE', *, *, #928, .F. ) ;
#1528 = AXIS2_PLACEMENT_3D ( 'NONE', #878, #1794, #1615 ) ;
#1529 = PERSON_AND_ORGANIZATION ( #515, #2211 ) ;
#1530 = ORIENTED_EDGE ( 'NONE', *, *, #831, .T. ) ;
#1531 = ADVANCED_FACE ( 'NONE', ( #2252 ), #622, .F. ) ;
#1532 = CIRCLE ( 'NONE', #1487, 2.250000000000001776 ) ;
#1533 = CARTESIAN_POINT ( 'NONE',  ( -247.9999999999999432, -5.000000000000001776, -210.5000000005757386 ) ) ;
#1534 = DIRECTION ( 'NONE',  ( 0.000000000000000000, 0.000000000000000000, 1.000000000000000000 ) ) ;
#1535 = CC_DESIGN_PERSON_AND_ORGANIZATION_ASSIGNMENT ( #340, #2878, ( #43 ) ) ;
#1536 = ORIENTED_EDGE ( 'NONE', *, *, #1056, .T. ) ;
#1537 = DIRECTION ( 'NONE',  ( -0.000000000000000000, -1.000000000000000000, -0.000000000000000000 ) ) ;
#1538 = DIRECTION ( 'NONE',  ( -0.000000000000000000, -1.000000000000000000, -0.000000000000000000 ) ) ;
#1539 = CARTESIAN_POINT ( 'NONE',  ( 248.0000000000000568, -5.000000000000001776, -205.8000000005747836 ) ) ;
#1540 = AXIS2_PLACEMENT_3D ( 'NONE', #1353, #2566, #33 ) ;
#1541 = EDGE_CURVE ( 'NONE', #2318, #1165, #134, .T. ) ;
#1542 = DIRECTION ( 'NONE',  ( 0.000000000000000000, 0.000000000000000000, 1.000000000000000000 ) ) ;
#1543 = ORIENTED_EDGE ( 'NONE', *, *, #2086, .T. ) ;
#1544 = AXIS2_PLACEMENT_3D ( 'NONE', #775, #1448, #1214 ) ;
#1545 = CARTESIAN_POINT ( 'NONE',  ( -248.0000000000000568, -5.000000000000001776, 205.8000000005737888 ) ) ;
#1546 = ADVANCED_FACE ( 'NONE', ( #116 ), #335, .F. ) ;
#1547 = CARTESIAN_POINT ( 'NONE',  ( 218.0000000000000568, -2.549999999999992273, -210.5000000005747438 ) ) ;
#1548 = VERTEX_POINT ( 'NONE', #809 ) ;
#1549 = CIRCLE ( 'NONE', #2347, 2.249999999999974243 ) ;
#1550 = APPLICATION_CONTEXT ( 'configuration controlled 3d designs of mechanical parts and assemblies' ) ;
#1551 = AXIS2_PLACEMENT_3D ( 'NONE', #1380, #2351, #1881 ) ;
#1552 = COORDINATED_UNIVERSAL_TIME_OFFSET ( 1, 0, .AHEAD. ) ;
#1553 = VERTEX_POINT ( 'NONE', #1033 ) ;
#1554 = LINE ( 'NONE', #2261, #266 ) ;
#1555 = AXIS2_PLACEMENT_3D ( 'NONE', #1771, #1537, #2522 ) ;
#1556 = CARTESIAN_POINT ( 'NONE',  ( -248.0000000000000568, -5.000000000000001776, 215.2000000005738229 ) ) ;
#1557 = EDGE_LOOP ( 'NONE', ( #64, #194, #662, #2595, #2074, #189, #173, #1536, #2796, #1145 ) ) ;
#1558 = CARTESIAN_POINT ( 'NONE',  ( 2.090880963937666585E-13, -2.549999999999992273, -428.5000000005753122 ) ) ;
#1559 = DIRECTION ( 'NONE',  ( 0.000000000000000000, 0.000000000000000000, -1.000000000000000000 ) ) ;
#1560 = DIRECTION ( 'NONE',  ( 0.000000000000000000, 1.000000000000000000, 0.000000000000000000 ) ) ;
#1561 = DIRECTION ( 'NONE',  ( 0.000000000000000000, 0.000000000000000000, 1.000000000000000000 ) ) ;
#1562 = ORIENTED_EDGE ( 'NONE', *, *, #2808, .T. ) ;
#1563 = CIRCLE ( 'NONE', #2362, 2.249999999999974243 ) ;
#1564 = CARTESIAN_POINT ( 'NONE',  ( -218.0000000000000568, -5.000000000000000000, 210.5000000005739480 ) ) ;
#1565 = DIRECTION ( 'NONE',  ( 0.000000000000000000, -0.7071067811865479058, -0.7071067811865472397 ) ) ;
#1566 = AXIS2_PLACEMENT_3D ( 'NONE', #1727, #2673, #58 ) ;
#1567 = EDGE_LOOP ( 'NONE', ( #1747, #744, #1368, #94 ) ) ;
#1568 = ADVANCED_FACE ( 'NONE', ( #169 ), #2491, .F. ) ;
#1569 = APPLICATION_PROTOCOL_DEFINITION ( 'international standard', 'config_control_design', 1994, #969 ) ;
#1570 = EDGE_LOOP ( 'NONE', ( #784, #2567, #546, #1925 ) ) ;
#1571 = CARTESIAN_POINT ( 'NONE',  ( 248.0000000000000568, -2.549999999999992273, -208.2500000005747722 ) ) ;
#1572 = DIRECTION ( 'NONE',  ( 0.000000000000000000, 0.000000000000000000, -1.000000000000000000 ) ) ;
#1573 = ORIENTED_EDGE ( 'NONE', *, *, #1285, .T. ) ;
#1574 = CARTESIAN_POINT ( 'NONE',  ( -258.0000000000000000, 0.000000000000000000, -9.568885328999308160E-13 ) ) ;
#1575 = DIRECTION ( 'NONE',  ( -0.000000000000000000, -1.000000000000000000, -0.000000000000000000 ) ) ;
#1576 = LINE ( 'NONE', #2268, #2674 ) ;
#1577 = AXIS2_PLACEMENT_3D ( 'NONE', #1627, #1885, #1158 ) ;
#1578 = CARTESIAN_POINT ( 'NONE',  ( -5.551115123125779547E-14, -5.000000000000000000, 210.5000000005743175 ) ) ;
#1579 = EDGE_LOOP ( 'NONE', ( #1982, #1109 ) ) ;
#1580 = ADVANCED_FACE ( 'NONE', ( #577 ), #1069, .F. ) ;
#1581 = CC_DESIGN_APPROVAL ( #2091, ( #492 ) ) ;
#1582 = DIRECTION ( 'NONE',  ( -2.637109322142814623E-16, 0.000000000000000000, 1.000000000000000000 ) ) ;
#1583 = CARTESIAN_POINT ( 'NONE',  ( -247.9999999999999432, -5.000000000000000000, -212.7500000005757101 ) ) ;
#1584 = ORIENTED_EDGE ( 'NONE', *, *, #882, .T. ) ;
#1585 = ADVANCED_FACE ( 'NONE', ( #1788 ), #1052, .F. ) ;
#1586 = APPROVAL_STATUS ( 'not_yet_approved' ) ;
#1587 = ORIENTED_EDGE ( 'NONE', *, *, #2215, .F. ) ;
#1588 = AXIS2_PLACEMENT_3D ( 'NONE', #952, #1855, #2556 ) ;
#1589 = DIRECTION ( 'NONE',  ( 0.000000000000000000, -0.7071067811865479058, -0.7071067811865472397 ) ) ;
#1590 = DIRECTION ( 'NONE',  ( 0.000000000000000000, 0.000000000000000000, -1.000000000000000000 ) ) ;
#1591 = ORIENTED_EDGE ( 'NONE', *, *, #1828, .F. ) ;
#1592 = CARTESIAN_POINT ( 'NONE',  ( -257.9999999999999432, -5.000000000000000000, -210.5000000005757954 ) ) ;
#1593 = CARTESIAN_POINT ( 'NONE',  ( 248.0000000000000568, -5.000000000000000000, -210.5000000005747438 ) ) ;
#1594 = FACE_OUTER_BOUND ( 'NONE', #2897, .T. ) ;
#1595 = ORIENTED_EDGE ( 'NONE', *, *, #375, .T. ) ;
#1596 = FACE_OUTER_BOUND ( 'NONE', #2273, .T. ) ;
#1597 = VECTOR ( 'NONE', #1381, 1000.000000000000000 ) ;
#1598 = DIRECTION ( 'NONE',  ( -0.000000000000000000, -1.000000000000000000, -0.000000000000000000 ) ) ;
#1599 = AXIS2_PLACEMENT_3D ( 'NONE', #1269, #2486, #853 ) ;
#1600 = ORIENTED_EDGE ( 'NONE', *, *, #1277, .T. ) ;
#1601 = APPROVAL ( #1586, 'UNSPECIFIED' ) ;
#1602 = VECTOR ( 'NONE', #1239, 999.9999999999998863 ) ;
#1603 = PERSON_AND_ORGANIZATION ( #515, #2211 ) ;
#1604 = ORIENTED_EDGE ( 'NONE', *, *, #734, .F. ) ;
#1605 = DIRECTION ( 'NONE',  ( 0.000000000000000000, 1.000000000000000000, 0.000000000000000000 ) ) ;
#1606 = CARTESIAN_POINT ( 'NONE',  ( 248.0000000000000000, 0.000000000000000000, 2.775557561562891351E-14 ) ) ;
#1607 = AXIS2_PLACEMENT_3D ( 'NONE', #3040, #670, #1831 ) ;
#1608 = ADVANCED_FACE ( 'NONE', ( #1754 ), #823, .F. ) ;
#1609 = ORIENTED_EDGE ( 'NONE', *, *, #2099, .T. ) ;
#1610 = CLOSED_SHELL ( 'NONE', ( #305, #904, #2118, #921, #2851, #1714, #314, #1015, #2367, #2509, #1585, #2033 ) ) ;
#1611 = DIRECTION ( 'NONE',  ( 0.000000000000000000, 1.000000000000000000, 0.000000000000000000 ) ) ;
#1612 = CARTESIAN_POINT ( 'NONE',  ( 262.9999999999999432, -14.00000000000000000, 210.5000000005748575 ) ) ;
#1613 = DIRECTION ( 'NONE',  ( -1.000000000000000000, 2.220446049250313081E-16, 0.000000000000000000 ) ) ;
#1614 = ORIENTED_EDGE ( 'NONE', *, *, #1869, .F. ) ;
#1615 = DIRECTION ( 'NONE',  ( 0.000000000000000000, 0.000000000000000000, -1.000000000000000000 ) ) ;
#1616 = CARTESIAN_POINT ( 'NONE',  ( 262.9999999999999432, -14.00000000000000000, 210.5000000005748575 ) ) ;
#1617 = ORIENTED_EDGE ( 'NONE', *, *, #2756, .T. ) ;
#1618 = AXIS2_PLACEMENT_3D ( 'NONE', #1988, #2999, #2511 ) ;
#1619 = COORDINATED_UNIVERSAL_TIME_OFFSET ( 1, 0, .AHEAD. ) ;
#1620 = VERTEX_POINT ( 'NONE', #2932 ) ;
#1621 = DIRECTION ( 'NONE',  ( 0.000000000000000000, -0.7071067811865479058, -0.7071067811865472397 ) ) ;
#1622 = EDGE_CURVE ( 'NONE', #67, #1180, #2107, .T. ) ;
#1623 = CYLINDRICAL_SURFACE ( 'NONE', #1540, 2.249999999999974243 ) ;
#1624 = EDGE_LOOP ( 'NONE', ( #1409, #2785 ) ) ;
#1625 = DIRECTION ( 'NONE',  ( 0.000000000000000000, 0.000000000000000000, 1.000000000000000000 ) ) ;
#1626 = CARTESIAN_POINT ( 'NONE',  ( 2.090880963937666585E-13, -5.000000000000000000, -428.5000000005753122 ) ) ;
#1627 = CARTESIAN_POINT ( 'NONE',  ( 0.000000000000000000, 0.000000000000000000, 0.000000000000000000 ) ) ;
#1628 = ORIENTED_EDGE ( 'NONE', *, *, #3018, .F. ) ;
#1629 = EDGE_CURVE ( 'NONE', #2234, #1149, #1756, .T. ) ;
#1630 = LINE ( 'NONE', #2573, #297 ) ;
#1631 = AXIS2_PLACEMENT_3D ( 'NONE', #2783, #2084, #909 ) ;
#1632 = PLANE ( 'NONE',  #770 ) ;
#1633 = LOCAL_TIME ( 13, 28, 22.00000000000000000, #1025 ) ;
#1634 = ORIENTED_EDGE ( 'NONE', *, *, #226, .T. ) ;
#1635 = PERSON_AND_ORGANIZATION_ROLE ( 'creator' ) ;
#1636 = ORIENTED_EDGE ( 'NONE', *, *, #2983, .T. ) ;
#1637 = CARTESIAN_POINT ( 'NONE',  ( 248.0000000000000000, 0.000000000000000000, 2.250000000000001776 ) ) ;
#1638 = CARTESIAN_POINT ( 'NONE',  ( 248.0000000000000568, 0.000000000000000000, -210.5000000005747438 ) ) ;
#1639 = ADVANCED_FACE ( 'NONE', ( #1984 ), #2002, .F. ) ;
#1640 = ORIENTED_EDGE ( 'NONE', *, *, #2329, .F. ) ;
#1641 = CARTESIAN_POINT ( 'NONE',  ( -4.294082921098063224E-13, -2.549999999999992273, 428.5000000005743459 ) ) ;
#1642 = DIRECTION ( 'NONE',  ( 0.000000000000000000, 1.000000000000000000, 0.000000000000000000 ) ) ;
#1643 =( NAMED_UNIT ( * ) SI_UNIT ( $, .STERADIAN. ) SOLID_ANGLE_UNIT ( ) );
#1644 = VECTOR ( 'NONE', #2271, 1000.000000000000000 ) ;
#1645 = APPROVAL ( #2531, 'UNSPECIFIED' ) ;
#1646 = ORIENTED_EDGE ( 'NONE', *, *, #1207, .F. ) ;
#1647 = VECTOR ( 'NONE', #2413, 999.9999999999998863 ) ;
#1648 = CARTESIAN_POINT ( 'NONE',  ( -248.0000000000000568, -2.549999999999992273, 210.5000000005738059 ) ) ;
#1649 = DIRECTION ( 'NONE',  ( 2.637109322142814623E-16, 0.000000000000000000, -1.000000000000000000 ) ) ;
#1650 = ORIENTED_EDGE ( 'NONE', *, *, #420, .F. ) ;
#1651 = CIRCLE ( 'NONE', #748, 2.250000000000001776 ) ;
#1652 = DATE_AND_TIME ( #209, #1323 ) ;
#1653 = ORIENTED_EDGE ( 'NONE', *, *, #705, .F. ) ;
#1654 = AXIS2_PLACEMENT_3D ( 'NONE', #2187, #975, #1000 ) ;
#1655 = ORIENTED_EDGE ( 'NONE', *, *, #2708, .F. ) ;
#1656 = LINE ( 'NONE', #463, #473 ) ;
#1657 = CIRCLE ( 'NONE', #313, 4.699999999999981526 ) ;
#1658 = FACE_OUTER_BOUND ( 'NONE', #2627, .T. ) ;
#1659 = EDGE_LOOP ( 'NONE', ( #179, #1718, #2000, #900 ) ) ;
#1660 = CARTESIAN_POINT ( 'NONE',  ( -5.353535051189013360E-13, -5.000000000000001776, 463.2000000005743345 ) ) ;
#1661 = VECTOR ( 'NONE', #718, 999.9999999999998863 ) ;
#1662 = FACE_OUTER_BOUND ( 'NONE', #971, .T. ) ;
#1663 = DIRECTION ( 'NONE',  ( -0.000000000000000000, -1.000000000000000000, -0.000000000000000000 ) ) ;
#1664 = DATE_AND_TIME ( #2095, #879 ) ;
#1665 = ORIENTED_EDGE ( 'NONE', *, *, #2162, .F. ) ;
#1666 = EDGE_CURVE ( 'NONE', #2302, #1887, #149, .T. ) ;
#1667 = AXIS2_PLACEMENT_3D ( 'NONE', #580, #2269, #2494 ) ;
#1668 = CONICAL_SURFACE ( 'NONE', #328, 4.699999999999981526, 0.7853981633974482790 ) ;
#1669 = ORIENTED_EDGE ( 'NONE', *, *, #2242, .T. ) ;
#1670 = FACE_OUTER_BOUND ( 'NONE', #1459, .T. ) ;
#1671 = DIRECTION ( 'NONE',  ( -2.637109322142814623E-16, -0.000000000000000000, 1.000000000000000000 ) ) ;
#1672 = VERTEX_POINT ( 'NONE', #2996 ) ;
#1673 = LINE ( 'NONE', #2818, #1084 ) ;
#1674 = PLANE ( 'NONE',  #2545 ) ;
#1675 = EDGE_CURVE ( 'NONE', #2841, #2302, #399, .T. ) ;
#1676 = CC_DESIGN_APPROVAL ( #2771, ( #2568 ) ) ;
#1677 = LOCAL_TIME ( 13, 28, 22.00000000000000000, #756 ) ;
#1678 = CALENDAR_DATE ( 2026, 22, 4 ) ;
#1679 = ORIENTED_EDGE ( 'NONE', *, *, #1941, .T. ) ;
#1680 = EDGE_CURVE ( 'NONE', #370, #2422, #2963, .T. ) ;
#1681 = ORIENTED_EDGE ( 'NONE', *, *, #2472, .F. ) ;
#1682 = LINE ( 'NONE', #2455, #1297 ) ;
#1683 = CARTESIAN_POINT ( 'NONE',  ( -218.0000000000000000, -5.000000000000000000, -208.2500000005757386 ) ) ;
#1684 = ORIENTED_EDGE ( 'NONE', *, *, #694, .T. ) ;
#1685 = DIRECTION ( 'NONE',  ( 0.000000000000000000, 1.000000000000000000, 0.000000000000000000 ) ) ;
#1686 = DIRECTION ( 'NONE',  ( 0.000000000000000000, 0.000000000000000000, -1.000000000000000000 ) ) ;
#1687 = AXIS2_PLACEMENT_3D ( 'NONE', #425, #864, #1073 ) ;
#1688 = CARTESIAN_POINT ( 'NONE',  ( -207.9999999999999432, -5.000000000000000000, -210.5000000005756817 ) ) ;
#1689 = ORIENTED_EDGE ( 'NONE', *, *, #1503, .F. ) ;
#1690 = AXIS2_PLACEMENT_3D ( 'NONE', #1209, #2301, #1590 ) ;
#1691 = ORIENTED_EDGE ( 'NONE', *, *, #657, .T. ) ;
#1692 = LINE ( 'NONE', #625, #1987 ) ;
#1693 = EDGE_CURVE ( 'NONE', #674, #1319, #1462, .T. ) ;
#1694 = LINE ( 'NONE', #2439, #902 ) ;
#1695 = VERTEX_POINT ( 'NONE', #1822 ) ;
#1696 = ADVANCED_FACE ( 'NONE', ( #2765 ), #645, .F. ) ;
#1697 = VECTOR ( 'NONE', #1649, 1000.000000000000000 ) ;
#1698 = DIRECTION ( 'NONE',  ( 0.000000000000000000, 1.000000000000000000, 0.000000000000000000 ) ) ;
#1699 = ADVANCED_FACE ( 'NONE', ( #1124 ), #1418, .F. ) ;
#1700 = AXIS2_PLACEMENT_3D ( 'NONE', #562, #1960, #2902 ) ;
#1701 = DIRECTION ( 'NONE',  ( -0.000000000000000000, -1.000000000000000000, -0.000000000000000000 ) ) ;
#1702 = CONTEXT_DEPENDENT_SHAPE_REPRESENTATION ( #754, #2185 ) ;
#1703 = EDGE_LOOP ( 'NONE', ( #884, #2864, #1043, #1543 ) ) ;
#1704 = APPLICATION_CONTEXT ( 'configuration controlled 3d designs of mechanical parts and assemblies' ) ;
#1705 = ORIENTED_EDGE ( 'NONE', *, *, #521, .F. ) ;
#1706 = EDGE_CURVE ( 'NONE', #2336, #911, #2254, .T. ) ;
#1707 = VECTOR ( 'NONE', #2948, 1000.000000000000114 ) ;
#1708 = DIRECTION ( 'NONE',  ( 0.000000000000000000, 0.000000000000000000, -1.000000000000000000 ) ) ;
#1709 = DIRECTION ( 'NONE',  ( -0.000000000000000000, -1.000000000000000000, -0.000000000000000000 ) ) ;
#1710 = VECTOR ( 'NONE', #1743, 1000.000000000000000 ) ;
#1711 = ORIENTED_EDGE ( 'NONE', *, *, #2940, .T. ) ;
#1712 = DIRECTION ( 'NONE',  ( -0.000000000000000000, -1.000000000000000000, -0.000000000000000000 ) ) ;
#1713 = FACE_OUTER_BOUND ( 'NONE', #1184, .T. ) ;
#1714 = ADVANCED_FACE ( 'NONE', ( #1658 ), #2599, .T. ) ;
#1715 = CYLINDRICAL_SURFACE ( 'NONE', #1566, 2.249999999999974243 ) ;
#1716 = DIRECTION ( 'NONE',  ( 0.000000000000000000, 1.000000000000000000, 0.000000000000000000 ) ) ;
#1717 = SECURITY_CLASSIFICATION_LEVEL ( 'unclassified' ) ;
#1718 = ORIENTED_EDGE ( 'NONE', *, *, #2155, .F. ) ;
#1719 = AXIS2_PLACEMENT_3D ( 'NONE', #2305, #2253, #1107 ) ;
#1720 = ORIENTED_EDGE ( 'NONE', *, *, #1358, .T. ) ;
#1721 = DIRECTION ( 'NONE',  ( 2.637109322142814623E-16, 0.000000000000000000, -1.000000000000000000 ) ) ;
#1722 = DIRECTION ( 'NONE',  ( 8.659560562354930393E-17, -0.7071067811865479058, 0.7071067811865472397 ) ) ;
#1723 = EDGE_CURVE ( 'NONE', #2806, #329, #2798, .T. ) ;
#1724 = ORIENTED_EDGE ( 'NONE', *, *, #1074, .T. ) ;
#1725 = CARTESIAN_POINT ( 'NONE',  ( 257.9999999999999432, 0.000000000000000000, 210.5000000005747722 ) ) ;
#1726 = FACE_BOUND ( 'NONE', #252, .T. ) ;
#1727 = CARTESIAN_POINT ( 'NONE',  ( -5.359290891145005483E-13, -5.000000000000000000, 458.5000000005743459 ) ) ;
#1728 = CYLINDRICAL_SURFACE ( 'NONE', #2973, 2.249999999999974243 ) ;
#1729 = ADVANCED_FACE ( 'NONE', ( #677 ), #1330, .F. ) ;
#1730 = VECTOR ( 'NONE', #781, 1000.000000000000000 ) ;
#1731 = ADVANCED_FACE ( 'NONE', ( #2304 ), #660, .F. ) ;
#1732 = APPROVAL_DATE_TIME ( #2198, #634 ) ;
#1733 = ORIENTED_EDGE ( 'NONE', *, *, #1042, .F. ) ;
#1734 = ORIENTED_EDGE ( 'NONE', *, *, #1675, .F. ) ;
#1735 = DIRECTION ( 'NONE',  ( 1.000000000000000000, -0.000000000000000000, 2.637109322142814623E-16 ) ) ;
#1736 = CIRCLE ( 'NONE', #2342, 2.249999999999974243 ) ;
#1737 = DIRECTION ( 'NONE',  ( -0.000000000000000000, -1.000000000000000000, -0.000000000000000000 ) ) ;
#1738 = AXIS2_PLACEMENT_3D ( 'NONE', #2900, #494, #2385 ) ;
#1739 = ORIENTED_EDGE ( 'NONE', *, *, #1893, .F. ) ;
#1740 = EDGE_LOOP ( 'NONE', ( #1485, #466, #923, #1 ) ) ;
#1741 = FACE_BOUND ( 'NONE', #2562, .T. ) ;
#1742 = AXIS2_PLACEMENT_3D ( 'NONE', #1065, #2012, #2759 ) ;
#1743 = DIRECTION ( 'NONE',  ( 0.000000000000000000, 1.000000000000000000, 0.000000000000000000 ) ) ;
#1744 = DIRECTION ( 'NONE',  ( 8.659560562354930393E-17, -0.7071067811865479058, 0.7071067811865472397 ) ) ;
#1745 = CIRCLE ( 'NONE', #1555, 258.0000000000000000 ) ;
#1746 = DATE_AND_TIME ( #1950, #245 ) ;
#1747 = ORIENTED_EDGE ( 'NONE', *, *, #1680, .F. ) ;
#1748 = EDGE_CURVE ( 'NONE', #2768, #74, #2338, .T. ) ;
#1749 = ORIENTED_EDGE ( 'NONE', *, *, #2725, .F. ) ;
#1750 = DIRECTION ( 'NONE',  ( 0.000000000000000000, 0.000000000000000000, -1.000000000000000000 ) ) ;
#1751 = FACE_OUTER_BOUND ( 'NONE', #1557, .T. ) ;
#1752 = ORIENTED_EDGE ( 'NONE', *, *, #2259, .T. ) ;
#1753 = CARTESIAN_POINT ( 'NONE',  ( -218.0000000000000000, -2.549999999999992273, -210.5000000005757670 ) ) ;
#1754 = FACE_OUTER_BOUND ( 'NONE', #3006, .T. ) ;
#1755 = CARTESIAN_POINT ( 'NONE',  ( -248.0000000000000568, 0.000000000000000000, 210.5000000005738059 ) ) ;
#1756 = CIRCLE ( 'NONE', #433, 258.0000000000000000 ) ;
#1757 = CARTESIAN_POINT ( 'NONE',  ( -5.359290891145005483E-13, -5.000000000000001776, 458.5000000005743459 ) ) ;
#1758 = VERTEX_POINT ( 'NONE', #2321 ) ;
#1759 = CARTESIAN_POINT ( 'NONE',  ( -248.0000000000000568, 0.000000000000000000, 210.5000000005738059 ) ) ;
#1760 = EDGE_CURVE ( 'NONE', #1160, #1880, #2845, .T. ) ;
#1761 = DIRECTION ( 'NONE',  ( 0.000000000000000000, 1.000000000000000000, 0.000000000000000000 ) ) ;
#1762 = ORIENTED_EDGE ( 'NONE', *, *, #2150, .F. ) ;
#1763 = CC_DESIGN_PERSON_AND_ORGANIZATION_ASSIGNMENT ( #2482, #2062, ( #2568 ) ) ;
#1764 = ORIENTED_EDGE ( 'NONE', *, *, #334, .T. ) ;
#1765 = CARTESIAN_POINT ( 'NONE',  ( -218.0000000000000284, -2.549999999999992273, -8.881784197001252323E-13 ) ) ;
#1766 = SECURITY_CLASSIFICATION ( '', '', #2619 ) ;
#1767 = DIRECTION ( 'NONE',  ( -0.000000000000000000, -1.000000000000000000, -0.000000000000000000 ) ) ;
#1768 = EDGE_CURVE ( 'NONE', #1377, #327, #2829, .T. ) ;
#1769 = APPROVAL_PERSON_ORGANIZATION ( #552, #634, #2677 ) ;
#1770 = ORIENTED_EDGE ( 'NONE', *, *, #1693, .F. ) ;
#1771 = CARTESIAN_POINT ( 'NONE',  ( -5.551115123125779547E-14, 0.000000000000000000, 210.5000000005743175 ) ) ;
#1772 = EDGE_CURVE ( 'NONE', #2331, #1489, #1384, .T. ) ;
#1773 = DIRECTION ( 'NONE',  ( 0.000000000000000000, 0.000000000000000000, -1.000000000000000000 ) ) ;
#1774 = CARTESIAN_POINT ( 'NONE',  ( 257.9999999999999432, -5.000000000000000000, 210.5000000005747722 ) ) ;
#1775 = CYLINDRICAL_SURFACE ( 'NONE', #720, 2.250000000000001776 ) ;
#1776 = CARTESIAN_POINT ( 'NONE',  ( 258.0000000000000000, -5.000000000000000000, 4.739383112700257176E-14 ) ) ;
#1777 = DIRECTION ( 'NONE',  ( -0.000000000000000000, -1.000000000000000000, -0.000000000000000000 ) ) ;
#1778 = ORIENTED_EDGE ( 'NONE', *, *, #1842, .T. ) ;
#1779 = CIRCLE ( 'NONE', #2626, 2.250000000000001776 ) ;
#1780 = DATE_TIME_ROLE ( 'creation_date' ) ;
#1781 = ORIENTED_EDGE ( 'NONE', *, *, #1465, .T. ) ;
#1782 = AXIS2_PLACEMENT_3D ( 'NONE', #1125, #1070, #1522 ) ;
#1783 = CARTESIAN_POINT ( 'NONE',  ( -5.359290891145005483E-13, 0.000000000000000000, 456.2500000005743459 ) ) ;
#1784 = DIRECTION ( 'NONE',  ( -0.000000000000000000, -1.000000000000000000, -0.000000000000000000 ) ) ;
#1785 = EDGE_LOOP ( 'NONE', ( #2655, #1329, #686, #1562 ) ) ;
#1786 = EDGE_CURVE ( 'NONE', #3017, #2896, #422, .T. ) ;
#1787 = CARTESIAN_POINT ( 'NONE',  ( -247.9999999999999432, -5.000000000000001776, -210.5000000005757386 ) ) ;
#1788 = FACE_OUTER_BOUND ( 'NONE', #848, .T. ) ;
#1789 = CARTESIAN_POINT ( 'NONE',  ( -5.359290891145005483E-13, 0.000000000000000000, 458.5000000005743459 ) ) ;
#1790 = CIRCLE ( 'NONE', #2183, 2.249999999999974243 ) ;
#1791 = CARTESIAN_POINT ( 'NONE',  ( -4.288327081142070596E-13, -5.000000000000001776, 433.2000000005743345 ) ) ;
#1792 = ORIENTED_EDGE ( 'NONE', *, *, #1233, .T. ) ;
#1793 = EDGE_CURVE ( 'NONE', #2752, #1758, #1157, .T. ) ;
#1794 = DIRECTION ( 'NONE',  ( -0.000000000000000000, -1.000000000000000000, -0.000000000000000000 ) ) ;
#1795 = DIRECTION ( 'NONE',  ( 0.000000000000000000, 0.000000000000000000, -1.000000000000000000 ) ) ;
#1796 = ORIENTED_EDGE ( 'NONE', *, *, #801, .F. ) ;
#1797 = AXIS2_PLACEMENT_3D ( 'NONE', #1058, #2951, #1345 ) ;
#1798 = PERSON_AND_ORGANIZATION ( #515, #2211 ) ;
#1799 = VERTEX_POINT ( 'NONE', #1359 ) ;
#1800 = DIRECTION ( 'NONE',  ( -0.000000000000000000, -1.000000000000000000, -0.000000000000000000 ) ) ;
#1801 = AXIS2_PLACEMENT_3D ( 'NONE', #2337, #2611, #1883 ) ;
#1802 = DIRECTION ( 'NONE',  ( 1.836970198721024511E-16, 0.000000000000000000, -1.000000000000000000 ) ) ;
#1803 = ADVANCED_FACE ( 'NONE', ( #2585 ), #908, .F. ) ;
#1804 = ORIENTED_EDGE ( 'NONE', *, *, #118, .T. ) ;
#1805 = DIRECTION ( 'NONE',  ( -0.000000000000000000, -1.000000000000000000, -0.000000000000000000 ) ) ;
#1806 = DIRECTION ( 'NONE',  ( -0.000000000000000000, -1.000000000000000000, -0.000000000000000000 ) ) ;
#1807 = LINE ( 'NONE', #1322, #1516 ) ;
#1808 = DIRECTION ( 'NONE',  ( 0.000000000000000000, 0.000000000000000000, 1.000000000000000000 ) ) ;
#1809 = ORIENTED_EDGE ( 'NONE', *, *, #1629, .F. ) ;
#1810 = AXIS2_PLACEMENT_3D ( 'NONE', #2978, #1806, #2747 ) ;
#1811 = FACE_OUTER_BOUND ( 'NONE', #22, .T. ) ;
#1812 = EDGE_CURVE ( 'NONE', #2407, #2553, #2528, .T. ) ;
#1813 = DIRECTION ( 'NONE',  ( -0.000000000000000000, -1.000000000000000000, -0.000000000000000000 ) ) ;
#1814 = AXIS2_PLACEMENT_3D ( 'NONE', #1498, #1219, #2163 ) ;
#1815 = ORIENTED_EDGE ( 'NONE', *, *, #851, .T. ) ;
#1816 = ORIENTED_EDGE ( 'NONE', *, *, #2734, .F. ) ;
#1817 = CARTESIAN_POINT ( 'NONE',  ( -218.0000000000000284, -5.000000000000000000, -8.881784197001252323E-13 ) ) ;
#1818 = DIRECTION ( 'NONE',  ( 0.000000000000000000, -0.7071067811865474617, -0.7071067811865474617 ) ) ;
#1819 = EDGE_LOOP ( 'NONE', ( #624, #2441, #192, #519 ) ) ;
#1820 = CIRCLE ( 'NONE', #2416, 2.249999999999974243 ) ;
#1821 = DIRECTION ( 'NONE',  ( 0.000000000000000000, 0.000000000000000000, -1.000000000000000000 ) ) ;
#1822 = CARTESIAN_POINT ( 'NONE',  ( -218.0000000000000000, 0.000000000000000000, -212.7500000005757670 ) ) ;
#1823 = CARTESIAN_POINT ( 'NONE',  ( 2.090880963937666585E-13, -5.000000000000001776, -433.2000000005753009 ) ) ;
#1824 = CARTESIAN_POINT ( 'NONE',  ( -4.294082921098063224E-13, -5.000000000000001776, 428.5000000005743459 ) ) ;
#1825 = LINE ( 'NONE', #406, #351 ) ;
#1826 = DIRECTION ( 'NONE',  ( 0.000000000000000000, 0.000000000000000000, -1.000000000000000000 ) ) ;
#1827 = ORIENTED_EDGE ( 'NONE', *, *, #79, .T. ) ;
#1828 = EDGE_CURVE ( 'NONE', #1937, #2422, #3016, .T. ) ;
#1829 = EDGE_CURVE ( 'NONE', #281, #1190, #1191, .T. ) ;
#1830 = ORIENTED_EDGE ( 'NONE', *, *, #1040, .F. ) ;
#1831 = DIRECTION ( 'NONE',  ( 0.000000000000000000, 0.000000000000000000, -1.000000000000000000 ) ) ;
#1832 = DIRECTION ( 'NONE',  ( 0.000000000000000000, 0.000000000000000000, -1.000000000000000000 ) ) ;
#1833 = EDGE_CURVE ( 'NONE', #2745, #2453, #1083, .T. ) ;
#1834 = CONICAL_SURFACE ( 'NONE', #1687, 4.700000000000009948, 0.7853981633974479459 ) ;
#1835 = EDGE_LOOP ( 'NONE', ( #658, #452 ) ) ;
#1836 = CARTESIAN_POINT ( 'NONE',  ( -5.551115123125779547E-14, -14.00000000000000000, 210.5000000005743175 ) ) ;
#1837 = DIRECTION ( 'NONE',  ( 0.000000000000000000, 0.000000000000000000, -1.000000000000000000 ) ) ;
#1838 = ORIENTED_EDGE ( 'NONE', *, *, #1465, .F. ) ;
#1839 = DIRECTION ( 'NONE',  ( -0.000000000000000000, -1.000000000000000000, -0.000000000000000000 ) ) ;
#1840 = AXIS2_PLACEMENT_3D ( 'NONE', #968, #2316, #196 ) ;
#1841 = CARTESIAN_POINT ( 'NONE',  ( 247.9999999999999432, -5.000000000000001776, 210.5000000005748007 ) ) ;
#1842 = EDGE_CURVE ( 'NONE', #1799, #1882, #755, .T. ) ;
#1843 = VECTOR ( 'NONE', #1476, 999.9999999999998863 ) ;
#1844 = ORIENTED_EDGE ( 'NONE', *, *, #782, .T. ) ;
#1845 = VECTOR ( 'NONE', #2726, 999.9999999999998863 ) ;
#1846 = APPROVAL_ROLE ( '' ) ;
#1847 = EDGE_LOOP ( 'NONE', ( #1650, #1640 ) ) ;
#1848 = DIRECTION ( 'NONE',  ( -0.000000000000000000, -1.000000000000000000, -0.000000000000000000 ) ) ;
#1849 = DIRECTION ( 'NONE',  ( 0.000000000000000000, 1.000000000000000000, 0.000000000000000000 ) ) ;
#1850 = VECTOR ( 'NONE', #1848, 1000.000000000000000 ) ;
#1851 = ADVANCED_FACE ( 'NONE', ( #2203 ), #2633, .F. ) ;
#1852 = EDGE_LOOP ( 'NONE', ( #1211, #3035, #1199, #2108, #1977 ) ) ;
#1853 = AXIS2_PLACEMENT_3D ( 'NONE', #1478, #2206, #1821 ) ;
#1854 = DIRECTION ( 'NONE',  ( 0.000000000000000000, 1.000000000000000000, 0.000000000000000000 ) ) ;
#1855 = DIRECTION ( 'NONE',  ( -1.000000000000000000, 0.000000000000000000, -2.637109322142814623E-16 ) ) ;
#1856 = ORIENTED_EDGE ( 'NONE', *, *, #1833, .T. ) ;
#1857 = DIRECTION ( 'NONE',  ( 0.000000000000000000, 0.000000000000000000, 1.000000000000000000 ) ) ;
#1858 = FACE_BOUND ( 'NONE', #1579, .T. ) ;
#1859 = EDGE_LOOP ( 'NONE', ( #700, #1752, #301, #1934 ) ) ;
#1860 = EDGE_CURVE ( 'NONE', #1620, #2495, #2784, .T. ) ;
#1861 = AXIS2_PLACEMENT_3D ( 'NONE', #1273, #2523, #2731 ) ;
#1862 = SECURITY_CLASSIFICATION_LEVEL ( 'unclassified' ) ;
#1863 = ORIENTED_EDGE ( 'NONE', *, *, #375, .F. ) ;
#1864 = DIRECTION ( 'NONE',  ( 0.000000000000000000, 1.000000000000000000, 0.000000000000000000 ) ) ;
#1865 = DIRECTION ( 'NONE',  ( 0.000000000000000000, 0.000000000000000000, 1.000000000000000000 ) ) ;
#1866 = CC_DESIGN_PERSON_AND_ORGANIZATION_ASSIGNMENT ( #552, #2451, ( #2760 ) ) ;
#1867 = VERTEX_POINT ( 'NONE', #83 ) ;
#1868 = DIRECTION ( 'NONE',  ( 0.000000000000000000, 0.000000000000000000, 1.000000000000000000 ) ) ;
#1869 = EDGE_CURVE ( 'NONE', #143, #67, #39, .T. ) ;
#1870 = DIRECTION ( 'NONE',  ( 0.000000000000000000, 0.000000000000000000, -1.000000000000000000 ) ) ;
#1871 = CARTESIAN_POINT ( 'NONE',  ( 0.000000000000000000, 0.000000000000000000, 0.000000000000000000 ) ) ;
#1872 = APPLICATION_CONTEXT ( 'configuration controlled 3d designs of mechanical parts and assemblies' ) ;
#1873 = EDGE_CURVE ( 'NONE', #143, #1997, #1938, .T. ) ;
#1874 = ORIENTED_EDGE ( 'NONE', *, *, #1924, .T. ) ;
#1875 = DIRECTION ( 'NONE',  ( 0.000000000000000000, 0.000000000000000000, 1.000000000000000000 ) ) ;
#1876 = DIRECTION ( 'NONE',  ( 0.000000000000000000, 0.000000000000000000, -1.000000000000000000 ) ) ;
#1877 = APPROVAL_PERSON_ORGANIZATION ( #63, #2955, #1484 ) ;
#1878 = ORIENTED_EDGE ( 'NONE', *, *, #2808, .F. ) ;
#1879 = APPLICATION_PROTOCOL_DEFINITION ( 'international standard', 'config_control_design', 1994, #1704 ) ;
#1880 = VERTEX_POINT ( 'NONE', #1940 ) ;
#1881 = DIRECTION ( 'NONE',  ( 0.000000000000000000, 0.000000000000000000, 1.000000000000000000 ) ) ;
#1882 = VERTEX_POINT ( 'NONE', #1927 ) ;
#1883 = DIRECTION ( 'NONE',  ( -2.637109322142814623E-16, 0.000000000000000000, 1.000000000000000000 ) ) ;
#1884 = DIRECTION ( 'NONE',  ( -0.000000000000000000, -1.000000000000000000, -0.000000000000000000 ) ) ;
#1885 = DIRECTION ( 'NONE',  ( 0.000000000000000000, 0.000000000000000000, 1.000000000000000000 ) ) ;
#1886 = AXIS2_PLACEMENT_3D ( 'NONE', #2857, #2341, #1161 ) ;
#1887 = VERTEX_POINT ( 'NONE', #733 ) ;
#1888 = CIRCLE ( 'NONE', #1472, 2.249999999999974243 ) ;
#1889 = LINE ( 'NONE', #1192, #254 ) ;
#1890 = EDGE_CURVE ( 'NONE', #2755, #1085, #2488, .T. ) ;
#1891 = DIRECTION ( 'NONE',  ( 0.000000000000000000, 1.000000000000000000, 0.000000000000000000 ) ) ;
#1892 = DIRECTION ( 'NONE',  ( -0.000000000000000000, -1.000000000000000000, -0.000000000000000000 ) ) ;
#1893 = EDGE_CURVE ( 'NONE', #2564, #2011, #1001, .T. ) ;
#1894 = CIRCLE ( 'NONE', #1036, 2.249999999999974243 ) ;
#1895 = APPROVAL_ROLE ( '' ) ;
#1896 = ORIENTED_EDGE ( 'NONE', *, *, #758, .T. ) ;
#1897 = CONICAL_SURFACE ( 'NONE', #554, 4.700000000000009948, 0.7853981633974479459 ) ;
#1898 = ORIENTED_EDGE ( 'NONE', *, *, #2795, .T. ) ;
#1899 = DIRECTION ( 'NONE',  ( 0.000000000000000000, 0.000000000000000000, 1.000000000000000000 ) ) ;
#1900 = VECTOR ( 'NONE', #2243, 999.9999999999998863 ) ;
#1901 = DIRECTION ( 'NONE',  ( 0.000000000000000000, 1.000000000000000000, 0.000000000000000000 ) ) ;
#1902 = EDGE_CURVE ( 'NONE', #391, #1398, #1694, .T. ) ;
#1903 = VECTOR ( 'NONE', #2266, 1000.000000000000000 ) ;
#1904 = ORIENTED_EDGE ( 'NONE', *, *, #705, .T. ) ;
#1905 = DIRECTION ( 'NONE',  ( 0.000000000000000000, 1.000000000000000000, 0.000000000000000000 ) ) ;
#1906 = FACE_OUTER_BOUND ( 'NONE', #1703, .T. ) ;
#1907 = EDGE_CURVE ( 'NONE', #327, #2957, #273, .T. ) ;
#1908 = DATE_TIME_ROLE ( 'creation_date' ) ;
#1909 = ORIENTED_EDGE ( 'NONE', *, *, #619, .T. ) ;
#1910 = CIRCLE ( 'NONE', #1169, 2.249999999999974243 ) ;
#1911 = AXIS2_PLACEMENT_3D ( 'NONE', #1454, #2430, #1208 ) ;
#1912 = ORIENTED_EDGE ( 'NONE', *, *, #2574, .T. ) ;
#1913 = LINE ( 'NONE', #529, #2293 ) ;
#1914 = DIRECTION ( 'NONE',  ( -0.000000000000000000, -1.000000000000000000, -0.000000000000000000 ) ) ;
#1915 = VERTEX_POINT ( 'NONE', #258 ) ;
#1916 = FACE_OUTER_BOUND ( 'NONE', #9, .T. ) ;
#1917 = FACE_BOUND ( 'NONE', #873, .T. ) ;
#1918 = CC_DESIGN_APPROVAL ( #1601, ( #855 ) ) ;
#1919 = PERSON ( 'NAUO-PER1', 'UNSPECIFIED', 'UNSPECIFIED', ('UNSPECIFIED'), ('UNSPECIFIED'), ('UNSPECIFIED') ) ;
#1920 = DIRECTION ( 'NONE',  ( -0.000000000000000000, -1.000000000000000000, -0.000000000000000000 ) ) ;
#1921 = EDGE_CURVE ( 'NONE', #1758, #2407, #1968, .T. ) ;
#1922 = PERSON_AND_ORGANIZATION ( #515, #2211 ) ;
#1923 = EDGE_LOOP ( 'NONE', ( #2724, #2050, #1296, #2061 ) ) ;
#1924 = EDGE_CURVE ( 'NONE', #2312, #1620, #2145, .T. ) ;
#1925 = ORIENTED_EDGE ( 'NONE', *, *, #891, .F. ) ;
#1926 = CARTESIAN_POINT ( 'NONE',  ( 248.0000000000000568, -5.000000000000001776, -210.5000000005747438 ) ) ;
#1927 = CARTESIAN_POINT ( 'NONE',  ( -4.288327081142070596E-13, -5.000000000000001776, 433.2000000005743345 ) ) ;
#1928 = VERTEX_POINT ( 'NONE', #1254 ) ;
#1929 = CIRCLE ( 'NONE', #1282, 2.250000000000001776 ) ;
#1930 = FACE_OUTER_BOUND ( 'NONE', #125, .T. ) ;
#1931 = VECTOR ( 'NONE', #548, 999.9999999999998863 ) ;
#1932 = CARTESIAN_POINT ( 'NONE',  ( -258.0000000000000568, 0.000000000000000000, 210.5000000005738343 ) ) ;
#1933 = EDGE_CURVE ( 'NONE', #2452, #2695, #16, .T. ) ;
#1934 = ORIENTED_EDGE ( 'NONE', *, *, #1503, .T. ) ;
#1935 = VECTOR ( 'NONE', #1818, 1000.000000000000114 ) ;
#1936 = PRODUCT_DEFINITION_SHAPE ( 'NONE', 'NONE',  #983 ) ;
#1937 = VERTEX_POINT ( 'NONE', #2885 ) ;
#1938 = CIRCLE ( 'NONE', #3030, 2.250000000000001776 ) ;
#1939 = FACE_OUTER_BOUND ( 'NONE', #1659, .T. ) ;
#1940 = CARTESIAN_POINT ( 'NONE',  ( 262.9999999999999432, 0.000000000000000000, 210.5000000005748575 ) ) ;
#1941 = EDGE_CURVE ( 'NONE', #2489, #2312, #358, .T. ) ;
#1942 = ORIENTED_EDGE ( 'NONE', *, *, #1375, .T. ) ;
#1943 = AXIS2_PLACEMENT_3D ( 'NONE', #1926, #2623, #1475 ) ;
#1944 = DIRECTION ( 'NONE',  ( 0.000000000000000000, 0.000000000000000000, -1.000000000000000000 ) ) ;
#1945 = DIRECTION ( 'NONE',  ( 0.000000000000000000, 0.000000000000000000, 1.000000000000000000 ) ) ;
#1946 = CIRCLE ( 'NONE', #267, 2.250000000000001776 ) ;
#1947 = FACE_OUTER_BOUND ( 'NONE', #495, .T. ) ;
#1948 = AXIS2_PLACEMENT_3D ( 'NONE', #2764, #2001, #383 ) ;
#1949 = CARTESIAN_POINT ( 'NONE',  ( -218.0000000000000568, -5.000000000000000000, 210.5000000005739480 ) ) ;
#1950 = CALENDAR_DATE ( 2026, 22, 4 ) ;
#1951 = ORIENTED_EDGE ( 'NONE', *, *, #2345, .F. ) ;
#1952 = EDGE_CURVE ( 'NONE', #589, #2437, #795, .T. ) ;
#1953 = ORIENTED_EDGE ( 'NONE', *, *, #2962, .F. ) ;
#1954 = AXIS2_PLACEMENT_3D ( 'NONE', #1824, #862, #1510 ) ;
#1955 = DIRECTION ( 'NONE',  ( 8.659560562354930393E-17, -0.7071067811865479058, 0.7071067811865472397 ) ) ;
#1956 = CYLINDRICAL_SURFACE ( 'NONE', #1738, 258.0000000000000000 ) ;
#1957 = AXIS2_PLACEMENT_3D ( 'NONE', #2659, #549, #2447 ) ;
#1958 = ORIENTED_EDGE ( 'NONE', *, *, #1829, .T. ) ;
#1959 = ADVANCED_FACE ( 'NONE', ( #70 ), #1956, .T. ) ;
#1960 = DIRECTION ( 'NONE',  ( -0.000000000000000000, -1.000000000000000000, -0.000000000000000000 ) ) ;
#1961 = LINE ( 'NONE', #1243, #208 ) ;
#1962 = LINE ( 'NONE', #979, #2458 ) ;
#1963 = LINE ( 'NONE', #582, #1393 ) ;
#1964 = PRODUCT_DEFINITION_SHAPE ( 'NONE', 'NONE',  #3063 ) ;
#1965 = DATE_AND_TIME ( #512, #1677 ) ;
#1966 = ORIENTED_EDGE ( 'NONE', *, *, #2586, .F. ) ;
#1967 = CARTESIAN_POINT ( 'NONE',  ( 218.0000000000000568, -5.000000000000000000, -210.5000000005747438 ) ) ;
#1968 = LINE ( 'NONE', #318, #2392 ) ;
#1969 = ORIENTED_EDGE ( 'NONE', *, *, #891, .T. ) ;
#1970 = CYLINDRICAL_SURFACE ( 'NONE', #1700, 2.249999999999974243 ) ;
#1971 = FACE_BOUND ( 'NONE', #934, .T. ) ;
#1972 = DIRECTION ( 'NONE',  ( 0.000000000000000000, 0.000000000000000000, -1.000000000000000000 ) ) ;
#1973 = DIRECTION ( 'NONE',  ( 0.000000000000000000, 0.000000000000000000, -1.000000000000000000 ) ) ;
#1974 = ADVANCED_FACE ( 'NONE', ( #2624 ), #504, .F. ) ;
#1975 = VECTOR ( 'NONE', #2833, 1000.000000000000000 ) ;
#1976 = ORIENTED_EDGE ( 'NONE', *, *, #355, .F. ) ;
#1977 = ORIENTED_EDGE ( 'NONE', *, *, #1371, .T. ) ;
#1978 = CARTESIAN_POINT ( 'NONE',  ( -218.0000000000000000, -5.000000000000001776, -215.2000000005757556 ) ) ;
#1979 = VECTOR ( 'NONE', #1980, 1000.000000000000000 ) ;
#1980 = DIRECTION ( 'NONE',  ( 2.637109322142814623E-16, 0.000000000000000000, -1.000000000000000000 ) ) ;
#1981 = AXIS2_PLACEMENT_3D ( 'NONE', #2854, #1709, #285 ) ;
#1982 = ORIENTED_EDGE ( 'NONE', *, *, #1986, .F. ) ;
#1983 = PERSON ( 'NAUO-PER3', 'UNSPECIFIED', 'UNSPECIFIED', ('UNSPECIFIED'), ('UNSPECIFIED'), ('UNSPECIFIED') ) ;
#1984 = FACE_OUTER_BOUND ( 'NONE', #1740, .T. ) ;
#1985 = DIRECTION ( 'NONE',  ( -0.000000000000000000, -1.000000000000000000, -0.000000000000000000 ) ) ;
#1986 = EDGE_CURVE ( 'NONE', #2910, #260, #1038, .T. ) ;
#1987 = VECTOR ( 'NONE', #2278, 1000.000000000000000 ) ;
#1988 = CARTESIAN_POINT ( 'NONE',  ( -218.0000000000000284, 0.000000000000000000, -8.881784197001252323E-13 ) ) ;
#1989 = CC_DESIGN_PERSON_AND_ORGANIZATION_ASSIGNMENT ( #474, #2110, ( #2952 ) ) ;
#1990 = DIRECTION ( 'NONE',  ( 0.000000000000000000, 1.000000000000000000, 0.000000000000000000 ) ) ;
#1991 = VECTOR ( 'NONE', #2938, 1000.000000000000000 ) ;
#1992 = CARTESIAN_POINT ( 'NONE',  ( -5.359290891145005483E-13, -5.000000000000001776, 453.8000000005743573 ) ) ;
#1993 = AXIS2_PLACEMENT_3D ( 'NONE', #1558, #398, #1336 ) ;
#1994 = ORIENTED_EDGE ( 'NONE', *, *, #1873, .T. ) ;
#1995 = EDGE_CURVE ( 'NONE', #74, #48, #1292, .T. ) ;
#1996 = EDGE_CURVE ( 'NONE', #84, #109, #751, .T. ) ;
#1997 = VERTEX_POINT ( 'NONE', #806 ) ;
#1998 = DIRECTION ( 'NONE',  ( -0.000000000000000000, -1.000000000000000000, -0.000000000000000000 ) ) ;
#1999 = DIRECTION ( 'NONE',  ( 0.000000000000000000, 0.000000000000000000, -1.000000000000000000 ) ) ;
#2000 = ORIENTED_EDGE ( 'NONE', *, *, #765, .T. ) ;
#2001 = DIRECTION ( 'NONE',  ( 0.000000000000000000, 1.000000000000000000, 0.000000000000000000 ) ) ;
#2002 = CYLINDRICAL_SURFACE ( 'NONE', #814, 2.249999999999974243 ) ;
#2003 = DIRECTION ( 'NONE',  ( 8.659560562354930393E-17, -0.7071067811865479058, 0.7071067811865472397 ) ) ;
#2004 = AXIS2_PLACEMENT_3D ( 'NONE', #1593, #1884, #3046 ) ;
#2005 = CARTESIAN_POINT ( 'NONE',  ( 2.090880963937666585E-13, -5.000000000000001776, -433.2000000005753009 ) ) ;
#2006 = ORIENTED_EDGE ( 'NONE', *, *, #861, .F. ) ;
#2007 = DIRECTION ( 'NONE',  ( 0.000000000000000000, 0.000000000000000000, -1.000000000000000000 ) ) ;
#2008 = DIRECTION ( 'NONE',  ( -0.000000000000000000, -1.000000000000000000, -0.000000000000000000 ) ) ;
#2009 = ORIENTED_EDGE ( 'NONE', *, *, #1333, .T. ) ;
#2010 = CALENDAR_DATE ( 2026, 22, 4 ) ;
#2011 = VERTEX_POINT ( 'NONE', #111 ) ;
#2012 = DIRECTION ( 'NONE',  ( 0.000000000000000000, 1.000000000000000000, 0.000000000000000000 ) ) ;
#2013 = CC_DESIGN_APPROVAL ( #2691, ( #1766 ) ) ;
#2014 = CARTESIAN_POINT ( 'NONE',  ( -247.9999999999999432, -5.000000000000000000, -210.5000000005757386 ) ) ;
#2015 = ORIENTED_EDGE ( 'NONE', *, *, #1004, .F. ) ;
#2016 = CARTESIAN_POINT ( 'NONE',  ( 247.9999999999999432, -2.549999999999992273, 208.2500000005748291 ) ) ;
#2017 = DIRECTION ( 'NONE',  ( -0.000000000000000000, -1.000000000000000000, -0.000000000000000000 ) ) ;
#2018 = FACE_OUTER_BOUND ( 'NONE', #540, .T. ) ;
#2019 = CARTESIAN_POINT ( 'NONE',  ( 218.0000000000000568, 0.000000000000000000, 2.250000000000029754 ) ) ;
#2020 = ORIENTED_EDGE ( 'NONE', *, *, #1629, .T. ) ;
#2021 = CARTESIAN_POINT ( 'NONE',  ( -218.0000000000000000, 0.000000000000000000, -208.2500000005757386 ) ) ;
#2022 = CARTESIAN_POINT ( 'NONE',  ( -218.0000000000000000, -5.000000000000001776, -215.2000000005757556 ) ) ;
#2023 = ORIENTED_EDGE ( 'NONE', *, *, #261, .F. ) ;
#2024 = ADVANCED_FACE ( 'NONE', ( #1506 ), #1200, .F. ) ;
#2025 = CIRCLE ( 'NONE', #1886, 4.699999999999981526 ) ;
#2026 = PERSON_AND_ORGANIZATION_ROLE ( 'design_owner' ) ;
#2027 = ORIENTED_EDGE ( 'NONE', *, *, #372, .F. ) ;
#2028 = VECTOR ( 'NONE', #2732, 1000.000000000000000 ) ;
#2029 = DIRECTION ( 'NONE',  ( -0.000000000000000000, -1.000000000000000000, -0.000000000000000000 ) ) ;
#2030 = CARTESIAN_POINT ( 'NONE',  ( -218.0000000000000000, -5.000000000000000000, -212.7500000005757670 ) ) ;
#2031 = ORIENTED_EDGE ( 'NONE', *, *, #3001, .F. ) ;
#2032 = DIRECTION ( 'NONE',  ( 0.000000000000000000, 0.000000000000000000, -1.000000000000000000 ) ) ;
#2033 = ADVANCED_FACE ( 'NONE', ( #1751 ), #164, .T. ) ;
#2034 = CARTESIAN_POINT ( 'NONE',  ( -248.0000000000000568, -5.000000000000000000, 212.7500000005738059 ) ) ;
#2035 = DIRECTION ( 'NONE',  ( -0.000000000000000000, -1.000000000000000000, -0.000000000000000000 ) ) ;
#2036 = CIRCLE ( 'NONE', #2727, 263.0000000000000000 ) ;
#2037 = CARTESIAN_POINT ( 'NONE',  ( -248.0000000000000000, -5.000000000000001776, -9.714451465470119729E-13 ) ) ;
#2038 = VERTEX_POINT ( 'NONE', #2698 ) ;
#2039 = DIRECTION ( 'NONE',  ( -0.000000000000000000, -1.000000000000000000, -0.000000000000000000 ) ) ;
#2040 = LINE ( 'NONE', #2986, #1045 ) ;
#2041 = EDGE_LOOP ( 'NONE', ( #1830, #833, #3025, #2549 ) ) ;
#2042 = CIRCLE ( 'NONE', #2883, 2.250000000000001776 ) ;
#2043 = VECTOR ( 'NONE', #2606, 1000.000000000000000 ) ;
#2044 = APPROVAL_ROLE ( '' ) ;
#2045 = ORIENTED_EDGE ( 'NONE', *, *, #2259, .F. ) ;
#2046 = EDGE_CURVE ( 'NONE', #1513, #2129, #507, .T. ) ;
#2047 = DIRECTION ( 'NONE',  ( -0.000000000000000000, -1.000000000000000000, -0.000000000000000000 ) ) ;
#2048 = AXIS2_PLACEMENT_3D ( 'NONE', #675, #659, #1899 ) ;
#2049 = DIRECTION ( 'NONE',  ( 0.000000000000000000, 0.000000000000000000, -1.000000000000000000 ) ) ;
#2050 = ORIENTED_EDGE ( 'NONE', *, *, #218, .T. ) ;
#2051 = CARTESIAN_POINT ( 'NONE',  ( 5.551115123125779547E-14, -5.000000000000000000, -210.5000000005752554 ) ) ;
#2052 = CARTESIAN_POINT ( 'NONE',  ( -263.0000000000000000, -14.00000000000000000, -9.578070179992912160E-13 ) ) ;
#2053 = CARTESIAN_POINT ( 'NONE',  ( 218.0000000000000568, -5.000000000000001776, -215.2000000005747609 ) ) ;
#2054 = EDGE_CURVE ( 'NONE', #2422, #2820, #2279, .T. ) ;
#2055 = CYLINDRICAL_SURFACE ( 'NONE', #922, 2.249999999999974243 ) ;
#2056 = EDGE_LOOP ( 'NONE', ( #2434, #2687, #1197, #2247 ) ) ;
#2057 = AXIS2_PLACEMENT_3D ( 'NONE', #1578, #1523, #1291 ) ;
#2058 = FACE_OUTER_BOUND ( 'NONE', #2056, .T. ) ;
#2059 = CARTESIAN_POINT ( 'NONE',  ( -248.0000000000000568, -5.000000000000001776, 205.8000000005737888 ) ) ;
#2060 = VECTOR ( 'NONE', #1008, 1000.000000000000000 ) ;
#2061 = ORIENTED_EDGE ( 'NONE', *, *, #2858, .F. ) ;
#2062 = PERSON_AND_ORGANIZATION_ROLE ( 'creator' ) ;
#2063 = VERTEX_POINT ( 'NONE', #2743 ) ;
#2064 = CARTESIAN_POINT ( 'NONE',  ( -218.0000000000000284, -5.000000000000001776, -8.881784197001252323E-13 ) ) ;
#2065 = LINE ( 'NONE', #3008, #2390 ) ;
#2066 = ORIENTED_EDGE ( 'NONE', *, *, #1893, .T. ) ;
#2067 = APPROVAL_PERSON_ORGANIZATION ( #2393, #410, #2153 ) ;
#2068 = CARTESIAN_POINT ( 'NONE',  ( 218.0000000000000568, -5.000000000000000000, -208.2500000005747438 ) ) ;
#2069 = DIRECTION ( 'NONE',  ( -0.000000000000000000, -1.000000000000000000, -0.000000000000000000 ) ) ;
#2070 = DIRECTION ( 'NONE',  ( 0.000000000000000000, 1.000000000000000000, 0.000000000000000000 ) ) ;
#2071 = ORIENTED_EDGE ( 'NONE', *, *, #956, .F. ) ;
#2072 = LINE ( 'NONE', #1776, #1644 ) ;
#2073 = DIRECTION ( 'NONE',  ( 0.000000000000000000, 0.000000000000000000, 1.000000000000000000 ) ) ;
#2074 = ORIENTED_EDGE ( 'NONE', *, *, #1164, .T. ) ;
#2075 = ADVANCED_FACE ( 'NONE', ( #2683 ), #2928, .F. ) ;
#2076 = COORDINATED_UNIVERSAL_TIME_OFFSET ( 1, 0, .AHEAD. ) ;
#2077 = VERTEX_POINT ( 'NONE', #1303 ) ;
#2078 = DIRECTION ( 'NONE',  ( -0.000000000000000000, -1.000000000000000000, -0.000000000000000000 ) ) ;
#2079 = CARTESIAN_POINT ( 'NONE',  ( -5.356535435846923879E-13, -5.000000000000000000, 460.7500000005742891 ) ) ;
#2080 = CONICAL_SURFACE ( 'NONE', #2773, 4.699999999999981526, 0.7853981633974482790 ) ;
#2081 = VERTEX_POINT ( 'NONE', #2943 ) ;
#2082 = DIRECTION ( 'NONE',  ( -0.000000000000000000, -1.000000000000000000, -0.000000000000000000 ) ) ;
#2083 = DIRECTION ( 'NONE',  ( 0.000000000000000000, 1.000000000000000000, 0.000000000000000000 ) ) ;
#2084 = DIRECTION ( 'NONE',  ( 0.000000000000000000, 0.000000000000000000, 1.000000000000000000 ) ) ;
#2085 = VERTEX_POINT ( 'NONE', #331 ) ;
#2086 = EDGE_CURVE ( 'NONE', #404, #237, #2435, .T. ) ;
#2087 = CARTESIAN_POINT ( 'NONE',  ( -258.0000000000000568, -14.00000000000000000, 210.5000000005738343 ) ) ;
#2088 = VECTOR ( 'NONE', #362, 1000.000000000000000 ) ;
#2089 = CARTESIAN_POINT ( 'NONE',  ( 2.090880963937666585E-13, -2.549999999999992273, -428.5000000005753122 ) ) ;
#2090 = AXIS2_PLACEMENT_3D ( 'NONE', #2400, #746, #2158 ) ;
#2091 = APPROVAL ( #2909, 'UNKNOWN' ) ;
#2092 = EDGE_LOOP ( 'NONE', ( #2810, #1235 ) ) ;
#2093 = CIRCLE ( 'NONE', #2977, 208.0000000000000000 ) ;
#2094 = EDGE_CURVE ( 'NONE', #1695, #1548, #1081, .T. ) ;
#2095 = CALENDAR_DATE ( 2026, 22, 4 ) ;
#2096 = VERTEX_POINT ( 'NONE', #1066 ) ;
#2097 = DIRECTION ( 'NONE',  ( 0.000000000000000000, 0.000000000000000000, 1.000000000000000000 ) ) ;
#2098 = CARTESIAN_POINT ( 'NONE',  ( -5.359290891145005483E-13, -5.000000000000001776, 453.8000000005743573 ) ) ;
#2099 = EDGE_CURVE ( 'NONE', #2850, #2354, #573, .T. ) ;
#2100 = ORIENTED_EDGE ( 'NONE', *, *, #1237, .F. ) ;
#2101 = CIRCLE ( 'NONE', #2934, 258.0000000000000000 ) ;
#2102 = CARTESIAN_POINT ( 'NONE',  ( 2.090880963937666585E-13, 0.000000000000000000, -430.7500000005752554 ) ) ;
#2103 = DIRECTION ( 'NONE',  ( 0.000000000000000000, 1.000000000000000000, 0.000000000000000000 ) ) ;
#2104 = ORIENTED_EDGE ( 'NONE', *, *, #1392, .T. ) ;
#2105 = CARTESIAN_POINT ( 'NONE',  ( 247.9999999999999432, -2.549999999999992273, 210.5000000005748007 ) ) ;
#2106 = DIRECTION ( 'NONE',  ( -0.000000000000000000, -1.000000000000000000, -0.000000000000000000 ) ) ;
#2107 = CIRCLE ( 'NONE', #32, 4.700000000000009948 ) ;
#2108 = ORIENTED_EDGE ( 'NONE', *, *, #538, .T. ) ;
#2109 = CIRCLE ( 'NONE', #482, 2.250000000000001776 ) ;
#2110 = PERSON_AND_ORGANIZATION_ROLE ( 'design_supplier' ) ;
#2111 = EDGE_LOOP ( 'NONE', ( #1595, #561, #2622, #1256 ) ) ;
#2112 = CARTESIAN_POINT ( 'NONE',  ( -5.551115123125779547E-14, -14.00000000000000000, 210.5000000005743175 ) ) ;
#2113 = ADVANCED_FACE ( 'NONE', ( #2711 ), #588, .F. ) ;
#2114 = ORIENTED_EDGE ( 'NONE', *, *, #253, .T. ) ;
#2115 = DIRECTION ( 'NONE',  ( 0.000000000000000000, 1.000000000000000000, 0.000000000000000000 ) ) ;
#2116 = DIRECTION ( 'NONE',  ( 0.000000000000000000, 1.000000000000000000, 0.000000000000000000 ) ) ;
#2117 = DIRECTION ( 'NONE',  ( 0.000000000000000000, 0.000000000000000000, 1.000000000000000000 ) ) ;
#2118 = ADVANCED_FACE ( 'NONE', ( #2728 ), #607, .T. ) ;
#2119 = ORIENTED_EDGE ( 'NONE', *, *, #201, .T. ) ;
#2120 = DIRECTION ( 'NONE',  ( 8.659560562354930393E-17, -0.7071067811865479058, 0.7071067811865472397 ) ) ;
#2121 = AXIS2_PLACEMENT_3D ( 'NONE', #3029, #2117, #2557 ) ;
#2122 = FACE_BOUND ( 'NONE', #735, .T. ) ;
#2123 = CC_DESIGN_SECURITY_CLASSIFICATION ( #2760, ( #3064 ) ) ;
#2124 = LINE ( 'NONE', #2192, #426 ) ;
#2125 = CALENDAR_DATE ( 2026, 22, 4 ) ;
#2126 = EDGE_LOOP ( 'NONE', ( #1711, #2971, #2515, #997 ) ) ;
#2127 = ADVANCED_FACE ( 'NONE', ( #345 ), #1147, .F. ) ;
#2128 = AXIS2_PLACEMENT_3D ( 'NONE', #1626, #450, #2356 ) ;
#2129 = VERTEX_POINT ( 'NONE', #2519 ) ;
#2130 = CARTESIAN_POINT ( 'NONE',  ( 2.302225383886073086E-13, -5.000000000000001776, -458.5000000005751986 ) ) ;
#2131 = DIRECTION ( 'NONE',  ( -0.000000000000000000, -1.000000000000000000, -0.000000000000000000 ) ) ;
#2132 = AXIS2_PLACEMENT_3D ( 'NONE', #292, #1262, #2449 ) ;
#2133 = ORIENTED_EDGE ( 'NONE', *, *, #1154, .F. ) ;
#2134 = EDGE_CURVE ( 'NONE', #815, #1928, #1736, .T. ) ;
#2135 = CONICAL_SURFACE ( 'NONE', #13, 4.699999999999981526, 0.7853981633974479459 ) ;
#2136 = DIRECTION ( 'NONE',  ( -5.274218644285629246E-16, -0.000000000000000000, 1.000000000000000000 ) ) ;
#2137 = FACE_OUTER_BOUND ( 'NONE', #505, .T. ) ;
#2138 = AXIS2_PLACEMENT_3D ( 'NONE', #2425, #1202, #2868 ) ;
#2139 = APPROVAL_DATE_TIME ( #1652, #410 ) ;
#2140 = EDGE_LOOP ( 'NONE', ( #360, #1117 ) ) ;
#2141 = AXIS2_PLACEMENT_3D ( 'NONE', #1765, #2248, #414 ) ;
#2142 = ORIENTED_EDGE ( 'NONE', *, *, #942, .F. ) ;
#2143 = FACE_OUTER_BOUND ( 'NONE', #2426, .T. ) ;
#2144 = CONICAL_SURFACE ( 'NONE', #802, 4.699999999999981526, 0.7853981633974479459 ) ;
#2145 = LINE ( 'NONE', #2641, #602 ) ;
#2146 = CC_DESIGN_PERSON_AND_ORGANIZATION_ASSIGNMENT ( #1148, #2608, ( #570 ) ) ;
#2147 = CIRCLE ( 'NONE', #23, 2.249999999999974243 ) ;
#2148 = EDGE_LOOP ( 'NONE', ( #821, #1518 ) ) ;
#2149 = FACE_OUTER_BOUND ( 'NONE', #477, .T. ) ;
#2150 = EDGE_CURVE ( 'NONE', #2572, #2957, #600, .T. ) ;
#2151 = DIRECTION ( 'NONE',  ( -0.000000000000000000, -1.000000000000000000, -0.000000000000000000 ) ) ;
#2152 = CARTESIAN_POINT ( 'NONE',  ( 218.0000000000000568, -5.000000000000000000, 208.2500000005748007 ) ) ;
#2153 = APPROVAL_ROLE ( '' ) ;
#2154 = ORIENTED_EDGE ( 'NONE', *, *, #159, .T. ) ;
#2155 = EDGE_CURVE ( 'NONE', #202, #327, #411, .T. ) ;
#2156 = ORIENTED_EDGE ( 'NONE', *, *, #226, .F. ) ;
#2157 = LINE ( 'NONE', #298, #2838 ) ;
#2158 = DIRECTION ( 'NONE',  ( 0.000000000000000000, 0.000000000000000000, 1.000000000000000000 ) ) ;
#2159 = ORIENTED_EDGE ( 'NONE', *, *, #3024, .F. ) ;
#2160 = UNCERTAINTY_MEASURE_WITH_UNIT (LENGTH_MEASURE( 1.000000000000000082E-05 ), #2814, 'distance_accuracy_value', 'NONE');
#2161 = FACE_BOUND ( 'NONE', #2199, .T. ) ;
#2162 = EDGE_CURVE ( 'NONE', #1553, #2841, #2780, .T. ) ;
#2163 = DIRECTION ( 'NONE',  ( 0.000000000000000000, 0.000000000000000000, -1.000000000000000000 ) ) ;
#2164 = SECURITY_CLASSIFICATION ( '', '', #1364 ) ;
#2165 = DIRECTION ( 'NONE',  ( 0.000000000000000000, 0.000000000000000000, 1.000000000000000000 ) ) ;
#2166 = PRODUCT_DEFINITION_FORMATION_WITH_SPECIFIED_SOURCE ( 'ANY', '', #1443, .NOT_KNOWN. ) ;
#2167 = APPROVAL_DATE_TIME ( #1012, #2955 ) ;
#2168 = ORIENTED_EDGE ( 'NONE', *, *, #253, .F. ) ;
#2169 = EDGE_CURVE ( 'NONE', #2841, #1553, #1290, .T. ) ;
#2170 = ORIENTED_EDGE ( 'NONE', *, *, #2679, .T. ) ;
#2171 = CARTESIAN_POINT ( 'NONE',  ( 258.0000000000000000, -5.000000000000000000, 4.739383112700257176E-14 ) ) ;
#2172 = DIRECTION ( 'NONE',  ( -0.000000000000000000, -1.000000000000000000, -0.000000000000000000 ) ) ;
#2173 = EDGE_LOOP ( 'NONE', ( #1762, #965 ) ) ;
#2174 = DIRECTION ( 'NONE',  ( 0.000000000000000000, 0.000000000000000000, 1.000000000000000000 ) ) ;
#2175 = CYLINDRICAL_SURFACE ( 'NONE', #698, 263.0000000000000000 ) ;
#2176 = AXIS2_PLACEMENT_3D ( 'NONE', #2541, #1361, #2007 ) ;
#2177 = CARTESIAN_POINT ( 'NONE',  ( -258.0000000000000568, 0.000000000000000000, 210.5000000005738343 ) ) ;
#2178 = ADVANCED_FACE ( 'NONE', ( #2632 ), #3023, .F. ) ;
#2179 = AXIS2_PLACEMENT_3D ( 'NONE', #2964, #2035, #2539 ) ;
#2180 = LINE ( 'NONE', #1011, #1730 ) ;
#2181 = SECURITY_CLASSIFICATION_LEVEL ( 'unclassified' ) ;
#2182 = ORIENTED_EDGE ( 'NONE', *, *, #201, .F. ) ;
#2183 = AXIS2_PLACEMENT_3D ( 'NONE', #2937, #524, #2225 ) ;
#2184 = EDGE_CURVE ( 'NONE', #1928, #815, #1492, .T. ) ;
#2185 = PRODUCT_DEFINITION_SHAPE ( 'NONE', 'NONE',  #3062 ) ;
#2186 = EDGE_LOOP ( 'NONE', ( #2865, #2182, #1055, #807 ) ) ;
#2187 = CARTESIAN_POINT ( 'NONE',  ( -4.294082921098063224E-13, -5.000000000000000000, 428.5000000005743459 ) ) ;
#2188 = DIRECTION ( 'NONE',  ( 0.000000000000000000, 1.000000000000000000, 0.000000000000000000 ) ) ;
#2189 = CIRCLE ( 'NONE', #1097, 258.0000000000000000 ) ;
#2190 = ORIENTED_EDGE ( 'NONE', *, *, #2661, .T. ) ;
#2191 = AXIS2_PLACEMENT_3D ( 'NONE', #1547, #1777, #356 ) ;
#2192 = CARTESIAN_POINT ( 'NONE',  ( -258.0000000000000568, -5.000000000000000000, 210.5000000005738343 ) ) ;
#2193 = FACE_OUTER_BOUND ( 'NONE', #2228, .T. ) ;
#2194 = CONICAL_SURFACE ( 'NONE', #1406, 4.700000000000009948, 0.7853981633974479459 ) ;
#2195 = CARTESIAN_POINT ( 'NONE',  ( -5.551115123125779547E-14, 0.000000000000000000, 210.5000000005743175 ) ) ;
#2196 = AXIS2_PLACEMENT_3D ( 'NONE', #1641, #257, #2828 ) ;
#2197 = CARTESIAN_POINT ( 'NONE',  ( -247.9999999999999432, -5.000000000000001776, -205.8000000005757215 ) ) ;
#2198 = DATE_AND_TIME ( #1249, #1633 ) ;
#2199 = EDGE_LOOP ( 'NONE', ( #2100, #669 ) ) ;
#2200 = ORIENTED_EDGE ( 'NONE', *, *, #1087, .T. ) ;
#2201 = CIRCLE ( 'NONE', #1115, 2.250000000000001776 ) ;
#2202 = DIRECTION ( 'NONE',  ( 0.000000000000000000, 0.000000000000000000, 1.000000000000000000 ) ) ;
#2203 = FACE_OUTER_BOUND ( 'NONE', #890, .T. ) ;
#2204 = CONICAL_SURFACE ( 'NONE', #1118, 4.700000000000009948, 0.7853981633974479459 ) ;
#2205 = EDGE_LOOP ( 'NONE', ( #2924, #184, #553, #418 ) ) ;
#2206 = DIRECTION ( 'NONE',  ( -0.000000000000000000, -1.000000000000000000, -0.000000000000000000 ) ) ;
#2207 = ADVANCED_FACE ( 'NONE', ( #903 ), #642, .F. ) ;
#2208 = FACE_BOUND ( 'NONE', #856, .T. ) ;
#2209 = CARTESIAN_POINT ( 'NONE',  ( -263.0000000000000000, 0.000000000000000000, -9.578070179992912160E-13 ) ) ;
#2210 = CARTESIAN_POINT ( 'NONE',  ( 257.9999999999999432, -5.000000000000000000, 210.5000000005747722 ) ) ;
#2211 = ORGANIZATION ( 'UNSPECIFIED', 'UNSPECIFIED', '' ) ;
#2212 = APPROVAL_STATUS ( 'not_yet_approved' ) ;
#2213 = ORIENTED_EDGE ( 'NONE', *, *, #2950, .T. ) ;
#2214 = EDGE_LOOP ( 'NONE', ( #627, #93, #269, #601 ) ) ;
#2215 = EDGE_CURVE ( 'NONE', #1167, #2755, #2065, .T. ) ;
#2216 = CARTESIAN_POINT ( 'NONE',  ( 248.0000000000000568, -5.000000000000001776, -215.2000000005747324 ) ) ;
#2217 = DIRECTION ( 'NONE',  ( 8.659560562354930393E-17, -0.7071067811865479058, 0.7071067811865472397 ) ) ;
#2218 = ORIENTED_EDGE ( 'NONE', *, *, #2487, .F. ) ;
#2219 = CARTESIAN_POINT ( 'NONE',  ( -218.0000000000000568, -5.000000000000001776, 210.5000000005739480 ) ) ;
#2220 = CARTESIAN_POINT ( 'NONE',  ( -5.551115123125779547E-14, -14.00000000000000000, 210.5000000005743175 ) ) ;
#2221 = DIRECTION ( 'NONE',  ( 0.000000000000000000, 0.000000000000000000, -1.000000000000000000 ) ) ;
#2222 = EDGE_CURVE ( 'NONE', #1167, #742, #3026, .T. ) ;
#2223 = DIRECTION ( 'NONE',  ( -0.000000000000000000, -1.000000000000000000, -0.000000000000000000 ) ) ;
#2224 = VECTOR ( 'NONE', #2103, 1000.000000000000000 ) ;
#2225 = DIRECTION ( 'NONE',  ( 0.000000000000000000, 0.000000000000000000, 1.000000000000000000 ) ) ;
#2226 = CONICAL_SURFACE ( 'NONE', #2176, 4.699999999999981526, 0.7853981633974479459 ) ;
#2227 = PERSON_AND_ORGANIZATION_ROLE ( 'classification_officer' ) ;
#2228 = EDGE_LOOP ( 'NONE', ( #1958, #210, #1844, #1020 ) ) ;
#2229 = ORIENTED_EDGE ( 'NONE', *, *, #150, .T. ) ;
#2230 = DIRECTION ( 'NONE',  ( 0.000000000000000000, 0.000000000000000000, -1.000000000000000000 ) ) ;
#2231 = AXIS2_PLACEMENT_3D ( 'NONE', #145, #131, #1030 ) ;
#2232 = CARTESIAN_POINT ( 'NONE',  ( 218.0000000000000568, -5.000000000000001776, 2.775557561562891351E-14 ) ) ;
#2233 = VECTOR ( 'NONE', #1491, 1000.000000000000000 ) ;
#2234 = VERTEX_POINT ( 'NONE', #2861 ) ;
#2235 = DIRECTION ( 'NONE',  ( 0.000000000000000000, 0.000000000000000000, -1.000000000000000000 ) ) ;
#2236 = CARTESIAN_POINT ( 'NONE',  ( -218.0000000000000000, -5.000000000000001776, -210.5000000005757670 ) ) ;
#2237 = DIRECTION ( 'NONE',  ( 0.000000000000000000, 1.000000000000000000, 0.000000000000000000 ) ) ;
#2238 = CIRCLE ( 'NONE', #907, 4.700000000000009948 ) ;
#2239 = FACE_OUTER_BOUND ( 'NONE', #2126, .T. ) ;
#2240 = DIRECTION ( 'NONE',  ( -0.000000000000000000, -1.000000000000000000, -0.000000000000000000 ) ) ;
#2241 = AXIS2_PLACEMENT_3D ( 'NONE', #650, #427, #1362 ) ;
#2242 = EDGE_CURVE ( 'NONE', #240, #1997, #1136, .T. ) ;
#2243 = DIRECTION ( 'NONE',  ( 8.659560562354930393E-17, -0.7071067811865479058, 0.7071067811865472397 ) ) ;
#2244 = AXIS2_PLACEMENT_3D ( 'NONE', #1836, #2115, #242 ) ;
#2245 = ORIENTED_EDGE ( 'NONE', *, *, #485, .T. ) ;
#2246 = EDGE_CURVE ( 'NONE', #2077, #2669, #1651, .T. ) ;
#2247 = ORIENTED_EDGE ( 'NONE', *, *, #2679, .F. ) ;
#2248 = DIRECTION ( 'NONE',  ( -0.000000000000000000, -1.000000000000000000, -0.000000000000000000 ) ) ;
#2249 = CARTESIAN_POINT ( 'NONE',  ( 2.302225383886073086E-13, -5.000000000000000000, -458.5000000005751986 ) ) ;
#2250 = ORIENTED_EDGE ( 'NONE', *, *, #2420, .T. ) ;
#2251 = FACE_OUTER_BOUND ( 'NONE', #1419, .T. ) ;
#2252 = FACE_OUTER_BOUND ( 'NONE', #2668, .T. ) ;
#2253 = DIRECTION ( 'NONE',  ( -0.000000000000000000, -1.000000000000000000, -0.000000000000000000 ) ) ;
#2254 = CIRCLE ( 'NONE', #2651, 4.700000000000009948 ) ;
#2255 = DIRECTION ( 'NONE',  ( 0.000000000000000000, 1.000000000000000000, 0.000000000000000000 ) ) ;
#2256 = EDGE_CURVE ( 'NONE', #2096, #1377, #2485, .T. ) ;
#2257 = CARTESIAN_POINT ( 'NONE',  ( 248.0000000000000000, -5.000000000000001776, -4.699999999999953992 ) ) ;
#2258 = PLANE ( 'NONE',  #1159 ) ;
#2259 = EDGE_CURVE ( 'NONE', #391, #2063, #2874, .T. ) ;
#2260 = ORIENTED_EDGE ( 'NONE', *, *, #758, .F. ) ;
#2261 = CARTESIAN_POINT ( 'NONE',  ( -248.0000000000000568, -5.000000000000000000, 208.2500000005738059 ) ) ;
#2262 = APPROVAL_PERSON_ORGANIZATION ( #142, #2862, #2044 ) ;
#2263 = CARTESIAN_POINT ( 'NONE',  ( -5.551115123125779547E-14, 0.000000000000000000, 210.5000000005743175 ) ) ;
#2264 = APPROVAL_PERSON_ORGANIZATION ( #1922, #2831, #2863 ) ;
#2265 = ORIENTED_EDGE ( 'NONE', *, *, #2922, .F. ) ;
#2266 = DIRECTION ( 'NONE',  ( 0.000000000000000000, 1.000000000000000000, 0.000000000000000000 ) ) ;
#2267 = DIRECTION ( 'NONE',  ( -0.000000000000000000, -1.000000000000000000, -0.000000000000000000 ) ) ;
#2268 = CARTESIAN_POINT ( 'NONE',  ( -5.551115123125779547E-14, -14.00000000000000000, 468.5000000005743459 ) ) ;
#2269 = DIRECTION ( 'NONE',  ( 0.000000000000000000, 1.000000000000000000, 0.000000000000000000 ) ) ;
#2270 = ORIENTED_EDGE ( 'NONE', *, *, #2329, .T. ) ;
#2271 = DIRECTION ( 'NONE',  ( 2.637109322142814623E-16, -0.000000000000000000, -1.000000000000000000 ) ) ;
#2272 = DIRECTION ( 'NONE',  ( -0.000000000000000000, -1.000000000000000000, -0.000000000000000000 ) ) ;
#2273 = EDGE_LOOP ( 'NONE', ( #2597, #2926, #2856, #2517 ) ) ;
#2274 = CIRCLE ( 'NONE', #945, 2.249999999999974243 ) ;
#2275 = SHAPE_DEFINITION_REPRESENTATION ( #1936, #312 ) ;
#2276 = EDGE_LOOP ( 'NONE', ( #1242, #867, #2852, #1573 ) ) ;
#2277 = AXIS2_PLACEMENT_3D ( 'NONE', #1509, #1229, #520 ) ;
#2278 = DIRECTION ( 'NONE',  ( 2.637109322142814623E-16, 0.000000000000000000, -1.000000000000000000 ) ) ;
#2279 = LINE ( 'NONE', #1556, #897 ) ;
#2280 = EDGE_CURVE ( 'NONE', #742, #1085, #656, .T. ) ;
#2281 = APPLICATION_CONTEXT ( 'configuration controlled 3d designs of mechanical parts and assemblies' ) ;
#2282 = ORIENTED_EDGE ( 'NONE', *, *, #730, .F. ) ;
#2283 = AXIS2_PLACEMENT_3D ( 'NONE', #1606, #886, #1865 ) ;
#2284 = FACE_OUTER_BOUND ( 'NONE', #777, .T. ) ;
#2285 = EDGE_CURVE ( 'NONE', #2615, #1167, #2761, .T. ) ;
#2286 = CARTESIAN_POINT ( 'NONE',  ( 247.9999999999999432, -5.000000000000000000, 212.7500000005747722 ) ) ;
#2287 = DESIGN_CONTEXT ( 'detailed design', #1005, 'design' ) ;
#2288 = CARTESIAN_POINT ( 'NONE',  ( 218.0000000000000568, -5.000000000000000000, -212.7500000005747438 ) ) ;
#2289 = VECTOR ( 'NONE', #2660, 1000.000000000000114 ) ;
#2290 = CARTESIAN_POINT ( 'NONE',  ( 218.0000000000000568, 0.000000000000000000, -210.5000000005747438 ) ) ;
#2291 = ORIENTED_EDGE ( 'NONE', *, *, #1431, .T. ) ;
#2292 = DIRECTION ( 'NONE',  ( 0.000000000000000000, 1.000000000000000000, 0.000000000000000000 ) ) ;
#2293 = VECTOR ( 'NONE', #2202, 1000.000000000000000 ) ;
#2294 = LINE ( 'NONE', #2754, #20 ) ;
#2295 = EDGE_LOOP ( 'NONE', ( #1953, #2245, #2358, #2685 ) ) ;
#2296 = AXIS2_PLACEMENT_3D ( 'NONE', #2343, #18, #2327 ) ;
#2297 = CONICAL_SURFACE ( 'NONE', #958, 4.700000000000009948, 0.7853981633974479459 ) ;
#2298 = COORDINATED_UNIVERSAL_TIME_OFFSET ( 1, 0, .AHEAD. ) ;
#2299 = ORIENTED_EDGE ( 'NONE', *, *, #657, .F. ) ;
#2300 = DIRECTION ( 'NONE',  ( 0.000000000000000000, 0.000000000000000000, -1.000000000000000000 ) ) ;
#2301 = DIRECTION ( 'NONE',  ( -0.000000000000000000, -1.000000000000000000, -0.000000000000000000 ) ) ;
#2302 = VERTEX_POINT ( 'NONE', #3041 ) ;
#2303 = LINE ( 'NONE', #2700, #759 ) ;
#2304 = FACE_OUTER_BOUND ( 'NONE', #666, .T. ) ;
#2305 = CARTESIAN_POINT ( 'NONE',  ( -247.9999999999999432, -2.549999999999992273, -210.5000000005757386 ) ) ;
#2306 = ORIENTED_EDGE ( 'NONE', *, *, #2450, .F. ) ;
#2307 = ADVANCED_FACE ( 'NONE', ( #872 ), #1623, .F. ) ;
#2308 = AXIS2_PLACEMENT_3D ( 'NONE', #323, #2151, #752 ) ;
#2309 = CARTESIAN_POINT ( 'NONE',  ( -247.9999999999999432, -5.000000000000000000, -208.2500000005757386 ) ) ;
#2310 = CARTESIAN_POINT ( 'NONE',  ( -258.0000000000000568, -14.00000000000000000, 210.5000000005738343 ) ) ;
#2311 = VECTOR ( 'NONE', #264, 1000.000000000000114 ) ;
#2312 = VERTEX_POINT ( 'NONE', #2334 ) ;
#2313 = CALENDAR_DATE ( 2026, 22, 4 ) ;
#2314 = VERTEX_POINT ( 'NONE', #1688 ) ;
#2315 = DIRECTION ( 'NONE',  ( 0.000000000000000000, 0.000000000000000000, 1.000000000000000000 ) ) ;
#2316 = DIRECTION ( 'NONE',  ( 0.000000000000000000, 1.000000000000000000, 0.000000000000000000 ) ) ;
#2317 = EDGE_CURVE ( 'NONE', #2063, #1867, #278, .T. ) ;
#2318 = VERTEX_POINT ( 'NONE', #212 ) ;
#2319 = APPROVAL_PERSON_ORGANIZATION ( #160, #1601, #1350 ) ;
#2320 = DIRECTION ( 'NONE',  ( 1.836970198720568204E-16, 0.000000000000000000, -1.000000000000000000 ) ) ;
#2321 = CARTESIAN_POINT ( 'NONE',  ( -257.9999999999999432, 0.000000000000000000, -210.5000000005757670 ) ) ;
#2322 = CC_DESIGN_APPROVAL ( #895, ( #2166 ) ) ;
#2323 = CC_DESIGN_PERSON_AND_ORGANIZATION_ASSIGNMENT ( #1394, #268, ( #2952 ) ) ;
#2324 = ORIENTED_EDGE ( 'NONE', *, *, #2487, .T. ) ;
#2325 = CARTESIAN_POINT ( 'NONE',  ( -248.0000000000000000, -2.549999999999992273, -2.250000000000973444 ) ) ;
#2326 = EDGE_CURVE ( 'NONE', #217, #1880, #2036, .T. ) ;
#2327 = DIRECTION ( 'NONE',  ( 0.000000000000000000, 0.000000000000000000, 1.000000000000000000 ) ) ;
#2328 = ORIENTED_EDGE ( 'NONE', *, *, #1986, .T. ) ;
#2329 = EDGE_CURVE ( 'NONE', #1502, #1002, #1894, .T. ) ;
#2330 = MECHANICAL_CONTEXT ( 'NONE', #1704, 'mechanical' ) ;
#2331 = VERTEX_POINT ( 'NONE', #1482 ) ;
#2332 = FACE_OUTER_BOUND ( 'NONE', #2532, .T. ) ;
#2333 = VECTOR ( 'NONE', #190, 1000.000000000000000 ) ;
#2334 = CARTESIAN_POINT ( 'NONE',  ( 248.0000000000000000, -2.549999999999992273, 2.250000000000001776 ) ) ;
#2335 = AXIS2_PLACEMENT_3D ( 'NONE', #322, #1985, #535 ) ;
#2336 = VERTEX_POINT ( 'NONE', #2197 ) ;
#2337 = CARTESIAN_POINT ( 'NONE',  ( -258.0000000000000568, -5.000000000000000000, 210.5000000005738343 ) ) ;
#2338 = LINE ( 'NONE', #1370, #2914 ) ;
#2339 =( LENGTH_UNIT ( ) NAMED_UNIT ( * ) SI_UNIT ( .MILLI., .METRE. ) );
#2340 = EDGE_LOOP ( 'NONE', ( #2394, #475, #586, #1504 ) ) ;
#2341 = DIRECTION ( 'NONE',  ( -0.000000000000000000, -1.000000000000000000, -0.000000000000000000 ) ) ;
#2342 = AXIS2_PLACEMENT_3D ( 'NONE', #1284, #396, #1101 ) ;
#2343 = CARTESIAN_POINT ( 'NONE',  ( -5.551115123125779547E-14, -5.000000000000000000, 210.5000000005743175 ) ) ;
#2344 = ORIENTED_EDGE ( 'NONE', *, *, #218, .F. ) ;
#2345 = EDGE_CURVE ( 'NONE', #488, #1672, #1963, .T. ) ;
#2346 = AXIS2_PLACEMENT_3D ( 'NONE', #478, #1854, #1625 ) ;
#2347 = AXIS2_PLACEMENT_3D ( 'NONE', #1301, #2047, #1750 ) ;
#2348 = CALENDAR_DATE ( 2026, 22, 4 ) ;
#2349 = ORIENTED_EDGE ( 'NONE', *, *, #882, .F. ) ;
#2350 = EDGE_CURVE ( 'NONE', #1502, #692, #354, .T. ) ;
#2351 = DIRECTION ( 'NONE',  ( 0.000000000000000000, 1.000000000000000000, 0.000000000000000000 ) ) ;
#2352 = CIRCLE ( 'NONE', #709, 2.250000000000001776 ) ;
#2353 = EDGE_CURVE ( 'NONE', #363, #1356, #2432, .T. ) ;
#2354 = VERTEX_POINT ( 'NONE', #2893 ) ;
#2355 = CARTESIAN_POINT ( 'NONE',  ( 2.090880963937666585E-13, 0.000000000000000000, -428.5000000005753122 ) ) ;
#2356 = DIRECTION ( 'NONE',  ( 0.000000000000000000, 0.000000000000000000, -1.000000000000000000 ) ) ;
#2357 =( NAMED_UNIT ( * ) SI_UNIT ( $, .STERADIAN. ) SOLID_ANGLE_UNIT ( ) );
#2358 = ORIENTED_EDGE ( 'NONE', *, *, #861, .T. ) ;
#2359 = CARTESIAN_POINT ( 'NONE',  ( 218.0000000000000568, -5.000000000000001776, 210.5000000005748007 ) ) ;
#2360 = DIRECTION ( 'NONE',  ( -5.274218644285629246E-16, 0.000000000000000000, 1.000000000000000000 ) ) ;
#2361 = ADVANCED_FACE ( 'NONE', ( #1467 ), #949, .F. ) ;
#2362 = AXIS2_PLACEMENT_3D ( 'NONE', #120, #1324, #152 ) ;
#2363 = ORIENTED_EDGE ( 'NONE', *, *, #713, .T. ) ;
#2364 = CONICAL_SURFACE ( 'NONE', #2308, 4.699999999999981526, 0.7853981633974482790 ) ;
#2365 = COORDINATED_UNIVERSAL_TIME_OFFSET ( 1, 0, .AHEAD. ) ;
#2366 = ORIENTED_EDGE ( 'NONE', *, *, #865, .F. ) ;
#2367 = ADVANCED_FACE ( 'NONE', ( #1039 ), #307, .F. ) ;
#2368 = EDGE_LOOP ( 'NONE', ( #1684, #2587, #430, #1382 ) ) ;
#2369 = CARTESIAN_POINT ( 'NONE',  ( -4.291327465799982125E-13, 0.000000000000000000, 430.7500000005743459 ) ) ;
#2370 = CARTESIAN_POINT ( 'NONE',  ( 208.0000000000000284, -5.000000000000000000, -210.5000000005747438 ) ) ;
#2371 = CIRCLE ( 'NONE', #1719, 2.250000000000001776 ) ;
#2372 = ORIENTED_EDGE ( 'NONE', *, *, #1812, .T. ) ;
#2373 = DIRECTION ( 'NONE',  ( -0.000000000000000000, -1.000000000000000000, -0.000000000000000000 ) ) ;
#2374 = LOCAL_TIME ( 13, 28, 22.00000000000000000, #1196 ) ;
#2375 = LINE ( 'NONE', #695, #2640 ) ;
#2376 = CC_DESIGN_APPROVAL ( #2831, ( #43 ) ) ;
#2377 = CARTESIAN_POINT ( 'NONE',  ( -247.9999999999999432, -5.000000000000001776, -210.5000000005757386 ) ) ;
#2378 = APPROVAL_DATE_TIME ( #1425, #895 ) ;
#2379 = ORIENTED_EDGE ( 'NONE', *, *, #1933, .T. ) ;
#2380 = EDGE_CURVE ( 'NONE', #1190, #281, #1790, .T. ) ;
#2381 = AXIS2_PLACEMENT_3D ( 'NONE', #2570, #704, #2782 ) ;
#2382 = EDGE_LOOP ( 'NONE', ( #1372, #1013, #14, #2939 ) ) ;
#2383 = DIRECTION ( 'NONE',  ( -0.000000000000000000, -1.000000000000000000, -0.000000000000000000 ) ) ;
#2384 = ADVANCED_FACE ( 'NONE', ( #2920 ), #1728, .F. ) ;
#2385 = DIRECTION ( 'NONE',  ( 0.000000000000000000, 0.000000000000000000, 1.000000000000000000 ) ) ;
#2386 = AXIS2_PLACEMENT_3D ( 'NONE', #464, #232, #1174 ) ;
#2387 = ORIENTED_EDGE ( 'NONE', *, *, #46, .T. ) ;
#2388 = DIRECTION ( 'NONE',  ( -0.000000000000000000, -1.000000000000000000, -0.000000000000000000 ) ) ;
#2389 = FACE_OUTER_BOUND ( 'NONE', #960, .T. ) ;
#2390 = VECTOR ( 'NONE', #181, 1000.000000000000114 ) ;
#2391 = DIRECTION ( 'NONE',  ( 0.000000000000000000, 0.000000000000000000, 1.000000000000000000 ) ) ;
#2392 = VECTOR ( 'NONE', #1671, 1000.000000000000000 ) ;
#2393 = PERSON_AND_ORGANIZATION ( #515, #2211 ) ;
#2394 = ORIENTED_EDGE ( 'NONE', *, *, #146, .F. ) ;
#2395 = AXIS2_PLACEMENT_3D ( 'NONE', #606, #587, #95 ) ;
#2396 = VERTEX_POINT ( 'NONE', #77 ) ;
#2397 = EDGE_CURVE ( 'NONE', #1867, #1799, #994, .T. ) ;
#2398 = DIRECTION ( 'NONE',  ( -0.000000000000000000, -1.000000000000000000, -0.000000000000000000 ) ) ;
#2399 = CIRCLE ( 'NONE', #511, 4.699999999999981526 ) ;
#2400 = CARTESIAN_POINT ( 'NONE',  ( -218.0000000000000568, 0.000000000000000000, 210.5000000005739480 ) ) ;
#2401 = EDGE_LOOP ( 'NONE', ( #706, #863, #197, #2827 ) ) ;
#2402 = DIRECTION ( 'NONE',  ( -0.000000000000000000, -1.000000000000000000, -0.000000000000000000 ) ) ;
#2403 = ADVANCED_FACE ( 'NONE', ( #812 ), #2690, .F. ) ;
#2404 = CARTESIAN_POINT ( 'NONE',  ( -258.0000000000000000, 0.000000000000000000, -9.568885328999308160E-13 ) ) ;
#2405 = DIRECTION ( 'NONE',  ( -0.000000000000000000, -1.000000000000000000, -0.000000000000000000 ) ) ;
#2406 = DATE_TIME_ROLE ( 'classification_date' ) ;
#2407 = VERTEX_POINT ( 'NONE', #1932 ) ;
#2408 = ORIENTED_EDGE ( 'NONE', *, *, #2834, .F. ) ;
#2409 = CARTESIAN_POINT ( 'NONE',  ( 248.0000000000000568, -5.000000000000001776, -205.8000000005747836 ) ) ;
#2410 = CARTESIAN_POINT ( 'NONE',  ( -5.551115123125779547E-14, 0.000000000000000000, 210.5000000005743175 ) ) ;
#2411 = EDGE_CURVE ( 'NONE', #1377, #2096, #1779, .T. ) ;
#2412 = EDGE_LOOP ( 'NONE', ( #1122, #915, #165, #2822 ) ) ;
#2413 = DIRECTION ( 'NONE',  ( 0.000000000000000000, -0.7071067811865479058, -0.7071067811865472397 ) ) ;
#2414 = CC_DESIGN_DATE_AND_TIME_ASSIGNMENT ( #1746, #741, ( #492 ) ) ;
#2415 = DIRECTION ( 'NONE',  ( 0.000000000000000000, 0.000000000000000000, -1.000000000000000000 ) ) ;
#2416 = AXIS2_PLACEMENT_3D ( 'NONE', #1789, #1560, #385 ) ;
#2417 = DIRECTION ( 'NONE',  ( 0.000000000000000000, 1.000000000000000000, 0.000000000000000000 ) ) ;
#2418 = EDGE_CURVE ( 'NONE', #370, #528, #1929, .T. ) ;
#2419 = CC_DESIGN_SECURITY_CLASSIFICATION ( #492, ( #3063 ) ) ;
#2420 = EDGE_CURVE ( 'NONE', #1915, #2609, #753, .T. ) ;
#2421 = APPROVAL_ROLE ( '' ) ;
#2422 = VERTEX_POINT ( 'NONE', #103 ) ;
#2423 = ORIENTED_EDGE ( 'NONE', *, *, #2658, .F. ) ;
#2424 = FACE_OUTER_BOUND ( 'NONE', #1923, .T. ) ;
#2425 = CARTESIAN_POINT ( 'NONE',  ( 248.0000000000000000, -2.549999999999992273, 2.775557561562891351E-14 ) ) ;
#2426 = EDGE_LOOP ( 'NONE', ( #974, #985, #999, #2071 ) ) ;
#2427 = VERTEX_POINT ( 'NONE', #537 ) ;
#2428 = DIRECTION ( 'NONE',  ( -0.000000000000000000, -1.000000000000000000, -0.000000000000000000 ) ) ;
#2429 = CIRCLE ( 'NONE', #2918, 2.250000000000001776 ) ;
#2430 = DIRECTION ( 'NONE',  ( -0.000000000000000000, -1.000000000000000000, -0.000000000000000000 ) ) ;
#2431 = AXIS2_PLACEMENT_3D ( 'NONE', #1452, #2428, #303 ) ;
#2432 = LINE ( 'NONE', #2907, #59 ) ;
#2433 = DATE_AND_TIME ( #783, #3061 ) ;
#2434 = ORIENTED_EDGE ( 'NONE', *, *, #2184, .T. ) ;
#2435 = CIRCLE ( 'NONE', #2231, 4.699999999999981526 ) ;
#2436 = EDGE_CURVE ( 'NONE', #1880, #2609, #2180, .T. ) ;
#2437 = VERTEX_POINT ( 'NONE', #551 ) ;
#2438 = CARTESIAN_POINT ( 'NONE',  ( -218.0000000000000284, -5.000000000000001776, 4.699999999999121769 ) ) ;
#2439 = CARTESIAN_POINT ( 'NONE',  ( -4.291327465799982125E-13, -5.000000000000000000, 430.7500000005743459 ) ) ;
#2440 = AXIS2_PLACEMENT_3D ( 'NONE', #1253, #2666, #517 ) ;
#2441 = ORIENTED_EDGE ( 'NONE', *, *, #2380, .T. ) ;
#2442 = VECTOR ( 'NONE', #2968, 999.9999999999998863 ) ;
#2443 = DIRECTION ( 'NONE',  ( -0.000000000000000000, -1.000000000000000000, -0.000000000000000000 ) ) ;
#2444 = DESIGN_CONTEXT ( 'detailed design', #1550, 'design' ) ;
#2445 = CARTESIAN_POINT ( 'NONE',  ( -248.0000000000000568, -5.000000000000001776, 215.2000000005738229 ) ) ;
#2446 = CIRCLE ( 'NONE', #225, 2.249999999999974243 ) ;
#2447 = DIRECTION ( 'NONE',  ( 0.000000000000000000, 0.000000000000000000, -1.000000000000000000 ) ) ;
#2448 = VECTOR ( 'NONE', #198, 1000.000000000000000 ) ;
#2449 = DIRECTION ( 'NONE',  ( 0.000000000000000000, 0.000000000000000000, -1.000000000000000000 ) ) ;
#2450 = EDGE_CURVE ( 'NONE', #2820, #2558, #500, .T. ) ;
#2451 = PERSON_AND_ORGANIZATION_ROLE ( 'classification_officer' ) ;
#2452 = VERTEX_POINT ( 'NONE', #1231 ) ;
#2453 = VERTEX_POINT ( 'NONE', #2210 ) ;
#2454 = CONICAL_SURFACE ( 'NONE', #1954, 4.699999999999981526, 0.7853981633974482790 ) ;
#2455 = CARTESIAN_POINT ( 'NONE',  ( 248.0000000000000568, -5.000000000000000000, -212.7500000005747154 ) ) ;
#2456 = CARTESIAN_POINT ( 'NONE',  ( 2.090880963937666585E-13, -5.000000000000001776, -428.5000000005753122 ) ) ;
#2457 = EDGE_CURVE ( 'NONE', #1695, #2564, #542, .T. ) ;
#2458 = VECTOR ( 'NONE', #993, 1000.000000000000000 ) ;
#2459 = ORIENTED_EDGE ( 'NONE', *, *, #2671, .T. ) ;
#2460 = LINE ( 'NONE', #534, #998 ) ;
#2461 = CYLINDRICAL_SURFACE ( 'NONE', #2277, 2.250000000000001776 ) ;
#2462 = CARTESIAN_POINT ( 'NONE',  ( -5.551115123125779547E-14, -5.000000000000000000, 418.5000000005743459 ) ) ;
#2463 = DIRECTION ( 'NONE',  ( 0.000000000000000000, 1.000000000000000000, 0.000000000000000000 ) ) ;
#2464 = APPROVAL_PERSON_ORGANIZATION ( #1798, #2771, #1846 ) ;
#2465 = COORDINATED_UNIVERSAL_TIME_OFFSET ( 1, 0, .AHEAD. ) ;
#2466 = EDGE_LOOP ( 'NONE', ( #1770, #1241 ) ) ;
#2467 = LOCAL_TIME ( 13, 28, 22.00000000000000000, #568 ) ;
#2468 = ORIENTED_EDGE ( 'NONE', *, *, #1869, .T. ) ;
#2469 = LINE ( 'NONE', #1080, #1349 ) ;
#2470 = DIRECTION ( 'NONE',  ( 0.000000000000000000, -0.000000000000000000, 1.000000000000000000 ) ) ;
#2471 = ORIENTED_EDGE ( 'NONE', *, *, #538, .F. ) ;
#2472 = EDGE_CURVE ( 'NONE', #2669, #2792, #797, .T. ) ;
#2473 = LINE ( 'NONE', #2961, #3037 ) ;
#2474 = CARTESIAN_POINT ( 'NONE',  ( 247.9999999999999432, -5.000000000000000000, 210.5000000005748007 ) ) ;
#2475 = DIRECTION ( 'NONE',  ( 0.000000000000000000, 0.000000000000000000, -1.000000000000000000 ) ) ;
#2476 = DIRECTION ( 'NONE',  ( 0.000000000000000000, 0.000000000000000000, -1.000000000000000000 ) ) ;
#2477 = CARTESIAN_POINT ( 'NONE',  ( -5.551115123125779547E-14, -14.00000000000000000, 210.5000000005743175 ) ) ;
#2478 = ADVANCED_FACE ( 'NONE', ( #1811 ), #828, .F. ) ;
#2479 = LINE ( 'NONE', #1583, #469 ) ;
#2480 = AXIS2_PLACEMENT_3D ( 'NONE', #1949, #2875, #771 ) ;
#2481 = ORIENTED_EDGE ( 'NONE', *, *, #1520, .T. ) ;
#2482 = PERSON_AND_ORGANIZATION ( #515, #2211 ) ;
#2483 = EDGE_LOOP ( 'NONE', ( #2159, #2739 ) ) ;
#2484 = CARTESIAN_POINT ( 'NONE',  ( -218.0000000000000284, -5.000000000000001776, -8.881784197001252323E-13 ) ) ;
#2485 = CIRCLE ( 'NONE', #1840, 2.250000000000001776 ) ;
#2486 = DIRECTION ( 'NONE',  ( -0.000000000000000000, -1.000000000000000000, -0.000000000000000000 ) ) ;
#2487 = EDGE_CURVE ( 'NONE', #742, #1167, #982, .T. ) ;
#2488 = CIRCLE ( 'NONE', #1981, 4.699999999999981526 ) ;
#2489 = VERTEX_POINT ( 'NONE', #1311 ) ;
#2490 = DIRECTION ( 'NONE',  ( 0.000000000000000000, 1.000000000000000000, 0.000000000000000000 ) ) ;
#2491 = CYLINDRICAL_SURFACE ( 'NONE', #2801, 2.249999999999988010 ) ;
#2492 = DIRECTION ( 'NONE',  ( 0.000000000000000000, 0.000000000000000000, 1.000000000000000000 ) ) ;
#2493 = AXIS2_PLACEMENT_3D ( 'NONE', #1967, #558, #2912 ) ;
#2494 = DIRECTION ( 'NONE',  ( 0.000000000000000000, 0.000000000000000000, 1.000000000000000000 ) ) ;
#2495 = VERTEX_POINT ( 'NONE', #2257 ) ;
#2496 = CIRCLE ( 'NONE', #995, 2.249999999999988010 ) ;
#2497 = LINE ( 'NONE', #2059, #171 ) ;
#2498 = AXIS2_PLACEMENT_3D ( 'NONE', #1068, #1357, #2032 ) ;
#2499 = ORIENTED_EDGE ( 'NONE', *, *, #1082, .T. ) ;
#2500 = APPLICATION_PROTOCOL_DEFINITION ( 'international standard', 'config_control_design', 1994, #1872 ) ;
#2501 = ORIENTED_EDGE ( 'NONE', *, *, #3053, .T. ) ;
#2502 = DIRECTION ( 'NONE',  ( 0.000000000000000000, 1.000000000000000000, 0.000000000000000000 ) ) ;
#2503 = CARTESIAN_POINT ( 'NONE',  ( 263.0000000000000000, -14.00000000000000000, 4.831231622636307906E-14 ) ) ;
#2504 = AXIS2_PLACEMENT_3D ( 'NONE', #2037, #2223, #2476 ) ;
#2505 = EDGE_LOOP ( 'NONE', ( #2114, #2709, #2846, #869 ) ) ;
#2506 = CARTESIAN_POINT ( 'NONE',  ( 2.302225383886073086E-13, -2.549999999999992273, -458.5000000005751986 ) ) ;
#2507 = DIRECTION ( 'NONE',  ( -0.000000000000000000, -1.000000000000000000, -0.000000000000000000 ) ) ;
#2508 = CARTESIAN_POINT ( 'NONE',  ( 247.9999999999999432, 0.000000000000000000, 210.5000000005748007 ) ) ;
#2509 = ADVANCED_FACE ( 'NONE', ( #649 ), #137, .T. ) ;
#2510 = CIRCLE ( 'NONE', #2607, 2.249999999999974243 ) ;
#2511 = DIRECTION ( 'NONE',  ( 0.000000000000000000, 0.000000000000000000, 1.000000000000000000 ) ) ;
#2512 = CC_DESIGN_PERSON_AND_ORGANIZATION_ASSIGNMENT ( #916, #251, ( #2166 ) ) ;
#2513 = DIRECTION ( 'NONE',  ( -0.000000000000000000, -1.000000000000000000, -0.000000000000000000 ) ) ;
#2514 = DIRECTION ( 'NONE',  ( -0.000000000000000000, -1.000000000000000000, -0.000000000000000000 ) ) ;
#2515 = ORIENTED_EDGE ( 'NONE', *, *, #2769, .T. ) ;
#2516 = CALENDAR_DATE ( 2026, 22, 4 ) ;
#2517 = ORIENTED_EDGE ( 'NONE', *, *, #898, .F. ) ;
#2518 = DIRECTION ( 'NONE',  ( -0.000000000000000000, -1.000000000000000000, -0.000000000000000000 ) ) ;
#2519 = CARTESIAN_POINT ( 'NONE',  ( 2.096636803893658960E-13, -5.000000000000001776, -423.8000000005753236 ) ) ;
#2520 = SECURITY_CLASSIFICATION ( '', '', #2181 ) ;
#2521 = ORIENTED_EDGE ( 'NONE', *, *, #782, .F. ) ;
#2522 = DIRECTION ( 'NONE',  ( 0.000000000000000000, 0.000000000000000000, 1.000000000000000000 ) ) ;
#2523 = DIRECTION ( 'NONE',  ( 0.000000000000000000, 1.000000000000000000, 0.000000000000000000 ) ) ;
#2524 = CARTESIAN_POINT ( 'NONE',  ( -248.0000000000000000, 0.000000000000000000, 2.249999999999016786 ) ) ;
#2525 = DIRECTION ( 'NONE',  ( -0.000000000000000000, -1.000000000000000000, -0.000000000000000000 ) ) ;
#2526 = CARTESIAN_POINT ( 'NONE',  ( 2.302225383886073086E-13, -2.549999999999992273, -458.5000000005751986 ) ) ;
#2527 = FACE_OUTER_BOUND ( 'NONE', #2276, .T. ) ;
#2528 = CIRCLE ( 'NONE', #1280, 258.0000000000000000 ) ;
#2529 = EDGE_LOOP ( 'NONE', ( #2960, #2423, #140, #1966, #1838 ) ) ;
#2530 = VECTOR ( 'NONE', #2417, 1000.000000000000000 ) ;
#2531 = APPROVAL_STATUS ( 'not_yet_approved' ) ;
#2532 = EDGE_LOOP ( 'NONE', ( #683, #1046, #2843, #2250 ) ) ;
#2533 = DIRECTION ( 'NONE',  ( 0.000000000000000000, 1.000000000000000000, 0.000000000000000000 ) ) ;
#2534 = DIRECTION ( 'NONE',  ( 0.000000000000000000, 0.000000000000000000, 1.000000000000000000 ) ) ;
#2535 = EDGE_CURVE ( 'NONE', #1190, #1428, #2736, .T. ) ;
#2536 = ORIENTED_EDGE ( 'NONE', *, *, #739, .T. ) ;
#2537 = CARTESIAN_POINT ( 'NONE',  ( 258.0000000000000000, -14.00000000000000000, 4.739383112700257176E-14 ) ) ;
#2538 = CARTESIAN_POINT ( 'NONE',  ( -247.9999999999999432, -5.000000000000001776, -210.5000000005757386 ) ) ;
#2539 = DIRECTION ( 'NONE',  ( 0.000000000000000000, 0.000000000000000000, -1.000000000000000000 ) ) ;
#2540 = ORIENTED_EDGE ( 'NONE', *, *, #1392, .F. ) ;
#2541 = CARTESIAN_POINT ( 'NONE',  ( 248.0000000000000568, -5.000000000000001776, -210.5000000005747438 ) ) ;
#2542 = AXIS2_PLACEMENT_3D ( 'NONE', #774, #987, #1267 ) ;
#2543 = DIRECTION ( 'NONE',  ( -0.000000000000000000, -1.000000000000000000, -0.000000000000000000 ) ) ;
#2544 = ORIENTED_EDGE ( 'NONE', *, *, #2169, .T. ) ;
#2545 = AXIS2_PLACEMENT_3D ( 'NONE', #1407, #204, #1178 ) ;
#2546 = ADVANCED_FACE ( 'NONE', ( #2984 ), #1834, .F. ) ;
#2547 = VECTOR ( 'NONE', #808, 1000.000000000000000 ) ;
#2548 = CALENDAR_DATE ( 2026, 22, 4 ) ;
#2549 = ORIENTED_EDGE ( 'NONE', *, *, #765, .F. ) ;
#2550 = CYLINDRICAL_SURFACE ( 'NONE', #1607, 2.249999999999974243 ) ;
#2551 = DIRECTION ( 'NONE',  ( 0.000000000000000000, 1.000000000000000000, 0.000000000000000000 ) ) ;
#2552 = CC_DESIGN_PERSON_AND_ORGANIZATION_ASSIGNMENT ( #1315, #1078, ( #1468 ) ) ;
#2553 = VERTEX_POINT ( 'NONE', #3014 ) ;
#2554 = DIRECTION ( 'NONE',  ( 0.000000000000000000, 0.000000000000000000, 1.000000000000000000 ) ) ;
#2555 = ADVANCED_FACE ( 'NONE', ( #1596 ), #2226, .F. ) ;
#2556 = DIRECTION ( 'NONE',  ( -2.637109322142814623E-16, 0.000000000000000000, 1.000000000000000000 ) ) ;
#2557 = DIRECTION ( 'NONE',  ( 1.000000000000000000, 0.000000000000000000, 0.000000000000000000 ) ) ;
#2558 = VERTEX_POINT ( 'NONE', #1545 ) ;
#2559 = AXIS2_PLACEMENT_3D ( 'NONE', #2946, #349, #840 ) ;
#2560 = CARTESIAN_POINT ( 'NONE',  ( 218.0000000000000568, -5.000000000000000000, 210.5000000005748007 ) ) ;
#2561 = DIRECTION ( 'NONE',  ( 0.000000000000000000, 0.000000000000000000, -1.000000000000000000 ) ) ;
#2562 = EDGE_LOOP ( 'NONE', ( #2699, #2006 ) ) ;
#2563 = PERSON_AND_ORGANIZATION ( #515, #2211 ) ;
#2564 = VERTEX_POINT ( 'NONE', #2021 ) ;
#2565 = FACE_OUTER_BOUND ( 'NONE', #2707, .T. ) ;
#2566 = DIRECTION ( 'NONE',  ( -0.000000000000000000, -1.000000000000000000, -0.000000000000000000 ) ) ;
#2567 = ORIENTED_EDGE ( 'NONE', *, *, #1768, .T. ) ;
#2568 = PRODUCT_DEFINITION_FORMATION_WITH_SPECIFIED_SOURCE ( 'ANY', '', #2876, .NOT_KNOWN. ) ;
#2569 = CARTESIAN_POINT ( 'NONE',  ( -258.0000000000000568, -5.000000000000000000, 210.5000000005738343 ) ) ;
#2570 = CARTESIAN_POINT ( 'NONE',  ( 2.302225383886073086E-13, -5.000000000000001776, -458.5000000005751986 ) ) ;
#2571 = ORGANIZATION ( 'NAUO-ORG1', 'UNSPECIFIED', 'UNSPECIFIED' ) ;
#2572 = VERTEX_POINT ( 'NONE', #845 ) ;
#2573 = CARTESIAN_POINT ( 'NONE',  ( 263.0000000000000000, 0.000000000000000000, 4.831231622636307906E-14 ) ) ;
#2574 = EDGE_CURVE ( 'NONE', #1997, #143, #1437, .T. ) ;
#2575 = DIRECTION ( 'NONE',  ( -0.000000000000000000, -1.000000000000000000, -0.000000000000000000 ) ) ;
#2576 = ORIENTED_EDGE ( 'NONE', *, *, #2086, .F. ) ;
#2577 = COORDINATED_UNIVERSAL_TIME_OFFSET ( 1, 0, .AHEAD. ) ;
#2578 = ORIENTED_EDGE ( 'NONE', *, *, #49, .F. ) ;
#2579 = CARTESIAN_POINT ( 'NONE',  ( -218.0000000000000568, 0.000000000000000000, 210.5000000005739480 ) ) ;
#2580 = AXIS2_PLACEMENT_3D ( 'NONE', #3032, #1685, #1420 ) ;
#2581 = DIRECTION ( 'NONE',  ( 0.000000000000000000, 1.000000000000000000, 0.000000000000000000 ) ) ;
#2582 = AXIS2_PLACEMENT_3D ( 'NONE', #2917, #2402, #336 ) ;
#2583 = ORIENTED_EDGE ( 'NONE', *, *, #2285, .T. ) ;
#2584 = CARTESIAN_POINT ( 'NONE',  ( -248.0000000000000568, 0.000000000000000000, 212.7500000005738059 ) ) ;
#2585 = FACE_OUTER_BOUND ( 'NONE', #1570, .T. ) ;
#2586 = EDGE_CURVE ( 'NONE', #1672, #329, #1093, .T. ) ;
#2587 = ORIENTED_EDGE ( 'NONE', *, *, #1358, .F. ) ;
#2588 = LINE ( 'NONE', #468, #1975 ) ;
#2589 = FACE_BOUND ( 'NONE', #2092, .T. ) ;
#2590 = CARTESIAN_POINT ( 'NONE',  ( -208.0000000000000853, 0.000000000000000000, 210.5000000005738343 ) ) ;
#2591 = CIRCLE ( 'NONE', #2395, 2.249999999999974243 ) ;
#2592 = EDGE_CURVE ( 'NONE', #2453, #1132, #2072, .T. ) ;
#2593 = CIRCLE ( 'NONE', #910, 2.250000000000001776 ) ;
#2594 = APPROVAL_STATUS ( 'not_yet_approved' ) ;
#2595 = ORIENTED_EDGE ( 'NONE', *, *, #279, .T. ) ;
#2596 = AXIS2_PLACEMENT_3D ( 'NONE', #1195, #98, #2174 ) ;
#2597 = ORIENTED_EDGE ( 'NONE', *, *, #34, .F. ) ;
#2598 = CARTESIAN_POINT ( 'NONE',  ( 247.9999999999999432, -5.000000000000001776, 205.8000000005748404 ) ) ;
#2599 = PLANE ( 'NONE',  #1588 ) ;
#2600 = ORIENTED_EDGE ( 'NONE', *, *, #1952, .F. ) ;
#2601 = EDGE_CURVE ( 'NONE', #2331, #2302, #787, .T. ) ;
#2602 = DIRECTION ( 'NONE',  ( -0.000000000000000000, -1.000000000000000000, -0.000000000000000000 ) ) ;
#2603 = LINE ( 'NONE', #2819, #1697 ) ;
#2604 = ADVANCED_FACE ( 'NONE', ( #2720 ), #2080, .F. ) ;
#2605 = CIRCLE ( 'NONE', #2504, 4.700000000000009948 ) ;
#2606 = DIRECTION ( 'NONE',  ( -2.637109322142814623E-16, 0.000000000000000000, 1.000000000000000000 ) ) ;
#2607 = AXIS2_PLACEMENT_3D ( 'NONE', #2089, #2575, #3033 ) ;
#2608 = PERSON_AND_ORGANIZATION_ROLE ( 'creator' ) ;
#2609 = VERTEX_POINT ( 'NONE', #597 ) ;
#2610 = EDGE_LOOP ( 'NONE', ( #1976, #1134, #1426, #461 ) ) ;
#2611 = DIRECTION ( 'NONE',  ( -1.000000000000000000, 0.000000000000000000, -2.637109322142814623E-16 ) ) ;
#2612 = DIRECTION ( 'NONE',  ( 0.000000000000000000, 0.000000000000000000, 1.000000000000000000 ) ) ;
#2613 = EDGE_CURVE ( 'NONE', #557, #217, #1825, .T. ) ;
#2614 = APPROVAL_PERSON_ORGANIZATION ( #3005, #1645, #2757 ) ;
#2615 = VERTEX_POINT ( 'NONE', #1111 ) ;
#2616 = DIRECTION ( 'NONE',  ( -0.000000000000000000, -1.000000000000000000, -0.000000000000000000 ) ) ;
#2617 = LOCAL_TIME ( 13, 28, 22.00000000000000000, #309 ) ;
#2618 = CARTESIAN_POINT ( 'NONE',  ( -218.0000000000000284, -5.000000000000001776, 4.699999999999121769 ) ) ;
#2619 = SECURITY_CLASSIFICATION_LEVEL ( 'unclassified' ) ;
#2620 = ORIENTED_EDGE ( 'NONE', *, *, #1786, .T. ) ;
#2621 = AXIS2_PLACEMENT_3D ( 'NONE', #925, #2069, #1870 ) ;
#2622 = ORIENTED_EDGE ( 'NONE', *, *, #1215, .T. ) ;
#2623 = DIRECTION ( 'NONE',  ( -0.000000000000000000, -1.000000000000000000, -0.000000000000000000 ) ) ;
#2624 = FACE_OUTER_BOUND ( 'NONE', #2652, .T. ) ;
#2625 = ADVANCED_FACE ( 'NONE', ( #2058 ), #3000, .F. ) ;
#2626 = AXIS2_PLACEMENT_3D ( 'NONE', #2648, #565, #1525 ) ;
#2627 = EDGE_LOOP ( 'NONE', ( #799, #716, #1463, #989 ) ) ;
#2628 = UNCERTAINTY_MEASURE_WITH_UNIT (LENGTH_MEASURE( 1.000000000000000082E-05 ), #2830, 'distance_accuracy_value', 'NONE');
#2629 = FACE_OUTER_BOUND ( 'NONE', #107, .T. ) ;
#2630 = FACE_BOUND ( 'NONE', #2529, .T. ) ;
#2631 = AXIS2_PLACEMENT_3D ( 'NONE', #626, #2974, #1572 ) ;
#2632 = FACE_OUTER_BOUND ( 'NONE', #2718, .T. ) ;
#2633 = CONICAL_SURFACE ( 'NONE', #1346, 4.699999999999981526, 0.7853981633974482790 ) ;
#2634 = ORIENTED_EDGE ( 'NONE', *, *, #2756, .F. ) ;
#2635 = ADVANCED_FACE ( 'NONE', ( #371 ), #663, .F. ) ;
#2636 = VECTOR ( 'NONE', #2653, 1000.000000000000000 ) ;
#2637 = EDGE_LOOP ( 'NONE', ( #1863, #2916 ) ) ;
#2638 = CC_DESIGN_PERSON_AND_ORGANIZATION_ASSIGNMENT ( #2692, #1278, ( #492 ) ) ;
#2639 = FACE_OUTER_BOUND ( 'NONE', #721, .T. ) ;
#2640 = VECTOR ( 'NONE', #1421, 1000.000000000000000 ) ;
#2641 = CARTESIAN_POINT ( 'NONE',  ( 248.0000000000000000, -5.000000000000001776, 4.700000000000009948 ) ) ;
#2642 = AXIS2_PLACEMENT_3D ( 'NONE', #3027, #1611, #1868 ) ;
#2643 = ORIENTED_EDGE ( 'NONE', *, *, #2457, .T. ) ;
#2644 = EDGE_CURVE ( 'NONE', #3009, #1477, #1194, .T. ) ;
#2645 = CARTESIAN_POINT ( 'NONE',  ( 218.0000000000000568, -5.000000000000001776, 205.8000000005748120 ) ) ;
#2646 = ADVANCED_FACE ( 'NONE', ( #1916 ), #1232, .F. ) ;
#2647 = FACE_OUTER_BOUND ( 'NONE', #1019, .T. ) ;
#2648 = CARTESIAN_POINT ( 'NONE',  ( 218.0000000000000568, 0.000000000000000000, 2.775557561562891351E-14 ) ) ;
#2649 = SECURITY_CLASSIFICATION_LEVEL ( 'unclassified' ) ;
#2650 = ORIENTED_EDGE ( 'NONE', *, *, #2326, .F. ) ;
#2651 = AXIS2_PLACEMENT_3D ( 'NONE', #2538, #11, #1837 ) ;
#2652 = EDGE_LOOP ( 'NONE', ( #2643, #2066, #1634, #1252 ) ) ;
#2653 = DIRECTION ( 'NONE',  ( 2.637109322142815609E-16, -0.000000000000000000, -1.000000000000000000 ) ) ;
#2654 = CARTESIAN_POINT ( 'NONE',  ( -4.294082921098063224E-13, -5.000000000000001776, 428.5000000005743459 ) ) ;
#2655 = ORIENTED_EDGE ( 'NONE', *, *, #2099, .F. ) ;
#2656 = CARTESIAN_POINT ( 'NONE',  ( 218.0000000000000568, -5.000000000000001776, 215.2000000005748177 ) ) ;
#2657 = FACE_OUTER_BOUND ( 'NONE', #2382, .T. ) ;
#2658 = EDGE_CURVE ( 'NONE', #1064, #84, #439, .T. ) ;
#2659 = CARTESIAN_POINT ( 'NONE',  ( 218.0000000000000568, -5.000000000000001776, 210.5000000005748007 ) ) ;
#2660 = DIRECTION ( 'NONE',  ( 0.000000000000000000, -0.7071067811865474617, -0.7071067811865474617 ) ) ;
#2661 = EDGE_CURVE ( 'NONE', #689, #428, #2429, .T. ) ;
#2662 = DATE_TIME_ROLE ( 'classification_date' ) ;
#2663 = ORIENTED_EDGE ( 'NONE', *, *, #1294, .T. ) ;
#2664 = ADVANCED_FACE ( 'NONE', ( #2149 ), #912, .T. ) ;
#2665 = ORIENTED_EDGE ( 'NONE', *, *, #1277, .F. ) ;
#2666 = DIRECTION ( 'NONE',  ( -0.000000000000000000, -1.000000000000000000, -0.000000000000000000 ) ) ;
#2667 = DIRECTION ( 'NONE',  ( -0.000000000000000000, -1.000000000000000000, -0.000000000000000000 ) ) ;
#2668 = EDGE_LOOP ( 'NONE', ( #2156, #2213, #1792, #1733 ) ) ;
#2669 = VERTEX_POINT ( 'NONE', #2325 ) ;
#2670 = LINE ( 'NONE', #275, #54 ) ;
#2671 = EDGE_CURVE ( 'NONE', #374, #132, #1673, .T. ) ;
#2672 = CIRCLE ( 'NONE', #8, 2.250000000000001776 ) ;
#2673 = DIRECTION ( 'NONE',  ( -0.000000000000000000, -1.000000000000000000, -0.000000000000000000 ) ) ;
#2674 = VECTOR ( 'NONE', #2237, 1000.000000000000000 ) ;
#2675 = DIRECTION ( 'NONE',  ( -0.000000000000000000, -1.000000000000000000, -0.000000000000000000 ) ) ;
#2676 = AXIS2_PLACEMENT_3D ( 'NONE', #2249, #96, #1999 ) ;
#2677 = APPROVAL_ROLE ( '' ) ;
#2678 = ORIENTED_EDGE ( 'NONE', *, *, #2134, .T. ) ;
#2679 = EDGE_CURVE ( 'NONE', #1928, #2489, #943, .T. ) ;
#2680 = AXIS2_PLACEMENT_3D ( 'NONE', #299, #2188, #2612 ) ;
#2681 = ORIENTED_EDGE ( 'NONE', *, *, #1675, .T. ) ;
#2682 = CARTESIAN_POINT ( 'NONE',  ( 5.551115123125779547E-14, -5.000000000000000000, -210.5000000005752554 ) ) ;
#2683 = FACE_OUTER_BOUND ( 'NONE', #701, .T. ) ;
#2684 = AXIS2_PLACEMENT_3D ( 'NONE', #641, #361, #2230 ) ;
#2685 = ORIENTED_EDGE ( 'NONE', *, *, #207, .F. ) ;
#2686 = CIRCLE ( 'NONE', #1247, 4.700000000000009948 ) ;
#2687 = ORIENTED_EDGE ( 'NONE', *, *, #926, .T. ) ;
#2688 = FACE_BOUND ( 'NONE', #881, .T. ) ;
#2689 = CARTESIAN_POINT ( 'NONE',  ( 5.551115123125779547E-14, -5.000000000000000000, -210.5000000005752554 ) ) ;
#2690 = CYLINDRICAL_SURFACE ( 'NONE', #2480, 2.250000000000001776 ) ;
#2691 = APPROVAL ( #947, 'UNSPECIFIED' ) ;
#2692 = PERSON_AND_ORGANIZATION ( #1435, #338 ) ;
#2693 = ORIENTED_EDGE ( 'NONE', *, *, #1933, .F. ) ;
#2694 = EDGE_CURVE ( 'NONE', #575, #143, #681, .T. ) ;
#2695 = VERTEX_POINT ( 'NONE', #453 ) ;
#2696 = CIRCLE ( 'NONE', #1667, 208.0000000000000000 ) ;
#2697 = FACE_OUTER_BOUND ( 'NONE', #584, .T. ) ;
#2698 = CARTESIAN_POINT ( 'NONE',  ( 2.093636419235747936E-13, 0.000000000000000000, -426.2500000005753122 ) ) ;
#2699 = ORIENTED_EDGE ( 'NONE', *, *, #839, .F. ) ;
#2700 = CARTESIAN_POINT ( 'NONE',  ( -218.0000000000000284, -5.000000000000000000, -2.250000000000876188 ) ) ;
#2701 = DIRECTION ( 'NONE',  ( 0.000000000000000000, 0.000000000000000000, -1.000000000000000000 ) ) ;
#2702 = FACE_OUTER_BOUND ( 'NONE', #434, .T. ) ;
#2703 = CARTESIAN_POINT ( 'NONE',  ( 247.9999999999999432, -5.000000000000000000, 210.5000000005748007 ) ) ;
#2704 = CARTESIAN_POINT ( 'NONE',  ( 218.0000000000000568, -5.000000000000001776, -210.5000000005747438 ) ) ;
#2705 = CYLINDRICAL_SURFACE ( 'NONE', #2241, 2.250000000000001776 ) ;
#2706 = LOCAL_TIME ( 13, 28, 22.00000000000000000, #1619 ) ;
#2707 = EDGE_LOOP ( 'NONE', ( #651, #3039, #533, #941 ) ) ;
#2708 = EDGE_CURVE ( 'NONE', #1149, #1313, #29, .T. ) ;
#2709 = ORIENTED_EDGE ( 'NONE', *, *, #1902, .T. ) ;
#2710 = DIRECTION ( 'NONE',  ( 0.000000000000000000, 0.000000000000000000, 1.000000000000000000 ) ) ;
#2711 = FACE_OUTER_BOUND ( 'NONE', #1819, .T. ) ;
#2712 = VERTEX_POINT ( 'NONE', #2847 ) ;
#2713 = CARTESIAN_POINT ( 'NONE',  ( 218.0000000000000568, -2.549999999999992273, 212.7500000005748007 ) ) ;
#2714 = EDGE_CURVE ( 'NONE', #1477, #3009, #51, .T. ) ;
#2715 = DIRECTION ( 'NONE',  ( 8.659560562354932858E-17, -0.7071067811865474617, 0.7071067811865474617 ) ) ;
#2716 = DIRECTION ( 'NONE',  ( 0.000000000000000000, 0.000000000000000000, 1.000000000000000000 ) ) ;
#2717 = DIRECTION ( 'NONE',  ( 0.000000000000000000, 0.000000000000000000, -1.000000000000000000 ) ) ;
#2718 = EDGE_LOOP ( 'NONE', ( #2988, #643, #37, #977 ) ) ;
#2719 = VECTOR ( 'NONE', #2616, 1000.000000000000000 ) ;
#2720 = FACE_OUTER_BOUND ( 'NONE', #1379, .T. ) ;
#2721 = DIRECTION ( 'NONE',  ( -0.000000000000000000, -1.000000000000000000, -0.000000000000000000 ) ) ;
#2722 = ORIENTED_EDGE ( 'NONE', *, *, #34, .T. ) ;
#2723 = DATE_AND_TIME ( #393, #825 ) ;
#2724 = ORIENTED_EDGE ( 'NONE', *, *, #1952, .T. ) ;
#2725 = EDGE_CURVE ( 'NONE', #2609, #2768, #1630, .T. ) ;
#2726 = DIRECTION ( 'NONE',  ( 0.000000000000000000, -0.7071067811865479058, -0.7071067811865472397 ) ) ;
#2727 = AXIS2_PLACEMENT_3D ( 'NONE', #1153, #919, #688 ) ;
#2728 = FACE_OUTER_BOUND ( 'NONE', #1300, .T. ) ;
#2729 = ORIENTED_EDGE ( 'NONE', *, *, #2380, .F. ) ;
#2730 = CARTESIAN_POINT ( 'NONE',  ( -218.0000000000000568, 0.000000000000000000, 212.7500000005739480 ) ) ;
#2731 = DIRECTION ( 'NONE',  ( 0.000000000000000000, -0.000000000000000000, 1.000000000000000000 ) ) ;
#2732 = DIRECTION ( 'NONE',  ( 0.000000000000000000, 1.000000000000000000, 0.000000000000000000 ) ) ;
#2733 = CIRCLE ( 'NONE', #364, 258.0000000000000000 ) ;
#2734 = EDGE_CURVE ( 'NONE', #2495, #1620, #2025, .T. ) ;
#2735 = CARTESIAN_POINT ( 'NONE',  ( -247.9999999999999432, -2.549999999999992273, -208.2500000005757386 ) ) ;
#2736 = LINE ( 'NONE', #2309, #2967 ) ;
#2737 = DIRECTION ( 'NONE',  ( 0.000000000000000000, 0.000000000000000000, 1.000000000000000000 ) ) ;
#2738 = AXIS2_PLACEMENT_3D ( 'NONE', #2051, #2490, #1519 ) ;
#2739 = ORIENTED_EDGE ( 'NONE', *, *, #319, .F. ) ;
#2740 = APPLICATION_PROTOCOL_DEFINITION ( 'international standard', 'config_control_design', 1994, #1005 ) ;
#2741 = ORIENTED_EDGE ( 'NONE', *, *, #566, .F. ) ;
#2742 = DIRECTION ( 'NONE',  ( 0.000000000000000000, 0.000000000000000000, -1.000000000000000000 ) ) ;
#2743 = CARTESIAN_POINT ( 'NONE',  ( -4.294082921098063224E-13, 0.000000000000000000, 426.2500000005744027 ) ) ;
#2744 = AXIS2_PLACEMENT_3D ( 'NONE', #1288, #613, #2701 ) ;
#2745 = VERTEX_POINT ( 'NONE', #929 ) ;
#2746 = DIRECTION ( 'NONE',  ( 0.000000000000000000, 0.000000000000000000, -1.000000000000000000 ) ) ;
#2747 = DIRECTION ( 'NONE',  ( 0.000000000000000000, 0.000000000000000000, -1.000000000000000000 ) ) ;
#2748 = UNCERTAINTY_MEASURE_WITH_UNIT (LENGTH_MEASURE( 1.000000000000000082E-05 ), #2339, 'distance_accuracy_value', 'NONE');
#2749 = DIRECTION ( 'NONE',  ( -0.000000000000000000, -1.000000000000000000, -0.000000000000000000 ) ) ;
#2750 = CIRCLE ( 'NONE', #1171, 4.700000000000009948 ) ;
#2751 = DIRECTION ( 'NONE',  ( 0.000000000000000000, 1.000000000000000000, 0.000000000000000000 ) ) ;
#2752 = VERTEX_POINT ( 'NONE', #736 ) ;
#2753 = DIRECTION ( 'NONE',  ( -0.000000000000000000, -1.000000000000000000, -0.000000000000000000 ) ) ;
#2754 = CARTESIAN_POINT ( 'NONE',  ( -263.0000000000000000, -14.00000000000000000, -9.578070179992912160E-13 ) ) ;
#2755 = VERTEX_POINT ( 'NONE', #1660 ) ;
#2756 = EDGE_CURVE ( 'NONE', #1165, #161, #2274, .T. ) ;
#2757 = APPROVAL_ROLE ( '' ) ;
#2758 = ORIENTED_EDGE ( 'NONE', *, *, #2345, .T. ) ;
#2759 = DIRECTION ( 'NONE',  ( 0.000000000000000000, 0.000000000000000000, 1.000000000000000000 ) ) ;
#2760 = SECURITY_CLASSIFICATION ( '', '', #1717 ) ;
#2761 = LINE ( 'NONE', #2079, #847 ) ;
#2762 = LOCAL_TIME ( 13, 28, 22.00000000000000000, #2465 ) ;
#2763 = EDGE_LOOP ( 'NONE', ( #1363, #1351 ) ) ;
#2764 = CARTESIAN_POINT ( 'NONE',  ( -4.294082921098063224E-13, 0.000000000000000000, 428.5000000005743459 ) ) ;
#2765 = FACE_OUTER_BOUND ( 'NONE', #837, .T. ) ;
#2766 = LINE ( 'NONE', #2288, #193 ) ;
#2767 = DIRECTION ( 'NONE',  ( -2.637109322142814623E-16, 0.000000000000000000, 1.000000000000000000 ) ) ;
#2768 = VERTEX_POINT ( 'NONE', #262 ) ;
#2769 = EDGE_CURVE ( 'NONE', #2422, #1937, #2672, .T. ) ;
#2770 = CARTESIAN_POINT ( 'NONE',  ( 2.093636419235747936E-13, -5.000000000000000000, -426.2500000005753122 ) ) ;
#2771 = APPROVAL ( #868, 'UNSPECIFIED' ) ;
#2772 = ORIENTED_EDGE ( 'NONE', *, *, #1622, .T. ) ;
#2773 = AXIS2_PLACEMENT_3D ( 'NONE', #155, #2039, #635 ) ;
#2774 = EDGE_CURVE ( 'NONE', #2077, #773, #1889, .T. ) ;
#2775 = DATE_AND_TIME ( #2548, #3004 ) ;
#2776 = ORIENTED_EDGE ( 'NONE', *, *, #1164, .F. ) ;
#2777 = DIRECTION ( 'NONE',  ( 0.000000000000000000, 0.000000000000000000, -1.000000000000000000 ) ) ;
#2778 = DIRECTION ( 'NONE',  ( 0.000000000000000000, 0.000000000000000000, 1.000000000000000000 ) ) ;
#2779 = EDGE_LOOP ( 'NONE', ( #1739, #1804, #621, #2663 ) ) ;
#2780 = CIRCLE ( 'NONE', #652, 2.249999999999974243 ) ;
#2781 = CYLINDRICAL_SURFACE ( 'NONE', #2048, 208.0000000000000000 ) ;
#2782 = DIRECTION ( 'NONE',  ( 0.000000000000000000, 0.000000000000000000, -1.000000000000000000 ) ) ;
#2783 = CARTESIAN_POINT ( 'NONE',  ( 0.000000000000000000, 0.000000000000000000, 0.000000000000000000 ) ) ;
#2784 = CIRCLE ( 'NONE', #2877, 4.699999999999981526 ) ;
#2785 = ORIENTED_EDGE ( 'NONE', *, *, #851, .F. ) ;
#2786 = DIRECTION ( 'NONE',  ( 0.000000000000000000, 0.000000000000000000, -1.000000000000000000 ) ) ;
#2787 = CARTESIAN_POINT ( 'NONE',  ( 248.0000000000000000, -2.549999999999992273, 2.775557561562891351E-14 ) ) ;
#2788 = ORIENTED_EDGE ( 'NONE', *, *, #207, .T. ) ;
#2789 = CIRCLE ( 'NONE', #1102, 4.700000000000009948 ) ;
#2790 = CONICAL_SURFACE ( 'NONE', #1455, 4.699999999999981526, 0.7853981633974479459 ) ;
#2791 = DATE_AND_TIME ( #668, #637 ) ;
#2792 = VERTEX_POINT ( 'NONE', #247 ) ;
#2793 = CARTESIAN_POINT ( 'NONE',  ( 248.0000000000000568, -5.000000000000001776, -215.2000000005747324 ) ) ;
#2794 = DIRECTION ( 'NONE',  ( -0.000000000000000000, -1.000000000000000000, -0.000000000000000000 ) ) ;
#2795 = EDGE_CURVE ( 'NONE', #2396, #84, #2588, .T. ) ;
#2796 = ORIENTED_EDGE ( 'NONE', *, *, #2326, .T. ) ;
#2797 = CARTESIAN_POINT ( 'NONE',  ( -258.0000000000000000, -14.00000000000000000, -9.568885328999308160E-13 ) ) ;
#2798 = LINE ( 'NONE', #2370, #250 ) ;
#2799 = ADVANCED_FACE ( 'NONE', ( #1405 ), #842, .F. ) ;
#2800 = ORIENTED_EDGE ( 'NONE', *, *, #713, .F. ) ;
#2801 = AXIS2_PLACEMENT_3D ( 'NONE', #592, #2267, #1559 ) ;
#2802 = CARTESIAN_POINT ( 'NONE',  ( 218.0000000000000568, -5.000000000000000000, 212.7500000005748007 ) ) ;
#2803 = DIRECTION ( 'NONE',  ( 0.000000000000000000, 0.000000000000000000, 1.000000000000000000 ) ) ;
#2804 = ORIENTED_EDGE ( 'NONE', *, *, #1723, .F. ) ;
#2805 = DATE_AND_TIME ( #178, #2855 ) ;
#2806 = VERTEX_POINT ( 'NONE', #57 ) ;
#2807 = DIRECTION ( 'NONE',  ( 0.000000000000000000, 1.000000000000000000, 0.000000000000000000 ) ) ;
#2808 = EDGE_CURVE ( 'NONE', #1132, #2354, #1961, .T. ) ;
#2809 = DIRECTION ( 'NONE',  ( -0.000000000000000000, -1.000000000000000000, -0.000000000000000000 ) ) ;
#2810 = ORIENTED_EDGE ( 'NONE', *, *, #2457, .F. ) ;
#2811 = CIRCLE ( 'NONE', #139, 258.0000000000000000 ) ;
#2812 = PLANE ( 'NONE',  #1801 ) ;
#2813 = CARTESIAN_POINT ( 'NONE',  ( -5.551115123125779547E-14, 0.000000000000000000, 210.5000000005743175 ) ) ;
#2814 =( LENGTH_UNIT ( ) NAMED_UNIT ( * ) SI_UNIT ( .MILLI., .METRE. ) );
#2815 = APPROVAL_PERSON_ORGANIZATION ( #1182, #895, #1895 ) ;
#2816 = ORIENTED_EDGE ( 'NONE', *, *, #1062, .F. ) ;
#2817 = EDGE_CURVE ( 'NONE', #2994, #728, #1388, .T. ) ;
#2818 = CARTESIAN_POINT ( 'NONE',  ( 2.090880963937666585E-13, -5.000000000000000000, -430.7500000005752554 ) ) ;
#2819 = CARTESIAN_POINT ( 'NONE',  ( -258.0000000000000568, 0.000000000000000000, 210.5000000005738343 ) ) ;
#2820 = VERTEX_POINT ( 'NONE', #2445 ) ;
#2821 = PERSON_AND_ORGANIZATION ( #515, #2211 ) ;
#2822 = ORIENTED_EDGE ( 'NONE', *, *, #27, .T. ) ;
#2823 = CARTESIAN_POINT ( 'NONE',  ( 262.9999999999999432, -14.00000000000000000, 210.5000000005748575 ) ) ;
#2824 = AXIS2_PLACEMENT_3D ( 'NONE', #199, #2116, #1427 ) ;
#2825 = EDGE_CURVE ( 'NONE', #1997, #1180, #2903, .T. ) ;
#2826 = VECTOR ( 'NONE', #2003, 999.9999999999998863 ) ;
#2827 = ORIENTED_EDGE ( 'NONE', *, *, #1693, .T. ) ;
#2828 = DIRECTION ( 'NONE',  ( 0.000000000000000000, 0.000000000000000000, -1.000000000000000000 ) ) ;
#2829 = LINE ( 'NONE', #186, #647 ) ;
#2830 =( LENGTH_UNIT ( ) NAMED_UNIT ( * ) SI_UNIT ( .MILLI., .METRE. ) );
#2831 = APPROVAL ( #2212, 'UNSPECIFIED' ) ;
#2832 = ORIENTED_EDGE ( 'NONE', *, *, #2574, .F. ) ;
#2833 = DIRECTION ( 'NONE',  ( 0.000000000000000000, 1.000000000000000000, 0.000000000000000000 ) ) ;
#2834 = EDGE_CURVE ( 'NONE', #1149, #1387, #2670, .T. ) ;
#2835 = DIRECTION ( 'NONE',  ( 0.000000000000000000, 1.000000000000000000, 0.000000000000000000 ) ) ;
#2836 = CARTESIAN_POINT ( 'NONE',  ( -5.551115123125779547E-14, 0.000000000000000000, 468.5000000005743459 ) ) ;
#2837 = ADVANCED_FACE ( 'NONE', ( #767 ), #2461, .F. ) ;
#2838 = VECTOR ( 'NONE', #745, 999.9999999999998863 ) ;
#2839 = VECTOR ( 'NONE', #1598, 1000.000000000000000 ) ;
#2840 = SHAPE_DEFINITION_REPRESENTATION ( #527, #3045 ) ;
#2841 = VERTEX_POINT ( 'NONE', #1464 ) ;
#2842 = EDGE_CURVE ( 'NONE', #689, #2695, #750, .T. ) ;
#2843 = ORIENTED_EDGE ( 'NONE', *, *, #631, .T. ) ;
#2844 = CARTESIAN_POINT ( 'NONE',  ( 218.0000000000000568, -2.549999999999992273, -208.2500000005747438 ) ) ;
#2845 = LINE ( 'NONE', #1612, #785 ) ;
#2846 = ORIENTED_EDGE ( 'NONE', *, *, #355, .T. ) ;
#2847 = CARTESIAN_POINT ( 'NONE',  ( -218.0000000000000284, -2.549999999999992273, -2.250000000000889955 ) ) ;
#2848 = CARTESIAN_POINT ( 'NONE',  ( 258.0000000000000000, -14.00000000000000000, 4.739383112700257176E-14 ) ) ;
#2849 = PERSON_AND_ORGANIZATION ( #515, #2211 ) ;
#2850 = VERTEX_POINT ( 'NONE', #1274 ) ;
#2851 = ADVANCED_FACE ( 'NONE', ( #1713 ), #2175, .T. ) ;
#2852 = ORIENTED_EDGE ( 'NONE', *, *, #1772, .T. ) ;
#2853 = CARTESIAN_POINT ( 'NONE',  ( 218.0000000000000568, 0.000000000000000000, 212.7500000005748007 ) ) ;
#2854 = CARTESIAN_POINT ( 'NONE',  ( -5.359290891145005483E-13, -5.000000000000001776, 458.5000000005743459 ) ) ;
#2855 = LOCAL_TIME ( 13, 28, 22.00000000000000000, #2298 ) ;
#2856 = ORIENTED_EDGE ( 'NONE', *, *, #2817, .T. ) ;
#2857 = CARTESIAN_POINT ( 'NONE',  ( 248.0000000000000000, -5.000000000000001776, 2.775557561562891351E-14 ) ) ;
#2858 = EDGE_CURVE ( 'NONE', #589, #3017, #2766, .T. ) ;
#2859 = FACE_BOUND ( 'NONE', #1835, .T. ) ;
#2860 = ADVANCED_FACE ( 'NONE', ( #2657 ), #594, .F. ) ;
#2861 = CARTESIAN_POINT ( 'NONE',  ( -5.551115123125779547E-14, -14.00000000000000000, 468.5000000005743459 ) ) ;
#2862 = APPROVAL ( #832, 'UNSPECIFIED' ) ;
#2863 = APPROVAL_ROLE ( '' ) ;
#2864 = ORIENTED_EDGE ( 'NONE', *, *, #697, .F. ) ;
#2865 = ORIENTED_EDGE ( 'NONE', *, *, #1748, .F. ) ;
#2866 = AXIS2_PLACEMENT_3D ( 'NONE', #1389, #2373, #235 ) ;
#2867 = DIRECTION ( 'NONE',  ( 0.000000000000000000, 0.000000000000000000, 1.000000000000000000 ) ) ;
#2868 = DIRECTION ( 'NONE',  ( 0.000000000000000000, 0.000000000000000000, -1.000000000000000000 ) ) ;
#2869 = ADVANCED_FACE ( 'NONE', ( #1479 ), #1496, .F. ) ;
#2870 = AXIS2_PLACEMENT_3D ( 'NONE', #1755, #423, #2716 ) ;
#2871 = ORIENTED_EDGE ( 'NONE', *, *, #667, .T. ) ;
#2872 = FACE_BOUND ( 'NONE', #296, .T. ) ;
#2873 = FACE_OUTER_BOUND ( 'NONE', #1072, .T. ) ;
#2874 = CIRCLE ( 'NONE', #793, 2.249999999999974243 ) ;
#2875 = DIRECTION ( 'NONE',  ( -0.000000000000000000, -1.000000000000000000, -0.000000000000000000 ) ) ;
#2876 = PRODUCT ( '072-93083', '072-93083', '', ( #429 ) ) ;
#2877 = AXIS2_PLACEMENT_3D ( 'NONE', #518, #2667, #763 ) ;
#2878 = PERSON_AND_ORGANIZATION_ROLE ( 'classification_officer' ) ;
#2879 = ORIENTED_EDGE ( 'NONE', *, *, #1189, .F. ) ;
#2880 = VECTOR ( 'NONE', #1955, 999.9999999999998863 ) ;
#2881 = ORIENTED_EDGE ( 'NONE', *, *, #2842, .F. ) ;
#2882 = DIRECTION ( 'NONE',  ( -0.000000000000000000, -1.000000000000000000, -0.000000000000000000 ) ) ;
#2883 = AXIS2_PLACEMENT_3D ( 'NONE', #3007, #2807, #3056 ) ;
#2884 = ADVANCED_FACE ( 'NONE', ( #2193 ), #1217, .F. ) ;
#2885 = CARTESIAN_POINT ( 'NONE',  ( -248.0000000000000568, -2.549999999999992273, 208.2500000005738059 ) ) ;
#2886 = CIRCLE ( 'NONE', #1948, 2.249999999999974243 ) ;
#2887 = VERTEX_POINT ( 'NONE', #1006 ) ;
#2888 = FACE_OUTER_BOUND ( 'NONE', #596, .T. ) ;
#2889 = ADVANCED_FACE ( 'NONE', ( #779, #2161, #2208, #42, #978, #1726, #87, #1021, #1971, #100, #2872, #563, #792, #1741, #2688, #1034, #2933, #2629 ), #578, .F. ) ;
#2890 = CARTESIAN_POINT ( 'NONE',  ( -5.551115123125779547E-14, -14.00000000000000000, 210.5000000005743175 ) ) ;
#2891 = PLANE ( 'NONE',  #1261 ) ;
#2892 = ADVANCED_FACE ( 'NONE', ( #2702 ), #1341, .F. ) ;
#2893 = CARTESIAN_POINT ( 'NONE',  ( 258.0000000000000568, 0.000000000000000000, -210.5000000005747438 ) ) ;
#2894 = CIRCLE ( 'NONE', #768, 2.249999999999974243 ) ;
#2895 = COORDINATED_UNIVERSAL_TIME_OFFSET ( 1, 0, .AHEAD. ) ;
#2896 = VERTEX_POINT ( 'NONE', #2053 ) ;
#2897 = EDGE_LOOP ( 'NONE', ( #2982, #948, #917, #827 ) ) ;
#2898 = EDGE_CURVE ( 'NONE', #2453, #2850, #824, .T. ) ;
#2899 = CARTESIAN_POINT ( 'NONE',  ( 208.0000000000000284, -5.000000000000000000, 4.739383112700257176E-14 ) ) ;
#2900 = CARTESIAN_POINT ( 'NONE',  ( -5.551115123125779547E-14, -5.000000000000000000, 210.5000000005743175 ) ) ;
#2901 = ORIENTED_EDGE ( 'NONE', *, *, #2834, .T. ) ;
#2902 = DIRECTION ( 'NONE',  ( 0.000000000000000000, 0.000000000000000000, -1.000000000000000000 ) ) ;
#2903 = LINE ( 'NONE', #2645, #1647 ) ;
#2904 = ADVANCED_FACE ( 'NONE', ( #117 ), #2969, .F. ) ;
#2905 = CARTESIAN_POINT ( 'NONE',  ( -218.0000000000000000, -5.000000000000001776, -210.5000000005757670 ) ) ;
#2906 =( GEOMETRIC_REPRESENTATION_CONTEXT ( 3 ) GLOBAL_UNCERTAINTY_ASSIGNED_CONTEXT ( ( #2160 ) ) GLOBAL_UNIT_ASSIGNED_CONTEXT ( ( #2814, #244, #2357 ) ) REPRESENTATION_CONTEXT ( 'NONE', 'WORKASPACE' ) );
#2907 = CARTESIAN_POINT ( 'NONE',  ( 218.0000000000000568, -5.000000000000001776, -205.8000000005747552 ) ) ;
#2908 = CC_DESIGN_APPROVAL ( #2955, ( #2520 ) ) ;
#2909 = APPROVAL_STATUS ( 'not_yet_approved' ) ;
#2910 = VERTEX_POINT ( 'NONE', #859 ) ;
#2911 = ORIENTED_EDGE ( 'NONE', *, *, #1469, .F. ) ;
#2912 = DIRECTION ( 'NONE',  ( 0.000000000000000000, 0.000000000000000000, -1.000000000000000000 ) ) ;
#2913 = CARTESIAN_POINT ( 'NONE',  ( -218.0000000000000568, -5.000000000000001776, 210.5000000005739480 ) ) ;
#2914 = VECTOR ( 'NONE', #940, 1000.000000000000000 ) ;
#2915 = ORIENTED_EDGE ( 'NONE', *, *, #2940, .F. ) ;
#2916 = ORIENTED_EDGE ( 'NONE', *, *, #1520, .F. ) ;
#2917 = CARTESIAN_POINT ( 'NONE',  ( 248.0000000000000568, -5.000000000000001776, -210.5000000005747438 ) ) ;
#2918 = AXIS2_PLACEMENT_3D ( 'NONE', #708, #1205, #219 ) ;
#2919 = CARTESIAN_POINT ( 'NONE',  ( -207.9999999999999432, -5.000000000000000000, -210.5000000005756817 ) ) ;
#2920 = FACE_OUTER_BOUND ( 'NONE', #1859, .T. ) ;
#2921 = VECTOR ( 'NONE', #2405, 1000.000000000000000 ) ;
#2922 = EDGE_CURVE ( 'NONE', #132, #1513, #3012, .T. ) ;
#2923 = CALENDAR_DATE ( 2026, 22, 4 ) ;
#2924 = ORIENTED_EDGE ( 'NONE', *, *, #816, .T. ) ;
#2925 = AXIS2_PLACEMENT_3D ( 'NONE', #2410, #1737, #835 ) ;
#2926 = ORIENTED_EDGE ( 'NONE', *, *, #531, .T. ) ;
#2927 = DIRECTION ( 'NONE',  ( 0.000000000000000000, 0.000000000000000000, -1.000000000000000000 ) ) ;
#2928 = CYLINDRICAL_SURFACE ( 'NONE', #2676, 2.249999999999974243 ) ;
#2929 = AXIS2_PLACEMENT_3D ( 'NONE', #2130, #493, #1201 ) ;
#2930 = ORIENTED_EDGE ( 'NONE', *, *, #801, .T. ) ;
#2931 = LINE ( 'NONE', #486, #2043 ) ;
#2932 = CARTESIAN_POINT ( 'NONE',  ( 248.0000000000000000, -5.000000000000001776, 4.700000000000009948 ) ) ;
#2933 = FACE_BOUND ( 'NONE', #1852, .T. ) ;
#2934 = AXIS2_PLACEMENT_3D ( 'NONE', #115, #1320, #1086 ) ;
#2935 = DIRECTION ( 'NONE',  ( -0.000000000000000000, -1.000000000000000000, -0.000000000000000000 ) ) ;
#2936 = ORIENTED_EDGE ( 'NONE', *, *, #2644, .T. ) ;
#2937 = CARTESIAN_POINT ( 'NONE',  ( -247.9999999999999432, 0.000000000000000000, -210.5000000005757386 ) ) ;
#2938 = DIRECTION ( 'NONE',  ( 0.000000000000000000, 1.000000000000000000, 0.000000000000000000 ) ) ;
#2939 = ORIENTED_EDGE ( 'NONE', *, *, #1410, .T. ) ;
#2940 = EDGE_CURVE ( 'NONE', #528, #370, #408, .T. ) ;
#2941 = ORIENTED_EDGE ( 'NONE', *, *, #2134, .F. ) ;
#2942 = DIRECTION ( 'NONE',  ( 0.000000000000000000, 0.000000000000000000, -1.000000000000000000 ) ) ;
#2943 = CARTESIAN_POINT ( 'NONE',  ( 257.9999999999999432, -14.00000000000000000, 210.5000000005747722 ) ) ;
#2944 = ORIENTED_EDGE ( 'NONE', *, *, #2285, .F. ) ;
#2945 = CARTESIAN_POINT ( 'NONE',  ( 218.0000000000000568, -2.549999999999992273, -2.249999999999974243 ) ) ;
#2946 = CARTESIAN_POINT ( 'NONE',  ( 218.0000000000000568, -5.000000000000000000, 210.5000000005748007 ) ) ;
#2947 = LINE ( 'NONE', #593, #2826 ) ;
#2948 = DIRECTION ( 'NONE',  ( 8.659560562354932858E-17, -0.7071067811865474617, 0.7071067811865474617 ) ) ;
#2949 = DIRECTION ( 'NONE',  ( 0.000000000000000000, -0.7071067811865479058, -0.7071067811865472397 ) ) ;
#2950 = EDGE_CURVE ( 'NONE', #2011, #1319, #2947, .T. ) ;
#2951 = DIRECTION ( 'NONE',  ( -0.000000000000000000, -1.000000000000000000, -0.000000000000000000 ) ) ;
#2952 = PRODUCT_DEFINITION_FORMATION_WITH_SPECIFIED_SOURCE ( 'ANY', '', #1468, .NOT_KNOWN. ) ;
#2953 = ORIENTED_EDGE ( 'NONE', *, *, #1441, .F. ) ;
#2954 = LOCAL_TIME ( 13, 28, 22.00000000000000000, #1234 ) ;
#2955 = APPROVAL ( #798, 'UNKNOWN' ) ;
#2956 = DATE_TIME_ROLE ( 'classification_date' ) ;
#2957 = VERTEX_POINT ( 'NONE', #151 ) ;
#2958 = LINE ( 'NONE', #1331, #112 ) ;
#2959 = DIRECTION ( 'NONE',  ( 0.000000000000000000, 0.000000000000000000, -1.000000000000000000 ) ) ;
#2960 = ORIENTED_EDGE ( 'NONE', *, *, #1996, .F. ) ;
#2961 = CARTESIAN_POINT ( 'NONE',  ( -218.0000000000000284, -5.000000000000001776, -4.700000000000898126 ) ) ;
#2962 = EDGE_CURVE ( 'NONE', #638, #2712, #1532, .T. ) ;
#2963 = LINE ( 'NONE', #2034, #920 ) ;
#2964 = CARTESIAN_POINT ( 'NONE',  ( -5.359290891145005483E-13, -5.000000000000001776, 458.5000000005743459 ) ) ;
#2965 = CARTESIAN_POINT ( 'NONE',  ( -218.0000000000000568, -5.000000000000000000, 212.7500000005739480 ) ) ;
#2966 = ORIENTED_EDGE ( 'NONE', *, *, #168, .F. ) ;
#2967 = VECTOR ( 'NONE', #2753, 1000.000000000000000 ) ;
#2968 = DIRECTION ( 'NONE',  ( 0.000000000000000000, -0.7071067811865479058, -0.7071067811865472397 ) ) ;
#2969 = CONICAL_SURFACE ( 'NONE', #545, 4.700000000000009948, 0.7853981633974479459 ) ;
#2970 = EDGE_LOOP ( 'NONE', ( #2600, #481 ) ) ;
#2971 = ORIENTED_EDGE ( 'NONE', *, *, #1680, .T. ) ;
#2972 = CARTESIAN_POINT ( 'NONE',  ( -247.9999999999999432, -2.549999999999992273, -210.5000000005757386 ) ) ;
#2973 = AXIS2_PLACEMENT_3D ( 'NONE', #1500, #45, #60 ) ;
#2974 = DIRECTION ( 'NONE',  ( -0.000000000000000000, -1.000000000000000000, -0.000000000000000000 ) ) ;
#2975 = ORIENTED_EDGE ( 'NONE', *, *, #2350, .T. ) ;
#2976 = CARTESIAN_POINT ( 'NONE',  ( 218.0000000000000568, 0.000000000000000000, 208.2500000005748007 ) ) ;
#2977 = AXIS2_PLACEMENT_3D ( 'NONE', #1317, #2502, #2710 ) ;
#2978 = CARTESIAN_POINT ( 'NONE',  ( -218.0000000000000000, -5.000000000000001776, -210.5000000005757670 ) ) ;
#2979 = DIRECTION ( 'NONE',  ( -0.000000000000000000, -1.000000000000000000, -0.000000000000000000 ) ) ;
#2980 = CIRCLE ( 'NONE', #224, 4.699999999999981526 ) ;
#2981 = FACE_OUTER_BOUND ( 'NONE', #3043, .T. ) ;
#2982 = ORIENTED_EDGE ( 'NONE', *, *, #1924, .F. ) ;
#2983 = EDGE_CURVE ( 'NONE', #2234, #48, #1576, .T. ) ;
#2984 = FACE_OUTER_BOUND ( 'NONE', #2401, .T. ) ;
#2985 = CIRCLE ( 'NONE', #615, 4.700000000000009948 ) ;
#2986 = CARTESIAN_POINT ( 'NONE',  ( -248.0000000000000000, -5.000000000000000000, -2.250000000000959677 ) ) ;
#2987 = CIRCLE ( 'NONE', #2196, 2.249999999999974243 ) ;
#2988 = ORIENTED_EDGE ( 'NONE', *, *, #2714, .T. ) ;
#2989 = EDGE_LOOP ( 'NONE', ( #1279, #2270, #1103, #1691 ) ) ;
#2990 = DIRECTION ( 'NONE',  ( -0.000000000000000000, -1.000000000000000000, -0.000000000000000000 ) ) ;
#2991 = DIRECTION ( 'NONE',  ( 0.000000000000000000, 1.000000000000000000, 0.000000000000000000 ) ) ;
#2992 = ADVANCED_FACE ( 'NONE', ( #2018 ), #2135, .F. ) ;
#2993 = CIRCLE ( 'NONE', #673, 4.699999999999981526 ) ;
#2994 = VERTEX_POINT ( 'NONE', #1539 ) ;
#2995 = DIRECTION ( 'NONE',  ( -0.000000000000000000, -1.000000000000000000, -0.000000000000000000 ) ) ;
#2996 = CARTESIAN_POINT ( 'NONE',  ( 208.0000000000000284, 0.000000000000000000, 210.5000000005746870 ) ) ;
#2997 = CARTESIAN_POINT ( 'NONE',  ( 248.0000000000000000, -5.000000000000001776, 2.775557561562891351E-14 ) ) ;
#2998 = AXIS2_PLACEMENT_3D ( 'NONE', #564, #291, #1972 ) ;
#2999 = DIRECTION ( 'NONE',  ( 0.000000000000000000, 1.000000000000000000, 0.000000000000000000 ) ) ;
#3000 = CYLINDRICAL_SURFACE ( 'NONE', #743, 2.249999999999974243 ) ;
#3001 = EDGE_CURVE ( 'NONE', #2318, #424, #1888, .T. ) ;
#3002 = CARTESIAN_POINT ( 'NONE',  ( -4.294082921098063224E-13, -5.000000000000001776, 428.5000000005743459 ) ) ;
#3003 = VERTEX_POINT ( 'NONE', #841 ) ;
#3004 = LOCAL_TIME ( 13, 28, 22.00000000000000000, #2076 ) ;
#3005 = PERSON_AND_ORGANIZATION ( #515, #2211 ) ;
#3006 = EDGE_LOOP ( 'NONE', ( #1734, #2544, #321, #950 ) ) ;
#3007 = CARTESIAN_POINT ( 'NONE',  ( 218.0000000000000568, 0.000000000000000000, 210.5000000005748007 ) ) ;
#3008 = CARTESIAN_POINT ( 'NONE',  ( -5.353535051189013360E-13, -5.000000000000001776, 463.2000000005743345 ) ) ;
#3009 = VERTEX_POINT ( 'NONE', #2524 ) ;
#3010 = CARTESIAN_POINT ( 'NONE',  ( -5.551115123125779547E-14, 0.000000000000000000, 473.5000000005743459 ) ) ;
#3011 = DIRECTION ( 'NONE',  ( 0.000000000000000000, 0.000000000000000000, 1.000000000000000000 ) ) ;
#3012 = LINE ( 'NONE', #1823, #300 ) ;
#3013 = ORIENTED_EDGE ( 'NONE', *, *, #2162, .T. ) ;
#3014 = CARTESIAN_POINT ( 'NONE',  ( -5.551115123125779547E-14, 0.000000000000000000, 468.5000000005743459 ) ) ;
#3015 = LINE ( 'NONE', #3, #1206 ) ;
#3016 = CIRCLE ( 'NONE', #402, 2.250000000000001776 ) ;
#3017 = VERTEX_POINT ( 'NONE', #1053 ) ;
#3018 = EDGE_CURVE ( 'NONE', #887, #1428, #2371, .T. ) ;
#3019 = VECTOR ( 'NONE', #2949, 999.9999999999998863 ) ;
#3020 = DATE_AND_TIME ( #2313, #532 ) ;
#3021 = ORIENTED_EDGE ( 'NONE', *, *, #1873, .F. ) ;
#3022 = FACE_OUTER_BOUND ( 'NONE', #2989, .T. ) ;
#3023 = CYLINDRICAL_SURFACE ( 'NONE', #1690, 2.249999999999988010 ) ;
#3024 = EDGE_CURVE ( 'NONE', #680, #2615, #1820, .T. ) ;
#3025 = ORIENTED_EDGE ( 'NONE', *, *, #503, .T. ) ;
#3026 = CIRCLE ( 'NONE', #105, 2.249999999999974243 ) ;
#3027 = CARTESIAN_POINT ( 'NONE',  ( -5.359290891145005483E-13, 0.000000000000000000, 458.5000000005743459 ) ) ;
#3028 = CARTESIAN_POINT ( 'NONE',  ( 218.0000000000000568, -5.000000000000001776, -215.2000000005747609 ) ) ;
#3029 = CARTESIAN_POINT ( 'NONE',  ( 0.000000000000000000, 0.000000000000000000, 0.000000000000000000 ) ) ;
#3030 = AXIS2_PLACEMENT_3D ( 'NONE', #1240, #1914, #1461 ) ;
#3031 = EDGE_LOOP ( 'NONE', ( #2944, #501, #97, #2324 ) ) ;
#3032 = CARTESIAN_POINT ( 'NONE',  ( -248.0000000000000000, 0.000000000000000000, -9.714451465470119729E-13 ) ) ;
#3033 = DIRECTION ( 'NONE',  ( 0.000000000000000000, 0.000000000000000000, -1.000000000000000000 ) ) ;
#3034 = EDGE_CURVE ( 'NONE', #1387, #1524, #1807, .T. ) ;
#3035 = ORIENTED_EDGE ( 'NONE', *, *, #1112, .T. ) ;
#3036 = AXIS2_PLACEMENT_3D ( 'NONE', #1193, #2835, #2803 ) ;
#3037 = VECTOR ( 'NONE', #1305, 999.9999999999998863 ) ;
#3038 = APPROVAL_STATUS ( 'not_yet_approved' ) ;
#3039 = ORIENTED_EDGE ( 'NONE', *, *, #2613, .T. ) ;
#3040 = CARTESIAN_POINT ( 'NONE',  ( 248.0000000000000568, -5.000000000000000000, -210.5000000005747438 ) ) ;
#3041 = CARTESIAN_POINT ( 'NONE',  ( 2.304980839184154185E-13, -2.549999999999992273, -456.2500000005752554 ) ) ;
#3042 = ADVANCED_FACE ( 'NONE', ( #1594 ), #489, .F. ) ;
#3043 = EDGE_LOOP ( 'NONE', ( #2104, #1203, #1617, #1060 ) ) ;
#3044 = DIRECTION ( 'NONE',  ( 0.000000000000000000, 1.000000000000000000, 0.000000000000000000 ) ) ;
#3045 = SHAPE_REPRESENTATION ( '2682209_1', ( #1631 ), #442 ) ;
#3046 = DIRECTION ( 'NONE',  ( 0.000000000000000000, 0.000000000000000000, -1.000000000000000000 ) ) ;
#3047 = VECTOR ( 'NONE', #2767, 1000.000000000000000 ) ;
#3048 = ORIENTED_EDGE ( 'NONE', *, *, #3034, .F. ) ;
#3049 = CIRCLE ( 'NONE', #1010, 4.699999999999981526 ) ;
#3050 = DIRECTION ( 'NONE',  ( 0.000000000000000000, 0.000000000000000000, -1.000000000000000000 ) ) ;
#3051 = CARTESIAN_POINT ( 'NONE',  ( -208.0000000000000853, -5.000000000000000000, 210.5000000005738343 ) ) ;
#3052 = EDGE_LOOP ( 'NONE', ( #2344, #342, #961, #1764 ) ) ;
#3053 = EDGE_CURVE ( 'NONE', #2354, #1758, #2811, .T. ) ;
#3054 = APPROVAL_ROLE ( '' ) ;
#3055 = EDGE_LOOP ( 'NONE', ( #28, #2678, #2170, #1679 ) ) ;
#3056 = DIRECTION ( 'NONE',  ( 0.000000000000000000, 0.000000000000000000, 1.000000000000000000 ) ) ;
#3057 = PRODUCT_RELATED_PRODUCT_CATEGORY ( 'detail', '', ( #2876 ) ) ;
#3058 = ORIENTED_EDGE ( 'NONE', *, *, #1760, .T. ) ;
#3059 = CC_DESIGN_APPROVAL ( #410, ( #570 ) ) ;
#3060 = CARTESIAN_POINT ( 'NONE',  ( 2.093636419235747936E-13, -2.549999999999992273, -426.2500000005753122 ) ) ;
#3061 = LOCAL_TIME ( 13, 28, 22.00000000000000000, #2895 ) ;
#3062 = NEXT_ASSEMBLY_USAGE_OCCURRENCE ( 'NAUO1', ' ', ' ', #983, #570, $ ) ;
#3063 = NEXT_ASSEMBLY_USAGE_OCCURRENCE ( 'NAUO2', ' ', ' ', #983, #570, $ ) ;
#3064 = NEXT_ASSEMBLY_USAGE_OCCURRENCE ( 'NAUO3', ' ', ' ', #983, #855, $ ) ;
ENDSEC;
END-ISO-10303-21;
